firm_id,date,expo_topic_semiconductors,expo_topic_cloud,expo_topic_software,expo_topic_hardware,expo_topic_advertising,expo_topic_social,expo_topic_ecommerce,expo_topic_data,expo_topic_auto
AAPL,2013-09,0.099023,0.101757,0.121,0.124523,0.112569,0.109627,0.118079,0.107534,0.105888
AAPL,2013-12,0.105536,0.109848,0.11756,0.116281,0.106277,0.10418,0.118358,0.114563,0.107398
AAPL,2014-03,0.105269,0.110205,0.117669,0.115953,0.106166,0.104377,0.118738,0.11428,0.107343
AAPL,2014-06,0.105271,0.109576,0.117487,0.116054,0.106063,0.104489,0.119216,0.114399,0.107445
AAPL,2014-09,0.099582,0.099751,0.119679,0.125714,0.112083,0.110569,0.118134,0.108166,0.106323
AAPL,2014-12,0.105548,0.109189,0.118131,0.116097,0.105887,0.104379,0.118214,0.11421,0.108345
AAPL,2015-03,0.10553,0.108902,0.117994,0.116561,0.105871,0.104296,0.118402,0.114197,0.108248
AAPL,2015-06,0.10553,0.108902,0.117994,0.116561,0.105871,0.104296,0.118402,0.114197,0.108248
AAPL,2015-09,0.103119,0.100055,0.116532,0.128051,0.114336,0.106765,0.119217,0.105841,0.106085
AAPL,2015-12,0.105022,0.109707,0.117941,0.116345,0.106172,0.104242,0.118217,0.114469,0.107885
AAPL,2016-03,0.105022,0.109707,0.117941,0.116345,0.106172,0.104242,0.118217,0.114469,0.107885
AAPL,2016-06,0.106034,0.109356,0.117725,0.115603,0.106871,0.102994,0.11808,0.113862,0.109474
AAPL,2016-09,0.100436,0.100707,0.117978,0.127004,0.114159,0.10889,0.118837,0.106282,0.105707
AAPL,2016-12,0.105186,0.109732,0.117986,0.115948,0.106201,0.104225,0.11839,0.114456,0.107876
AAPL,2017-03,0.105186,0.109732,0.117986,0.115948,0.106201,0.104225,0.11839,0.114456,0.107876
AAPL,2017-06,0.105186,0.109732,0.117986,0.115948,0.106201,0.104225,0.11839,0.114456,0.107876
AAPL,2017-09,0.102757,0.1052075,0.117989495,0.1218285,0.1101935,0.106228,0.1184215,0.110203,0.107171506
AAPL,2017-12,0.105181,0.108683,0.119039,0.115711,0.106221,0.10437,0.118917,0.113913,0.107966
AAPL,2018-03,0.105148,0.10875,0.119036,0.115838,0.106276,0.104196,0.118875,0.113976,0.107906
AAPL,2018-06,0.105148,0.10875,0.119036,0.115838,0.106276,0.104196,0.118875,0.113976,0.107906
AAPL,2018-09,0.101255,0.100729,0.11611,0.129999,0.11374,0.109991,0.118226,0.105248,0.104702
AAPL,2018-12,0.104969,0.108824,0.118693,0.116065,0.106102,0.104472,0.118987,0.113748,0.108141
AAPL,2019-03,0.105002,0.108812,0.118791,0.11627,0.106035,0.10455,0.118895,0.113656,0.107989
AAPL,2019-06,0.105002,0.108812,0.118791,0.11627,0.106035,0.10455,0.118895,0.113656,0.107989
AAPL,2019-09,0.106738,0.104707,0.111262,0.136591,0.106173,0.109324,0.109446,0.105788,0.10997
AAPL,2019-12,0.104451,0.109039,0.118509,0.116111,0.105898,0.104707,0.119058,0.114147,0.10808
AAPL,2020-03,0.105872,0.109586,0.118315,0.116819,0.10582,0.10508,0.119692,0.111771,0.107044
AAPL,2020-06,0.105872,0.109586,0.118315,0.116819,0.10582,0.10508,0.119692,0.111771,0.107044
AAPL,2020-09,0.109085,0.107057,0.112592,0.136585,0.102836,0.10737,0.109089,0.105286,0.1101
AAPL,2020-12,0.105662,0.10958,0.118039,0.11715,0.105072,0.105421,0.119427,0.112136,0.107512
AAPL,2021-03,0.105662,0.10958,0.118039,0.11715,0.105072,0.105421,0.119427,0.112136,0.107512
AAPL,2021-06,0.105662,0.10958,0.118039,0.11715,0.105072,0.105421,0.119427,0.112136,0.107512
AAPL,2021-09,0.108208,0.103008,0.109723,0.135254,0.106659,0.108361,0.109651,0.108181,0.110954
AAPL,2021-12,0.105711,0.109549,0.118163,0.117215,0.105154,0.105612,0.119013,0.11202,0.107563
AAPL,2022-03,0.105234,0.109539,0.117868,0.117348,0.105264,0.105307,0.119468,0.112392,0.10758
AAPL,2022-06,0.105234,0.109539,0.117868,0.117348,0.105264,0.105307,0.119468,0.112392,0.10758
AAPL,2022-09,0.105334,0.106185,0.112584,0.136156,0.108138,0.108728,0.109296,0.105354,0.108225
AAPL,2022-12,0.105454,0.10974,0.117676,0.117556,0.105173,0.10513,0.11937,0.112407,0.107494
AAPL,2023-03,0.105454,0.10974,0.117676,0.117556,0.105173,0.10513,0.11937,0.112407,0.107494
AAPL,2023-06,0.104308,0.106826,0.119086,0.116483,0.106813,0.103811,0.121429,0.113438,0.107806
AAPL,2023-09,0.105114505,0.1059385,0.1157895,0.1264405,0.107176,0.106445506,0.115593,0.1095125,0.10799
AAPL,2023-12,0.102876,0.105714,0.118428,0.116138,0.109028,0.104962,0.124256,0.11265,0.105947
AAPL,2024-03,0.102987,0.105771,0.118286,0.116262,0.109118,0.105139,0.12432,0.112569,0.105548
AAPL,2024-06,0.102497,0.105372,0.1197,0.115778,0.109006,0.104134,0.124659,0.112879,0.105976
AAPL,2024-09,0.106122,0.106454,0.112909,0.135794,0.106387,0.107584,0.109532,0.105819,0.109397
AAPL,2024-12,0.102497,0.105372,0.1197,0.115778,0.109006,0.104134,0.124659,0.112879,0.105976
AAPL,2025-03,0.102748,0.105482,0.118987,0.115762,0.109153,0.103804,0.125715,0.112427,0.105922
AAPL,2025-06,0.102819,0.105642,0.11893,0.116088,0.109523,0.103797,0.125008,0.112595,0.105598
AAPL,2025-09,0.105697,0.105751,0.112591,0.135833,0.107515,0.107011,0.1093,0.106101,0.110199
AAPL,2025-12,0.102556,0.105411,0.119034,0.11585,0.109931,0.103959,0.125568,0.112177,0.105515
ADBE,2013-09,0.110178,0.106292,0.126397,0.111687,0.112063,0.096871,0.114602,0.112933,0.108977
ADBE,2013-12,0.112825,0.109009,0.122993,0.115472,0.114995,0.101747,0.107799,0.106563,0.108597
ADBE,2014-03,0.110595,0.106008,0.127233,0.11251,0.111157,0.095926,0.114705,0.112852,0.109014
ADBE,2014-06,0.110619,0.106243,0.125916,0.113049,0.111309,0.096879,0.114822,0.11269,0.108472
ADBE,2014-09,0.110619,0.106243,0.125916,0.113049,0.111309,0.096879,0.114822,0.11269,0.108472
ADBE,2014-12,0.111219,0.109925,0.123389,0.114856,0.116385,0.103097,0.10774,0.10611,0.107279
ADBE,2015-03,0.108927,0.108548,0.127628,0.110448,0.111061,0.097795,0.115457,0.11239,0.107745
ADBE,2015-06,0.108927,0.108548,0.127628,0.110448,0.111061,0.097795,0.115457,0.11239,0.107745
ADBE,2015-09,0.109098,0.108806,0.127554,0.110561,0.110888,0.098138,0.115265,0.111949,0.107741
ADBE,2015-12,0.111746,0.109659,0.122978,0.114825,0.115403,0.103217,0.108054,0.106624,0.107494
ADBE,2016-03,0.109738,0.107252,0.125325,0.109139,0.112682,0.09792,0.115198,0.114377,0.108368
ADBE,2016-06,0.109738,0.107252,0.125325,0.109139,0.112682,0.09792,0.115198,0.114377,0.108368
ADBE,2016-09,0.109738,0.107252,0.125325,0.109139,0.112682,0.09792,0.115198,0.114377,0.108368
ADBE,2016-12,0.112154,0.109527,0.123271,0.114777,0.115475,0.103388,0.107985,0.106243,0.107179
ADBE,2017-03,0.109141,0.107177,0.126107,0.109169,0.113036,0.097923,0.115347,0.114043,0.108057
ADBE,2017-06,0.109141,0.107177,0.126107,0.109169,0.113036,0.097923,0.115347,0.114043,0.108057
ADBE,2017-09,0.109141,0.107177,0.126107,0.109169,0.113036,0.097923,0.115347,0.114043,0.108057
ADBE,2017-12,0.112391,0.109624,0.122032,0.113966,0.116336,0.103601,0.108228,0.106138,0.107684
ADBE,2018-03,0.109456,0.106249,0.124579,0.109123,0.113324,0.098533,0.115116,0.114889,0.10873
ADBE,2018-06,0.109456,0.106249,0.124579,0.109123,0.113324,0.098533,0.115116,0.114889,0.10873
ADBE,2018-09,0.109456,0.106249,0.124579,0.109123,0.113324,0.098533,0.115116,0.114889,0.10873
ADBE,2018-12,0.11127,0.111523,0.122258,0.112576,0.116662,0.104536,0.107746,0.106833,0.106596
ADBE,2019-03,0.108462,0.105406,0.125643,0.108901,0.113926,0.09884,0.115785,0.115213,0.107823
ADBE,2019-06,0.108462,0.105406,0.125643,0.108901,0.113926,0.09884,0.115785,0.115213,0.107823
ADBE,2019-09,0.108462,0.105406,0.125643,0.108901,0.113926,0.09884,0.115785,0.115213,0.107823
ADBE,2019-12,0.110551,0.109411,0.12259,0.113903,0.116951,0.104555,0.108308,0.106784,0.106947
ADBE,2020-03,0.108462,0.105406,0.125643,0.108901,0.113926,0.09884,0.115785,0.115213,0.107823
ADBE,2020-06,0.108841,0.107669,0.1226,0.109887,0.113195,0.102046,0.114843,0.113967,0.106952
ADBE,2020-09,0.108841,0.107669,0.1226,0.109887,0.113195,0.102046,0.114843,0.113967,0.106952
ADBE,2020-12,0.111191,0.109192,0.121474,0.112998,0.116527,0.104454,0.108815,0.106157,0.109191
ADBE,2021-03,0.108639,0.107074,0.121804,0.110595,0.112938,0.102342,0.114055,0.114544,0.108009
ADBE,2021-06,0.108394,0.107054,0.122377,0.110674,0.112378,0.102539,0.11396,0.113942,0.108682
ADBE,2021-09,0.108533,0.107017,0.122324,0.110862,0.112899,0.103006,0.114078,0.113143,0.108138
ADBE,2021-12,0.110953,0.109452,0.120829,0.113888,0.115997,0.105204,0.107993,0.106184,0.1095
ADBE,2022-03,0.109117,0.10664,0.123408,0.111882,0.113499,0.102364,0.113412,0.11243,0.107248
ADBE,2022-06,0.108566,0.106993,0.122456,0.112599,0.112715,0.101617,0.114027,0.112992,0.108034
ADBE,2022-09,0.108551,0.106975,0.122413,0.112564,0.112709,0.101765,0.113924,0.112971,0.108128
ADBE,2022-12,0.110988,0.109489,0.120964,0.113754,0.11601,0.104857,0.108123,0.106186,0.10963
ADBE,2023-03,0.108551,0.106975,0.122413,0.112564,0.112709,0.101765,0.113924,0.112971,0.108128
ADBE,2023-06,0.108265,0.104014,0.124048,0.109708,0.116326,0.099795,0.114856,0.114549,0.108439
ADBE,2023-09,0.108265,0.104014,0.124048,0.109708,0.116326,0.099795,0.114856,0.114549,0.108439
ADBE,2023-12,0.104145,0.113782,0.119526,0.112329,0.115881,0.105996,0.107179,0.110346,0.110816
ADBE,2024-03,0.109643,0.105854,0.11875,0.112424,0.11771,0.098177,0.1133,0.114315,0.109827
ADBE,2024-06,0.109622,0.105722,0.118883,0.112398,0.117669,0.098251,0.11337,0.114379,0.109707
ADBE,2024-09,0.109507,0.105726,0.118817,0.112382,0.117755,0.098159,0.113414,0.114489,0.109752
ADBE,2024-12,0.104437,0.113156,0.12105,0.111731,0.115299,0.105823,0.107337,0.10969,0.111478
ADBE,2025-03,0.109352,0.105211,0.119596,0.112426,0.117515,0.097587,0.113318,0.114444,0.110552
ADBE,2025-06,0.109512,0.105574,0.118737,0.112553,0.118014,0.098328,0.113407,0.114248,0.109627
ADBE,2025-09,0.109373,0.105575,0.118687,0.112526,0.118095,0.098237,0.113462,0.11436,0.109684
ADBE,2025-12,0.108181,0.109782,0.116322,0.114754,0.116777,0.108477,0.111197,0.105966,0.108542
ADI,2013-09,0.104989,0.108308,0.11741,0.109588,0.108544,0.104518,0.123958,0.115623,0.107061
ADI,2013-12,0.123067,0.104819,0.106961,0.120835,0.112908,0.092491,0.113523,0.110899,0.114497
ADI,2014-03,0.105134,0.107705,0.116615,0.110635,0.11031,0.105537,0.122917,0.115434,0.105712
ADI,2014-06,0.105849,0.108923,0.11733,0.109773,0.108561,0.104215,0.122782,0.11641,0.106156
ADI,2014-09,0.105663,0.107851,0.117835,0.109858,0.108295,0.103613,0.123296,0.11646,0.107129
ADI,2014-12,0.122933,0.104704,0.107409,0.120804,0.112552,0.092719,0.113457,0.11083,0.114592
ADI,2015-03,0.113543,0.106059,0.112201,0.11578,0.110603,0.101688,0.118139,0.115494,0.106494
ADI,2015-06,0.106283,0.108619,0.117926,0.11038,0.107392,0.102873,0.12242,0.117356,0.106752
ADI,2015-09,0.105834,0.108365,0.11775,0.110524,0.107019,0.102795,0.123516,0.116948,0.107248
ADI,2015-12,0.128425,0.101776,0.106183,0.128127,0.112006,0.093856,0.107706,0.108498,0.113423
ADI,2016-03,0.106289,0.108811,0.1178,0.110468,0.108108,0.10377,0.122635,0.115722,0.106395
ADI,2016-06,0.106744,0.109346,0.118348,0.110149,0.106528,0.102874,0.123164,0.115889,0.106958
ADI,2016-09,0.109317,0.109494,0.118144,0.110521,0.106289,0.100951,0.121789,0.11566,0.107834
ADI,2016-12,0.128362,0.103448,0.108089,0.126831,0.108231,0.094562,0.107606,0.108556,0.114314
ADI,2017-03,0.111348,0.108711,0.116741,0.110819,0.106846,0.09957,0.120787,0.116115,0.109063
ADI,2017-06,0.111722,0.108139,0.118243,0.111376,0.106554,0.100253,0.120737,0.11458,0.108396
ADI,2017-09,0.11197,0.107982,0.118784,0.110992,0.10683,0.099953,0.12065,0.114724,0.108115
ADI,2017-12,0.128475,0.102899,0.107419,0.128423,0.108773,0.095247,0.105404,0.108815,0.114544
ADI,2018-03,0.110879,0.107265,0.118885,0.111093,0.106327,0.099202,0.120228,0.117557,0.108564
ADI,2018-06,0.110366,0.107063,0.121385,0.11078,0.105285,0.09939,0.120212,0.116894,0.108625
ADI,2018-09,0.111721,0.106614,0.121789,0.110854,0.10553,0.098228,0.120299,0.115611,0.109355
ADI,2018-12,0.129757,0.10453,0.10538,0.129277,0.107754,0.09326,0.106262,0.10872,0.115059
ADI,2019-03,0.11069,0.107165,0.121475,0.110941,0.105662,0.09955,0.11983,0.115702,0.108983
ADI,2019-06,0.11055,0.107379,0.121449,0.11088,0.105868,0.099586,0.120108,0.115281,0.1089
ADI,2019-09,0.110577,0.107106,0.121602,0.110962,0.105635,0.099574,0.120306,0.115428,0.10881
ADI,2019-12,0.129793,0.103293,0.103839,0.130135,0.108283,0.092363,0.105933,0.108074,0.118286
ADI,2020-03,0.106631,0.107896,0.119856,0.110781,0.106579,0.10156,0.122564,0.116646,0.107487
ADI,2020-06,0.107027,0.112343,0.11598,0.113203,0.104693,0.101654,0.121153,0.114,0.109947
ADI,2020-09,0.10781,0.11021,0.116388,0.113595,0.104018,0.101298,0.121194,0.116311,0.109175
ADI,2020-12,0.129569,0.102577,0.104767,0.129879,0.110739,0.090299,0.106518,0.111835,0.113817
ADI,2021-03,0.108342,0.109968,0.117504,0.113169,0.103951,0.101285,0.121129,0.115749,0.108904
ADI,2021-06,0.108599,0.109673,0.11799,0.113214,0.103778,0.10087,0.121403,0.115989,0.108483
ADI,2021-09,0.108599,0.109673,0.11799,0.113214,0.103778,0.10087,0.121403,0.115989,0.108483
ADI,2021-12,0.130318,0.103601,0.103976,0.129903,0.109976,0.09101,0.106604,0.111006,0.113605
ADI,2022-03,0.11018,0.10845,0.11716,0.11375,0.103712,0.100302,0.120551,0.116533,0.109363
ADI,2022-06,0.115706,0.107122,0.115315,0.115991,0.103931,0.097497,0.120589,0.115366,0.108485
ADI,2022-09,0.116037,0.107428,0.115517,0.116136,0.104101,0.096967,0.119248,0.115959,0.108607
ADI,2022-12,0.129572,0.101955,0.104598,0.130606,0.111132,0.091668,0.106015,0.11079,0.113664
ADI,2023-03,0.115703,0.10726,0.11662,0.115391,0.104645,0.095999,0.12044,0.115344,0.108599
ADI,2023-06,0.115089,0.108584,0.117679,0.113634,0.106544,0.09792,0.118829,0.113874,0.107847
ADI,2023-09,0.11529,0.107587,0.118793,0.113501,0.10453,0.09716,0.118649,0.115686,0.108804
ADI,2023-12,0.128806,0.102658,0.103861,0.131845,0.11074,0.092013,0.106147,0.110211,0.113718
ADI,2024-03,0.118737,0.106359,0.115863,0.114779,0.105191,0.09693,0.118087,0.114778,0.109276
ADI,2024-06,0.118641,0.106555,0.115746,0.114678,0.105263,0.097371,0.118039,0.114588,0.109117
ADI,2024-09,0.118641,0.106555,0.115746,0.114678,0.105263,0.097371,0.118039,0.114588,0.109117
ADI,2024-12,0.130317,0.105026,0.102384,0.131657,0.109408,0.092744,0.105139,0.110288,0.113037
ADI,2025-03,0.111093,0.10674,0.118761,0.113604,0.105536,0.097836,0.122267,0.113956,0.110208
ADI,2025-06,0.111714,0.107057,0.118298,0.113949,0.105063,0.097629,0.122687,0.113923,0.10968
ADI,2025-09,0.111714,0.107057,0.118298,0.113949,0.105063,0.097629,0.122687,0.113923,0.10968
ADI,2025-12,0.129594,0.105024,0.102145,0.13181,0.109532,0.092504,0.105582,0.110493,0.113316
ADSK,2013-09,0.106551,0.107029,0.113733,0.113542,0.110696,0.099225,0.124557,0.115347,0.109321
ADSK,2013-12,0.104548,0.105877,0.116216,0.113356,0.111286,0.098862,0.124895,0.115705,0.109255
ADSK,2014-03,0.113234,0.102813,0.121651,0.115473,0.111923,0.09787,0.114811,0.112421,0.109804
ADSK,2014-06,0.104272,0.107715,0.11742,0.113263,0.110573,0.10034,0.123715,0.115793,0.106909
ADSK,2014-09,0.103806,0.105615,0.117171,0.113858,0.111916,0.098827,0.125007,0.115732,0.108068
ADSK,2014-12,0.105514,0.104371,0.116056,0.112091,0.112242,0.099217,0.126151,0.114133,0.110225
ADSK,2015-03,0.114137,0.101316,0.123462,0.116431,0.110578,0.096707,0.114714,0.112705,0.10995
ADSK,2015-06,0.104861,0.104586,0.115848,0.112832,0.111351,0.098856,0.125868,0.114353,0.111445
ADSK,2015-09,0.101165,0.104197,0.119474,0.113014,0.112889,0.101127,0.127927,0.114001,0.106206
ADSK,2015-12,0.102764,0.106496,0.121361,0.113748,0.110115,0.101777,0.126547,0.114419,0.102772
ADSK,2016-03,0.114464,0.10194,0.123685,0.114806,0.110032,0.097524,0.114653,0.112029,0.110866
ADSK,2016-06,0.103032,0.107509,0.120836,0.114628,0.10997,0.100929,0.126221,0.114659,0.102218
ADSK,2016-09,0.102412,0.10727,0.12238,0.113224,0.111368,0.100767,0.125156,0.114674,0.102748
ADSK,2016-12,0.103503,0.107417,0.120399,0.113962,0.110341,0.101033,0.126114,0.11372,0.103509
ADSK,2017-03,0.109207,0.101446,0.118456,0.111617,0.112686,0.097211,0.116878,0.113539,0.11896
ADSK,2017-06,0.102951,0.103819,0.118198,0.112191,0.111723,0.099605,0.124526,0.114798,0.112189
ADSK,2017-09,0.101638,0.107331,0.12166,0.113311,0.110958,0.102158,0.125537,0.114506,0.1029
ADSK,2017-12,0.102256,0.107592,0.120793,0.113839,0.110658,0.102829,0.124898,0.113618,0.103518
ADSK,2018-03,0.108297,0.104529,0.113948,0.111338,0.112883,0.099458,0.117251,0.113762,0.118535
ADSK,2018-06,0.101681,0.108115,0.121501,0.113923,0.110795,0.102267,0.124101,0.114294,0.103322
ADSK,2018-09,0.101931,0.106815,0.121389,0.114059,0.111193,0.101882,0.124811,0.114766,0.103154
ADSK,2018-12,0.102955,0.109228,0.121441,0.113762,0.110217,0.102652,0.123907,0.113596,0.102241
ADSK,2019-03,0.110431,0.106069,0.114517,0.110732,0.111058,0.096911,0.116068,0.114645,0.119568
ADSK,2019-06,0.103517,0.103763,0.116748,0.113626,0.112675,0.100439,0.123476,0.115587,0.11017
ADSK,2019-09,0.104337,0.103988,0.117019,0.113574,0.112754,0.100168,0.123073,0.115393,0.109694
ADSK,2019-12,0.104761,0.103901,0.116494,0.113727,0.112633,0.100352,0.123337,0.114771,0.110024
ADSK,2020-03,0.112492,0.103069,0.115673,0.113042,0.11307,0.094314,0.114319,0.115016,0.119005
ADSK,2020-06,0.105304,0.106554,0.117461,0.115154,0.110834,0.101267,0.121997,0.113388,0.108043
ADSK,2020-09,0.10552,0.106586,0.117544,0.115173,0.11088,0.101133,0.121901,0.113367,0.107898
ADSK,2020-12,0.106129,0.107823,0.117592,0.114688,0.10994,0.100969,0.122756,0.113689,0.106413
ADSK,2021-03,0.111827,0.102433,0.114507,0.113105,0.114772,0.095492,0.114654,0.115415,0.117794
ADSK,2021-06,0.105728,0.107757,0.116861,0.115096,0.110491,0.100829,0.123039,0.11344,0.106758
ADSK,2021-09,0.105842,0.107779,0.117909,0.114669,0.110128,0.100848,0.122856,0.113814,0.106154
ADSK,2021-12,0.106033,0.107757,0.117726,0.114659,0.109998,0.101007,0.12279,0.113726,0.106305
ADSK,2022-03,0.11203,0.102939,0.113413,0.11314,0.114692,0.095116,0.114667,0.115449,0.118553
ADSK,2022-06,0.101277,0.105503,0.120395,0.114602,0.111689,0.102434,0.124318,0.114398,0.105383
ADSK,2022-09,0.101383,0.105257,0.120168,0.11457,0.11191,0.102748,0.124737,0.114452,0.104775
ADSK,2022-12,0.101552,0.105172,0.119964,0.114572,0.111783,0.103054,0.124818,0.114208,0.104876
ADSK,2023-03,0.113184,0.102125,0.112382,0.112748,0.114107,0.095806,0.115824,0.11461,0.119213
ADSK,2023-06,0.100783,0.106307,0.120544,0.114579,0.111495,0.10248,0.124276,0.114776,0.10476
ADSK,2023-09,0.102825,0.10503,0.121571,0.113252,0.110812,0.10267,0.123941,0.115058,0.104841
ADSK,2023-12,0.102942,0.104934,0.121343,0.113331,0.110803,0.102878,0.124039,0.11481,0.10492
ADSK,2024-03,0.113192,0.102139,0.112384,0.112738,0.114111,0.095806,0.115828,0.114605,0.119197
ADSK,2024-06,0.101724,0.105471,0.122016,0.113114,0.110628,0.102603,0.124237,0.115109,0.105099
ADSK,2024-09,0.102825,0.104988,0.121532,0.113262,0.110848,0.102632,0.123994,0.115033,0.104886
ADSK,2024-12,0.102942,0.104934,0.121343,0.113331,0.110803,0.102878,0.124039,0.11481,0.10492
ADSK,2025-03,0.113387,0.102191,0.112095,0.112897,0.114395,0.09585,0.11606,0.114375,0.118749
ADSK,2025-06,0.102064,0.104811,0.121349,0.113612,0.111168,0.102855,0.124142,0.114941,0.105058
ADSK,2025-09,0.102752,0.105295,0.121318,0.113587,0.110769,0.101928,0.124493,0.114851,0.105007
ADSK,2025-12,0.102877,0.105264,0.121077,0.113666,0.11071,0.102222,0.124566,0.114542,0.105075
AMAT,2013-09,0.121849,0.105697,0.109917,0.119422,0.111893,0.095316,0.116689,0.10928,0.109936
AMAT,2013-12,0.12477,0.107865,0.108056,0.121647,0.113469,0.094615,0.109857,0.106608,0.113112
AMAT,2014-03,0.122764,0.105033,0.110615,0.119299,0.111706,0.094455,0.117095,0.10921,0.109824
AMAT,2014-06,0.122938,0.105118,0.110694,0.119352,0.111369,0.094485,0.117083,0.109215,0.109746
AMAT,2014-09,0.122567,0.104361,0.111951,0.119596,0.111278,0.094239,0.117547,0.108835,0.109627
AMAT,2014-12,0.12517,0.10636,0.108326,0.121451,0.115574,0.091696,0.111418,0.106997,0.113009
AMAT,2015-03,0.122206,0.104816,0.110825,0.119137,0.110605,0.095944,0.117547,0.109661,0.109259
AMAT,2015-06,0.122651,0.105044,0.109415,0.119803,0.110338,0.094746,0.117872,0.109718,0.110413
AMAT,2015-09,0.122661,0.104894,0.109886,0.119564,0.110449,0.094522,0.117919,0.109805,0.1103
AMAT,2015-12,0.126717,0.10548,0.108149,0.122643,0.116273,0.091413,0.110679,0.106607,0.112039
AMAT,2016-03,0.122797,0.104249,0.110146,0.119685,0.110513,0.095323,0.117828,0.109514,0.109944
AMAT,2016-06,0.1224,0.104205,0.110771,0.119554,0.110625,0.094943,0.117997,0.10993,0.109573
AMAT,2016-09,0.123919,0.102965,0.109807,0.119653,0.1118,0.095587,0.116778,0.110722,0.108768
AMAT,2016-12,0.122981,0.105093,0.11067,0.121957,0.116625,0.092119,0.111204,0.108079,0.111272
AMAT,2017-03,0.121622,0.102391,0.110188,0.119706,0.111603,0.097149,0.118022,0.111039,0.108281
AMAT,2017-06,0.121307,0.102432,0.110307,0.120034,0.111566,0.097194,0.118366,0.110757,0.108037
AMAT,2017-09,0.121315,0.102309,0.1107,0.119863,0.11164,0.097069,0.118374,0.110793,0.107937
AMAT,2017-12,0.123963,0.101747,0.107512,0.122611,0.116394,0.09348,0.112226,0.109896,0.112171
AMAT,2018-03,0.120016,0.101421,0.111004,0.120903,0.112372,0.096858,0.118172,0.110763,0.108491
AMAT,2018-06,0.119929,0.101043,0.110934,0.121435,0.113093,0.097219,0.117744,0.110467,0.108136
AMAT,2018-09,0.11996,0.100948,0.111302,0.12128,0.113136,0.097082,0.117718,0.11052,0.108054
AMAT,2018-12,0.126435,0.101637,0.108938,0.122359,0.116528,0.090506,0.111857,0.109761,0.111978
AMAT,2019-03,0.120383,0.101302,0.11053,0.121686,0.113087,0.096362,0.11749,0.110603,0.108557
AMAT,2019-06,0.120237,0.101043,0.111007,0.121714,0.113296,0.095696,0.117663,0.110826,0.108517
AMAT,2019-09,0.120666,0.102483,0.107995,0.121215,0.112908,0.09579,0.11841,0.110771,0.109763
AMAT,2019-12,0.123956,0.101505,0.110182,0.121381,0.117131,0.090992,0.112804,0.109696,0.112352
AMAT,2020-03,0.120844,0.103102,0.108259,0.121949,0.113104,0.096673,0.116882,0.110297,0.108889
AMAT,2020-06,0.109895,0.10858,0.112709,0.117305,0.110156,0.099268,0.121537,0.111476,0.109073
AMAT,2020-09,0.11067,0.107684,0.113204,0.117845,0.110196,0.098641,0.122234,0.111344,0.108182
AMAT,2020-12,0.124289,0.101815,0.110446,0.121129,0.11659,0.090795,0.112465,0.109918,0.112553
AMAT,2021-03,0.10958,0.108792,0.113375,0.117636,0.110124,0.09887,0.121965,0.111181,0.108477
AMAT,2021-06,0.107912,0.107686,0.116121,0.116129,0.109052,0.099824,0.123075,0.11226,0.107941
AMAT,2021-09,0.108283,0.107446,0.115718,0.116728,0.110012,0.099231,0.123107,0.111861,0.107615
AMAT,2021-12,0.124289,0.101815,0.110446,0.121129,0.11659,0.090795,0.112465,0.109918,0.112553
AMAT,2022-03,0.10746,0.108175,0.114273,0.118311,0.109625,0.100501,0.121551,0.111656,0.108448
AMAT,2022-06,0.10746,0.108175,0.114273,0.118311,0.109625,0.100501,0.121551,0.111656,0.108448
AMAT,2022-09,0.10746,0.108175,0.114273,0.118311,0.109625,0.100501,0.121551,0.111656,0.108448
AMAT,2022-12,0.123917,0.102246,0.109129,0.121376,0.116858,0.092243,0.112373,0.109162,0.112696
AMAT,2023-03,0.123099,0.101559,0.110073,0.124222,0.110314,0.096918,0.117695,0.110294,0.105825
AMAT,2023-06,0.122429,0.099225,0.111131,0.122638,0.111457,0.095904,0.118574,0.111733,0.106909
AMAT,2023-09,0.122429,0.099225,0.111131,0.122638,0.111457,0.095904,0.118574,0.111733,0.106909
AMAT,2023-12,0.125217,0.102944,0.108587,0.122158,0.115715,0.092376,0.111448,0.108821,0.112733
AMAT,2024-03,0.122429,0.099225,0.111131,0.122638,0.111457,0.095904,0.118574,0.111733,0.106909
AMAT,2024-06,0.122429,0.099225,0.111131,0.122638,0.111457,0.095904,0.118574,0.111733,0.106909
AMAT,2024-09,0.122429,0.099225,0.111131,0.122638,0.111457,0.095904,0.118574,0.111733,0.106909
AMAT,2024-12,0.130316,0.103275,0.10518,0.123802,0.112769,0.095275,0.109397,0.10687,0.113116
AMAT,2025-03,0.125079,0.100452,0.108211,0.123975,0.108536,0.096468,0.118059,0.111863,0.107356
AMAT,2025-06,0.125079,0.100452,0.108211,0.123975,0.108536,0.096468,0.118059,0.111863,0.107356
AMAT,2025-09,0.125079,0.100452,0.108211,0.123975,0.108536,0.096468,0.118059,0.111863,0.107356
AMAT,2025-12,0.130805,0.105062,0.106369,0.123031,0.110954,0.09358,0.108845,0.107507,0.113848
AMD,2013-09,0.123381,0.108003,0.10715,0.118777,0.107962,0.095206,0.119205,0.112515,0.1078
AMD,2013-12,0.124541,0.108595,0.110579,0.117768,0.10972,0.093619,0.115287,0.111822,0.10807
AMD,2014-03,0.12234,0.107117,0.108053,0.11927,0.109435,0.094301,0.118548,0.112825,0.108111
AMD,2014-06,0.122064,0.106786,0.107784,0.118711,0.110015,0.094983,0.11874,0.112835,0.108082
AMD,2014-09,0.120791,0.10736,0.111797,0.115189,0.109292,0.094067,0.119411,0.114031,0.108062
AMD,2014-12,0.124539,0.110748,0.110929,0.117547,0.108505,0.09401,0.114258,0.11309,0.106374
AMD,2015-03,0.121257,0.11039,0.113536,0.11571,0.107695,0.094066,0.117089,0.113261,0.106996
AMD,2015-06,0.125021,0.110905,0.111323,0.115918,0.109068,0.093226,0.115528,0.113083,0.105929
AMD,2015-09,0.124154,0.110307,0.111679,0.113672,0.107604,0.094495,0.115726,0.11544,0.106924
AMD,2015-12,0.125412,0.10898,0.110548,0.116147,0.110854,0.092778,0.114935,0.11269,0.107657
AMD,2016-03,0.123899,0.108625,0.113716,0.114588,0.108623,0.09405,0.115463,0.114733,0.106303
AMD,2016-06,0.123841,0.108067,0.11279,0.115286,0.109651,0.095063,0.116162,0.11428,0.104861
AMD,2016-09,0.125875,0.107402,0.1124,0.115742,0.109536,0.094133,0.11473,0.114818,0.105364
AMD,2016-12,0.125971,0.109768,0.107986,0.118094,0.110598,0.093951,0.114495,0.111925,0.107212
AMD,2017-03,0.125971,0.109768,0.107986,0.118094,0.110598,0.093951,0.114495,0.111925,0.107212
AMD,2017-06,0.125249,0.109937,0.112338,0.115876,0.109608,0.093879,0.114885,0.113212,0.105016
AMD,2017-09,0.1247365,0.109357506,0.1127895,0.114407,0.1093255,0.092328,0.1170685,0.1152165,0.1047705
AMD,2017-12,0.126655,0.110434,0.106671,0.118966,0.109888,0.092977,0.114955,0.112008,0.107446
AMD,2018-03,0.125004,0.108124,0.111682,0.114796,0.109738,0.092268,0.118383,0.114789,0.105218
AMD,2018-06,0.125187,0.108968,0.112161,0.114209,0.109251,0.092217,0.117936,0.114891,0.10518
AMD,2018-09,0.125109,0.108975,0.112153,0.114237,0.109395,0.092226,0.117887,0.114855,0.105164
AMD,2018-12,0.127641,0.109489,0.11024,0.116724,0.111165,0.089817,0.115718,0.113082,0.106124
AMD,2019-03,0.124542,0.109321,0.112018,0.115743,0.11002,0.094649,0.116293,0.113304,0.10411
AMD,2019-06,0.125254,0.111602,0.11178,0.114813,0.109515,0.094367,0.116448,0.112843,0.103378
AMD,2019-09,0.121269,0.111568,0.110877,0.118239,0.109985,0.097055,0.116788,0.111656,0.102563
AMD,2019-12,0.126552,0.110193,0.10952,0.117784,0.110838,0.092814,0.114498,0.11222,0.10558
AMD,2020-03,0.119428,0.113287,0.111335,0.119202,0.108838,0.097268,0.116272,0.110712,0.103657
AMD,2020-06,0.119902,0.113411,0.110955,0.118923,0.108743,0.096484,0.116181,0.111429,0.103973
AMD,2020-09,0.121285,0.113038,0.112659,0.117413,0.107974,0.09603,0.11535,0.112691,0.103559
AMD,2020-12,0.125152,0.111233,0.10882,0.117097,0.111026,0.093518,0.114995,0.112513,0.105646
AMD,2021-03,0.119473,0.113477,0.111661,0.11595,0.109259,0.095625,0.116802,0.113904,0.103848
AMD,2021-06,0.121283,0.111874,0.1107,0.116522,0.10977,0.095835,0.11631,0.113498,0.104208
AMD,2021-09,0.120976,0.11157,0.111037,0.115973,0.110013,0.09614,0.116657,0.113263,0.104371
AMD,2021-12,0.122595,0.111051,0.109527,0.118241,0.111207,0.093401,0.117746,0.111743,0.104489
AMD,2022-03,0.118528,0.111345,0.111838,0.115618,0.109384,0.096238,0.120338,0.113884,0.102827
AMD,2022-06,0.118353,0.111082,0.112402,0.11619,0.109968,0.095794,0.120362,0.112725,0.103124
AMD,2022-09,0.118091,0.11132,0.112758,0.116277,0.10938,0.095801,0.119707,0.112576,0.10409
AMD,2022-12,0.121101,0.11018,0.110881,0.117534,0.112363,0.092263,0.118341,0.112502,0.104834
AMD,2023-03,0.121101,0.11018,0.110881,0.117534,0.112363,0.092263,0.118341,0.112502,0.104834
AMD,2023-06,0.118897,0.110891,0.112482,0.117891,0.109454,0.095691,0.118472,0.112703,0.103518
AMD,2023-09,0.120325,0.109775,0.111126,0.118002504,0.109018505,0.096047,0.119086,0.1123845,0.104235
AMD,2023-12,0.123064,0.111708,0.110576,0.117792,0.112029,0.092148,0.115484,0.112088,0.10511
AMD,2024-03,0.119753,0.112675,0.11328,0.115199,0.110108,0.094373,0.117164,0.113343,0.104106
AMD,2024-06,0.119956,0.111867,0.113701,0.115489,0.110301,0.093957,0.115813,0.114931,0.103985
AMD,2024-09,0.120706,0.112077,0.114323,0.113692,0.109945,0.094004,0.115181,0.115666,0.104405
AMD,2024-12,0.124739,0.111383,0.110142,0.116319,0.111244,0.091556,0.114679,0.114205,0.105733
AMD,2025-03,0.1211,0.111831,0.114141,0.113511,0.110321,0.092862,0.115742,0.115173,0.105319
AMD,2025-06,0.12104,0.11197,0.112461,0.115263,0.110697,0.094431,0.115749,0.113773,0.104617
AMD,2025-09,0.120552,0.112727,0.112124,0.116274,0.110312,0.094555,0.11594,0.113125,0.104392
AMD,2025-12,0.09968,0.103523,0.11532,0.1142,0.109108,0.110981,0.122675,0.115834,0.10868
AMZN,2013-09,0.105279,0.111431,0.118156,0.112345,0.107019,0.097736,0.125058,0.11472,0.108255
AMZN,2013-12,0.109612,0.115183,0.107615,0.114196,0.110797,0.103835,0.129993,0.10024,0.108528
AMZN,2014-03,0.105371,0.11203,0.117814,0.112356,0.107122,0.097247,0.12527,0.114782,0.108009
AMZN,2014-06,0.105371,0.11203,0.117814,0.112356,0.107122,0.097247,0.12527,0.114782,0.108009
AMZN,2014-09,0.105371,0.11203,0.117814,0.112356,0.107122,0.097247,0.12527,0.114782,0.108009
AMZN,2014-12,0.109702,0.114156,0.107792,0.114387,0.112112,0.103311,0.129083,0.101441,0.108016
AMZN,2015-03,0.105257,0.112196,0.11798,0.112316,0.107567,0.097383,0.124385,0.114351,0.108565
AMZN,2015-06,0.105284,0.11228,0.118055,0.112004,0.107504,0.097493,0.12451,0.114371,0.108498
AMZN,2015-09,0.105284,0.11228,0.118055,0.112004,0.107504,0.097493,0.12451,0.114371,0.108498
AMZN,2015-12,0.108679,0.114468,0.108585,0.114492,0.112376,0.103902,0.128979,0.100993,0.107525
AMZN,2016-03,0.105444,0.113311,0.118026,0.112147,0.10688,0.096582,0.125244,0.114136,0.10823
AMZN,2016-06,0.105444,0.113311,0.118026,0.112147,0.10688,0.096582,0.125244,0.114136,0.10823
AMZN,2016-09,0.105444,0.113311,0.118026,0.112147,0.10688,0.096582,0.125244,0.114136,0.10823
AMZN,2016-12,0.108885,0.113916,0.108498,0.114085,0.112639,0.104506,0.128496,0.100988,0.107986
AMZN,2017-03,0.1053,0.113897,0.117585,0.112198,0.106775,0.096819,0.125409,0.114018,0.108
AMZN,2017-06,0.105243,0.113506,0.117308,0.112598,0.107052,0.096977,0.124767,0.114244,0.108305
AMZN,2017-09,0.105243,0.113506,0.117308,0.112598,0.107052,0.096977,0.124767,0.114244,0.108305
AMZN,2017-12,0.107911,0.111784,0.109359,0.114853,0.113298,0.102727,0.129535,0.102887,0.107645
AMZN,2018-03,0.105243,0.113506,0.117308,0.112598,0.107052,0.096977,0.124767,0.114244,0.108305
AMZN,2018-06,0.105046,0.113592,0.117749,0.111989,0.107288,0.096679,0.124912,0.114422,0.108325
AMZN,2018-09,0.105046,0.113592,0.117749,0.111989,0.107288,0.096679,0.124912,0.114422,0.108325
AMZN,2018-12,0.107763,0.110432,0.110553,0.116152,0.113187,0.102621,0.128274,0.10284,0.108177
AMZN,2019-03,0.105046,0.113592,0.117749,0.111989,0.107288,0.096679,0.124912,0.114422,0.108325
AMZN,2019-06,0.105046,0.113592,0.117749,0.111989,0.107288,0.096679,0.124912,0.114422,0.108325
AMZN,2019-09,0.105046,0.113592,0.117749,0.111989,0.107288,0.096679,0.124912,0.114422,0.108325
AMZN,2019-12,0.107833,0.111131,0.110835,0.115541,0.114103,0.102611,0.127976,0.102163,0.107806
AMZN,2020-03,0.106588,0.115943,0.116246,0.11293,0.106172,0.09635,0.12376,0.11434,0.107671
AMZN,2020-06,0.106588,0.115943,0.116246,0.11293,0.106172,0.09635,0.12376,0.11434,0.107671
AMZN,2020-09,0.106588,0.115943,0.116246,0.11293,0.106172,0.09635,0.12376,0.11434,0.107671
AMZN,2020-12,0.109102,0.112883,0.11018,0.115086,0.113007,0.104346,0.127232,0.101822,0.106341
AMZN,2021-03,0.10698,0.115731,0.116184,0.112719,0.105916,0.096909,0.123977,0.114182,0.107401
AMZN,2021-06,0.10698,0.115731,0.116184,0.112719,0.105916,0.096909,0.123977,0.114182,0.107401
AMZN,2021-09,0.106075,0.11562,0.115756,0.112892,0.105773,0.096413,0.124861,0.114019,0.10859
AMZN,2021-12,0.107382,0.109176,0.112717,0.118711,0.113035,0.102732,0.127025,0.104197,0.105026
AMZN,2022-03,0.106827,0.115336,0.115602,0.112964,0.105271,0.097769,0.124442,0.114158,0.107631
AMZN,2022-06,0.106492,0.115251,0.116086,0.112831,0.104971,0.097371,0.124472,0.114665,0.107862
AMZN,2022-09,0.105972,0.114494,0.116318,0.113238,0.104887,0.097674,0.124241,0.115314,0.107861
AMZN,2022-12,0.108358,0.10891,0.112908,0.118863,0.112476,0.102553,0.126205,0.104306,0.10542
AMZN,2023-03,0.105434,0.114868,0.11773,0.111068,0.106512,0.094548,0.123809,0.118199,0.107832
AMZN,2023-06,0.105434,0.114868,0.11773,0.111068,0.106512,0.094548,0.123809,0.118199,0.107832
AMZN,2023-09,0.105722,0.115036,0.117263,0.111095,0.107018,0.094355,0.123861,0.117998,0.107651
AMZN,2023-12,0.10816,0.108719,0.112816,0.118882,0.112756,0.102799,0.126291,0.104283,0.105294
AMZN,2024-03,0.105722,0.115036,0.117263,0.111095,0.107018,0.094355,0.123861,0.117998,0.107651
AMZN,2024-06,0.105722,0.115036,0.117263,0.111095,0.107018,0.094355,0.123861,0.117998,0.107651
AMZN,2024-09,0.105722,0.115036,0.117263,0.111095,0.107018,0.094355,0.123861,0.117998,0.107651
AMZN,2024-12,0.108038,0.108958,0.113063,0.118797,0.11273,0.102651,0.126343,0.104119,0.105301
AMZN,2025-03,0.105794,0.114575,0.117373,0.111305,0.106724,0.094879,0.124544,0.117865,0.106942
AMZN,2025-06,0.105794,0.114575,0.117373,0.111305,0.106724,0.094879,0.124544,0.117865,0.106942
AMZN,2025-09,0.105794,0.114575,0.117373,0.111305,0.106724,0.094879,0.124544,0.117865,0.106942
AMZN,2025-12,0.108038,0.108958,0.113063,0.118797,0.11273,0.102651,0.126343,0.104119,0.105301
ASML,2013-09,0.104283,0.114173,0.121172,0.107479,0.112306,0.099428,0.119627,0.109473,0.11206
ASML,2013-12,0.10688,0.115387,0.119729,0.108581,0.112162,0.100463,0.117654,0.109427,0.109716
ASML,2014-03,0.10688,0.115387,0.119729,0.108581,0.112162,0.100463,0.117654,0.109427,0.109716
ASML,2014-06,0.10688,0.115387,0.119729,0.108581,0.112162,0.100463,0.117654,0.109427,0.109716
ASML,2014-09,0.10688,0.115387,0.119729,0.108581,0.112162,0.100463,0.117654,0.109427,0.109716
ASML,2014-12,0.104885,0.115056,0.121031,0.108541,0.112334,0.099231,0.118478,0.10919,0.111254
ASML,2015-03,0.104885,0.115056,0.121031,0.108541,0.112334,0.099231,0.118478,0.10919,0.111254
ASML,2015-06,0.104885,0.115056,0.121031,0.108541,0.112334,0.099231,0.118478,0.10919,0.111254
ASML,2015-09,0.104885,0.115056,0.121031,0.108541,0.112334,0.099231,0.118478,0.10919,0.111254
ASML,2015-12,0.105522,0.114424,0.120721,0.109309,0.111449,0.100779,0.118167,0.1092,0.110429
ASML,2016-03,0.105522,0.114424,0.120721,0.109309,0.111449,0.100779,0.118167,0.1092,0.110429
ASML,2016-06,0.105522,0.114424,0.120721,0.109309,0.111449,0.100779,0.118167,0.1092,0.110429
ASML,2016-09,0.105522,0.114424,0.120721,0.109309,0.111449,0.100779,0.118167,0.1092,0.110429
ASML,2016-12,0.103633,0.114713,0.121593,0.109198,0.112115,0.101231,0.117393,0.110021,0.110103
ASML,2017-03,0.103633,0.114713,0.121593,0.109198,0.112115,0.101231,0.117393,0.110021,0.110103
ASML,2017-06,0.103633,0.114713,0.121593,0.109198,0.112115,0.101231,0.117393,0.110021,0.110103
ASML,2017-09,0.103633,0.114713,0.121593,0.109198,0.112115,0.101231,0.117393,0.110021,0.110103
ASML,2017-12,0.10476,0.112668,0.122398,0.105446,0.110546,0.101523,0.117124,0.113477,0.112059
ASML,2018-03,0.10476,0.112668,0.122398,0.105446,0.110546,0.101523,0.117124,0.113477,0.112059
ASML,2018-06,0.10476,0.112668,0.122398,0.105446,0.110546,0.101523,0.117124,0.113477,0.112059
ASML,2018-09,0.10476,0.112668,0.122398,0.105446,0.110546,0.101523,0.117124,0.113477,0.112059
ASML,2018-12,0.105316,0.112934,0.122032,0.106204,0.109894,0.10244,0.116594,0.113217,0.111369
ASML,2019-03,0.105316,0.112934,0.122032,0.106204,0.109894,0.10244,0.116594,0.113217,0.111369
ASML,2019-06,0.105316,0.112934,0.122032,0.106204,0.109894,0.10244,0.116594,0.113217,0.111369
ASML,2019-09,0.105316,0.112934,0.122032,0.106204,0.109894,0.10244,0.116594,0.113217,0.111369
ASML,2019-12,0.095511,0.114604,0.119798,0.102295,0.107836,0.109348,0.125643,0.112529,0.112436
ASML,2020-03,0.095511,0.114604,0.119798,0.102295,0.107836,0.109348,0.125643,0.112529,0.112436
ASML,2020-06,0.095511,0.114604,0.119798,0.102295,0.107836,0.109348,0.125643,0.112529,0.112436
ASML,2020-09,0.095511,0.114604,0.119798,0.102295,0.107836,0.109348,0.125643,0.112529,0.112436
ASML,2020-12,0.110483,0.118476,0.1279,0.107307,0.100067,0.098081,0.114116,0.112331,0.111239
ASML,2021-03,0.110483,0.118476,0.1279,0.107307,0.100067,0.098081,0.114116,0.112331,0.111239
ASML,2021-06,0.110483,0.118476,0.1279,0.107307,0.100067,0.098081,0.114116,0.112331,0.111239
ASML,2021-09,0.110483,0.118476,0.1279,0.107307,0.100067,0.098081,0.114116,0.112331,0.111239
ASML,2021-12,0.10801,0.11558,0.131021,0.107993,0.101877,0.104216,0.111992,0.109591,0.109721
ASML,2022-03,0.10801,0.11558,0.131021,0.107993,0.101877,0.104216,0.111992,0.109591,0.109721
ASML,2022-06,0.10801,0.11558,0.131021,0.107993,0.101877,0.104216,0.111992,0.109591,0.109721
ASML,2022-09,0.10801,0.11558,0.131021,0.107993,0.101877,0.104216,0.111992,0.109591,0.109721
ASML,2022-12,0.109698,0.114119,0.134997,0.107136,0.108264,0.100116,0.111258,0.107864,0.106548
ASML,2023-03,0.109698,0.114119,0.134997,0.107136,0.108264,0.100116,0.111258,0.107864,0.106548
ASML,2023-06,0.109698,0.114119,0.134997,0.107136,0.108264,0.100116,0.111258,0.107864,0.106548
ASML,2023-09,0.109698,0.114119,0.134997,0.107136,0.108264,0.100116,0.111258,0.107864,0.106548
ASML,2023-12,0.109588,0.116037,0.12669,0.108527,0.10722,0.105503,0.11181,0.106673,0.107952
ASML,2024-03,0.109588,0.116037,0.12669,0.108527,0.10722,0.105503,0.11181,0.106673,0.107952
ASML,2024-06,0.109588,0.116037,0.12669,0.108527,0.10722,0.105503,0.11181,0.106673,0.107952
ASML,2024-09,0.109588,0.116037,0.12669,0.108527,0.10722,0.105503,0.11181,0.106673,0.107952
ASML,2024-12,0.109455,0.116669,0.127683,0.108769,0.108394,0.103304,0.111456,0.10662,0.107651
ASML,2025-03,0.109455,0.116669,0.127683,0.108769,0.108394,0.103304,0.111456,0.10662,0.107651
ASML,2025-06,0.109455,0.116669,0.127683,0.108769,0.108394,0.103304,0.111456,0.10662,0.107651
ASML,2025-09,0.109455,0.116669,0.127683,0.108769,0.108394,0.103304,0.111456,0.10662,0.107651
ASML,2025-12,0.109194,0.115129,0.129695,0.109665,0.105577,0.103842,0.110457,0.108296,0.108145
AVGO,2013-09,0.108313,0.105792,0.118459,0.113792,0.108387,0.099686,0.12194,0.116296,0.107336
AVGO,2013-12,0.125873,0.101862,0.109499,0.123892,0.116227,0.092007,0.111782,0.107669,0.111189
AVGO,2014-03,0.110469,0.105387,0.119564,0.113436,0.106751,0.098142,0.120404,0.11817,0.107678
AVGO,2014-06,0.109344,0.105547,0.119327,0.114013,0.10768,0.098583,0.120901,0.116887,0.107718
AVGO,2014-09,0.110491,0.105184,0.119348,0.114362,0.107846,0.098119,0.120664,0.116568,0.107417
AVGO,2014-12,0.131524,0.103025,0.10735,0.126957,0.1106,0.092956,0.107427,0.110563,0.109597
AVGO,2015-03,0.110342,0.104822,0.120058,0.113689,0.108556,0.097272,0.120591,0.117631,0.107039
AVGO,2015-06,0.108938,0.107352,0.119196,0.114999,0.109418,0.097422,0.118437,0.11627,0.107967
AVGO,2015-09,0.109315,0.107468,0.11911,0.115303,0.10892,0.096917,0.118287,0.116402,0.108278
AVGO,2015-12,0.132065,0.102672,0.106957,0.126858,0.111087,0.092608,0.107756,0.11088,0.109116
AVGO,2016-03,0.132065,0.102672,0.106957,0.126858,0.111087,0.092608,0.107756,0.11088,0.109116
AVGO,2016-06,0.132065,0.102672,0.106957,0.126858,0.111087,0.092608,0.107756,0.11088,0.109116
AVGO,2016-09,0.132065,0.102672,0.106957,0.126858,0.111087,0.092608,0.107756,0.11088,0.109116
AVGO,2016-12,0.132065,0.102672,0.106957,0.126858,0.111087,0.092608,0.107756,0.11088,0.109116
AVGO,2017-03,0.132065,0.102672,0.106957,0.126858,0.111087,0.092608,0.107756,0.11088,0.109116
AVGO,2017-06,0.132065,0.102672,0.106957,0.126858,0.111087,0.092608,0.107756,0.11088,0.109116
AVGO,2017-09,0.132065,0.102672,0.106957,0.126858,0.111087,0.092608,0.107756,0.11088,0.109116
AVGO,2017-12,0.132065,0.102672,0.106957,0.126858,0.111087,0.092608,0.107756,0.11088,0.109116
AVGO,2018-03,0.132065,0.102672,0.106957,0.126858,0.111087,0.092608,0.107756,0.11088,0.109116
AVGO,2018-06,0.108407,0.106468,0.119471,0.114287,0.109928,0.097272,0.117881,0.115468,0.110818
AVGO,2018-09,0.108349,0.106961,0.118805,0.115506,0.109511,0.096603,0.119004,0.115282,0.109978
AVGO,2018-12,0.123446,0.107573,0.114996,0.125457,0.109224,0.09376,0.103619,0.110913,0.111011
AVGO,2019-03,0.108465,0.106857,0.118658,0.115991,0.10993,0.09554,0.118942,0.115896,0.10972
AVGO,2019-06,0.108767,0.10668,0.119044,0.116044,0.109267,0.095513,0.119749,0.114986,0.109951
AVGO,2019-09,0.108767,0.10668,0.119044,0.116044,0.109267,0.095513,0.119749,0.114986,0.109951
AVGO,2019-12,0.119867,0.109675,0.116618,0.120704,0.107656,0.094949,0.10652,0.113687,0.110324
AVGO,2020-03,0.116459,0.106757,0.114947,0.118066,0.107556,0.09492,0.117156,0.11509,0.10905
AVGO,2020-06,0.115731,0.107139,0.113061,0.119884,0.107974,0.095354,0.117367,0.113703,0.109787
AVGO,2020-09,0.115764,0.107137,0.113052,0.119902,0.107967,0.095333,0.11735,0.113679,0.109817
AVGO,2020-12,0.121608,0.110104,0.118238,0.122081,0.108504,0.091794,0.103721,0.113393,0.110557
AVGO,2021-03,0.115731,0.107139,0.113061,0.119884,0.107974,0.095354,0.117367,0.113703,0.109787
AVGO,2021-06,0.115731,0.107139,0.113061,0.119884,0.107974,0.095354,0.117367,0.113703,0.109787
AVGO,2021-09,0.115731,0.107139,0.113061,0.119884,0.107974,0.095354,0.117367,0.113703,0.109787
AVGO,2021-12,0.122444,0.114961,0.117309,0.117139,0.101069,0.095745,0.106803,0.114446,0.110085
AVGO,2022-03,0.116577,0.107509,0.112913,0.119347,0.107366,0.096381,0.117125,0.113171,0.10961
AVGO,2022-06,0.111294,0.110572,0.117316,0.117603,0.106786,0.094979,0.118545,0.114019,0.108886
AVGO,2022-09,0.111294,0.110572,0.117316,0.117603,0.106786,0.094979,0.118545,0.114019,0.108886
AVGO,2022-12,0.124308,0.114466,0.116915,0.117626,0.101974,0.094562,0.106195,0.114426,0.109528
AVGO,2023-03,0.111294,0.110572,0.117316,0.117603,0.106786,0.094979,0.118545,0.114019,0.108886
AVGO,2023-06,0.110713,0.109309,0.118241,0.116396,0.107383,0.094274,0.119139,0.114135,0.11041
AVGO,2023-09,0.110713,0.109309,0.118241,0.116396,0.107383,0.094274,0.119139,0.114135,0.11041
AVGO,2023-12,0.123365,0.116952,0.117669,0.11843,0.101476,0.092569,0.106688,0.112827,0.110025
AVGO,2024-03,0.11742,0.106954,0.114202,0.11835,0.107389,0.095381,0.117121,0.113529,0.109653
AVGO,2024-06,0.11742,0.106954,0.114202,0.11835,0.107389,0.095381,0.117121,0.113529,0.109653
AVGO,2024-09,0.116878,0.106761,0.114803,0.11814,0.107552,0.095039,0.117335,0.113868,0.109624
AVGO,2024-12,0.127619,0.119824,0.116556,0.116748,0.099637,0.093073,0.104091,0.11334,0.109111
AVGO,2025-03,0.116604,0.108095,0.113544,0.11958,0.107411,0.098337,0.115554,0.113146,0.107729
AVGO,2025-06,0.115785,0.108035,0.114234,0.119805,0.107214,0.098297,0.115824,0.112927,0.10788
AVGO,2025-09,0.116753,0.109047,0.113827,0.117889,0.106656,0.09828,0.116494,0.113425,0.107628
AVGO,2025-12,0.130902,0.120093,0.113038,0.117181,0.100324,0.09327,0.107278,0.109607,0.108306
CRM,2013-09,0.100129,0.120423,0.122864,0.111836,0.108874,0.100569,0.120582,0.112362,0.102361
CRM,2013-12,0.10393,0.120841,0.121904,0.111448,0.107274,0.099242,0.119207,0.113768,0.102386
CRM,2014-03,0.096223,0.11984,0.119784,0.10842,0.11948,0.109058,0.118296,0.107914,0.100985
CRM,2014-06,0.104044,0.120275,0.12207,0.111627,0.107198,0.099624,0.119024,0.113795,0.102342
CRM,2014-09,0.104867,0.120817,0.120817,0.111253,0.106752,0.099422,0.119151,0.114164,0.102757
CRM,2014-12,0.104198,0.120286,0.121389,0.11175,0.107019,0.099213,0.11936,0.11424,0.102546
CRM,2015-03,0.096237,0.122037,0.125356,0.117238,0.111443,0.103602,0.113104,0.110189,0.100795
CRM,2015-06,0.10683,0.122467,0.118915,0.111049,0.105737,0.096481,0.119485,0.114838,0.104197
CRM,2015-09,0.105585,0.113186,0.121209,0.109406,0.109147,0.099477,0.121206,0.114913,0.105871
CRM,2015-12,0.1059,0.11356,0.12085,0.109171,0.108898,0.098672,0.121237,0.11569,0.106022
CRM,2016-03,0.095911,0.121658,0.124701,0.116461,0.111375,0.102962,0.114171,0.111109,0.101652
CRM,2016-06,0.108024,0.115004,0.119325,0.109811,0.108833,0.096304,0.120069,0.115629,0.107
CRM,2016-09,0.107909,0.114617,0.118625,0.10932,0.109032,0.097448,0.120454,0.115606,0.106988
CRM,2016-12,0.106902,0.113315,0.11844,0.10963,0.11096,0.097202,0.121535,0.114839,0.107178
CRM,2017-03,0.096238,0.118508,0.123983,0.115521,0.112924,0.105869,0.115103,0.11029,0.101564
CRM,2017-06,0.107207,0.114446,0.118024,0.109186,0.111237,0.096972,0.121029,0.1159,0.106
CRM,2017-09,0.107207,0.114446,0.118024,0.109186,0.111237,0.096972,0.121029,0.1159,0.106
CRM,2017-12,0.107228,0.116165,0.119043,0.109062,0.110187,0.095391,0.120718,0.116631,0.105575
CRM,2018-03,0.097061,0.117459,0.12385,0.116279,0.109748,0.103076,0.115682,0.112636,0.10421
CRM,2018-06,0.107227,0.116963,0.119652,0.109832,0.109331,0.095359,0.119057,0.117282,0.105296
CRM,2018-09,0.107319,0.116933,0.119704,0.109788,0.109322,0.095368,0.119013,0.117247,0.105307
CRM,2018-12,0.107319,0.116933,0.119704,0.109788,0.109322,0.095368,0.119013,0.117247,0.105307
CRM,2019-03,0.098715,0.119049,0.122985,0.114858,0.112314,0.10617,0.114535,0.108602,0.102773
CRM,2019-06,0.107778,0.116275,0.118566,0.110755,0.110114,0.095988,0.120029,0.115923,0.104573
CRM,2019-09,0.104833,0.116144,0.120798,0.111021,0.110705,0.096138,0.120079,0.116396,0.103885
CRM,2019-12,0.105178,0.116158,0.120403,0.111133,0.110286,0.096756,0.120242,0.115976,0.103869
CRM,2020-03,0.099242,0.114427,0.128275,0.11296,0.109839,0.105136,0.114313,0.1132,0.102609
CRM,2020-06,0.105483,0.11463,0.116586,0.113968,0.109704,0.100465,0.117506,0.116489,0.105169
CRM,2020-09,0.105005,0.114684,0.11624,0.114053,0.108851,0.100939,0.118431,0.115992,0.105805
CRM,2020-12,0.104596,0.112864,0.116283,0.114318,0.10913,0.101509,0.119471,0.115792,0.106037
CRM,2021-03,0.097884,0.114873,0.125106,0.118814,0.109562,0.103535,0.115033,0.111692,0.1035
CRM,2021-06,0.106074,0.113162,0.115046,0.113977,0.108586,0.101381,0.119008,0.11617,0.106596
CRM,2021-09,0.106218,0.113261,0.115369,0.113604,0.10761,0.101792,0.118874,0.116524,0.10675
CRM,2021-12,0.106218,0.113261,0.115369,0.113604,0.10761,0.101792,0.118874,0.116524,0.10675
CRM,2022-03,0.095033,0.115086,0.124073,0.117728,0.111848,0.107179,0.116509,0.111143,0.1014
CRM,2022-06,0.106218,0.113261,0.115369,0.113604,0.10761,0.101792,0.118874,0.116524,0.10675
CRM,2022-09,0.106218,0.113261,0.115369,0.113604,0.10761,0.101792,0.118874,0.116524,0.10675
CRM,2022-12,0.107057,0.11498,0.118114,0.110846,0.10752,0.099894,0.117993,0.11788,0.105717
CRM,2023-03,0.095638,0.114375,0.124248,0.116734,0.110355,0.107995,0.117881,0.110911,0.101862
CRM,2023-06,0.107185,0.114939,0.116376,0.112473,0.108032,0.100094,0.118185,0.116535,0.106182
CRM,2023-09,0.108042,0.118516,0.118732,0.11035,0.10873,0.095433,0.118046,0.117045,0.105106
CRM,2023-12,0.108055,0.118478,0.118947,0.11042,0.108789,0.095324,0.118034,0.116922,0.105032
CRM,2024-03,0.100143,0.11715,0.122197,0.116833,0.110021,0.103561,0.114441,0.111615,0.10404
CRM,2024-06,0.097286,0.108382,0.123513,0.11356,0.113335,0.106473,0.12001,0.116398,0.101042
CRM,2024-09,0.099274,0.110019,0.122288,0.114506,0.113235,0.103489,0.118581,0.116457,0.102152
CRM,2024-12,0.102922,0.112344,0.119607,0.115306,0.112783,0.09872,0.117109,0.116048,0.105161
CRM,2025-03,0.102763,0.118699,0.120522,0.117307,0.110931,0.099568,0.112591,0.111451,0.106167
CRM,2025-06,0.101762,0.112383,0.120172,0.114917,0.112035,0.099422,0.118128,0.118268,0.102913
CRM,2025-09,0.101733,0.11243,0.120183,0.114946,0.112059,0.099549,0.1181,0.118044,0.102956
CRM,2025-12,0.103018,0.112704,0.119019,0.115367,0.112926,0.099207,0.117045,0.116317,0.104396
CSCO,2013-09,0.116146,0.109274,0.113212,0.115555,0.106575,0.109918,0.114301,0.103983,0.111036
CSCO,2013-12,0.106438,0.107926,0.120085,0.113803,0.109584,0.100868,0.120796,0.114742,0.105758
CSCO,2014-03,0.103994,0.107573,0.119915,0.114238,0.11044,0.101605,0.121243,0.114296,0.106696
CSCO,2014-06,0.103804,0.107497,0.120578,0.114258,0.10953,0.102116,0.121292,0.114063,0.106862
CSCO,2014-09,0.118552,0.11185,0.111025,0.116621,0.105151,0.110442,0.113012,0.104502,0.108845
CSCO,2014-12,0.104973,0.108475,0.118535,0.113536,0.109608,0.103722,0.121336,0.114863,0.104952
CSCO,2015-03,0.105771,0.108424,0.116755,0.113828,0.110207,0.104766,0.121033,0.114373,0.104843
CSCO,2015-06,0.105184,0.108375,0.117673,0.113855,0.109386,0.104654,0.121281,0.114471,0.105121
CSCO,2015-09,0.115931,0.105401,0.114708,0.115982,0.10965,0.108288,0.11517,0.105653,0.109215
CSCO,2015-12,0.105737,0.106697,0.117431,0.112369,0.108227,0.106735,0.120439,0.11518,0.107184
CSCO,2016-03,0.10535,0.106794,0.11698,0.112547,0.108589,0.107306,0.120311,0.11502,0.107103
CSCO,2016-06,0.105449,0.106813,0.117363,0.112608,0.108298,0.107461,0.120312,0.114732,0.106963
CSCO,2016-09,0.115335,0.105282,0.115114,0.116326,0.106692,0.105984,0.112974,0.109066,0.113226
CSCO,2016-12,0.107729,0.1062,0.1181,0.112407,0.108071,0.1072,0.119003,0.11421,0.107079
CSCO,2017-03,0.106104,0.105503,0.117488,0.112557,0.109231,0.108014,0.11943,0.114436,0.107238
CSCO,2017-06,0.106133,0.10561,0.117997,0.112753,0.108455,0.108437,0.119365,0.113951,0.107299
CSCO,2017-09,0.117421,0.110481,0.109501,0.114756,0.111403,0.106685,0.111803,0.105654,0.112296
CSCO,2017-12,0.111354,0.107906,0.115208,0.113045,0.108391,0.105506,0.117839,0.113735,0.107016
CSCO,2018-03,0.108301,0.107327,0.116321,0.112725,0.110081,0.105464,0.11858,0.11399,0.10721
CSCO,2018-06,0.108013,0.107192,0.117194,0.112673,0.109228,0.105946,0.118729,0.113692,0.107332
CSCO,2018-09,0.117163,0.112539,0.110328,0.114207,0.109878,0.108747,0.112209,0.103992,0.110937
CSCO,2018-12,0.110023,0.107308,0.115875,0.1127,0.109578,0.105265,0.118421,0.114086,0.106745
CSCO,2019-03,0.107196,0.107561,0.116843,0.112991,0.110207,0.105337,0.11862,0.113891,0.107355
CSCO,2019-06,0.10753,0.107582,0.117337,0.11294,0.109081,0.105848,0.118422,0.11379,0.10747
CSCO,2019-09,0.117313,0.112206,0.110442,0.114727,0.109678,0.109528,0.111618,0.104439,0.11005
CSCO,2019-12,0.109198,0.106216,0.117279,0.112772,0.109363,0.10542,0.11865,0.114615,0.106488
CSCO,2020-03,0.10749,0.106104,0.117218,0.113346,0.110558,0.10555,0.118404,0.114662,0.106669
CSCO,2020-06,0.10863,0.107049,0.115951,0.114559,0.109538,0.106422,0.117546,0.113663,0.106643
CSCO,2020-09,0.116321,0.111431,0.109944,0.115357,0.111011,0.110429,0.110682,0.105065,0.10976
CSCO,2020-12,0.109701,0.10681,0.115712,0.114037,0.109965,0.106238,0.117868,0.113569,0.1061
CSCO,2021-03,0.10973,0.107521,0.114148,0.114897,0.110405,0.106033,0.116338,0.114332,0.106596
CSCO,2021-06,0.108896,0.107712,0.115089,0.114807,0.109913,0.106045,0.11657,0.114374,0.106594
CSCO,2021-09,0.11866,0.113513,0.11293,0.11393,0.108098,0.108932,0.111506,0.105733,0.106699
CSCO,2021-12,0.109937,0.108131,0.117853,0.113135,0.107336,0.108115,0.117525,0.114098,0.10387
CSCO,2022-03,0.109396,0.108288,0.11701,0.113211,0.10813,0.108564,0.117132,0.11438,0.103887
CSCO,2022-06,0.10958,0.108191,0.117332,0.113162,0.107688,0.108561,0.117188,0.114491,0.103807
CSCO,2022-09,0.117857,0.112403,0.112778,0.115393,0.108963,0.108472,0.111468,0.105987,0.10668
CSCO,2022-12,0.110103,0.108151,0.117562,0.113541,0.107089,0.10784,0.117474,0.114059,0.104181
CSCO,2023-03,0.109035,0.108235,0.117146,0.113242,0.108275,0.108226,0.117442,0.114413,0.103985
CSCO,2023-06,0.110655,0.107809,0.116888,0.113016,0.107491,0.108656,0.11745,0.114456,0.103579
CSCO,2023-09,0.116752,0.113109,0.112076,0.115176,0.110306,0.108052,0.111542,0.106013,0.106975
CSCO,2023-12,0.108992,0.106351,0.118605,0.112472,0.109235,0.107059,0.118382,0.113934,0.104969
CSCO,2024-03,0.108812,0.106468,0.117173,0.112894,0.11001,0.107485,0.118099,0.11417,0.104889
CSCO,2024-06,0.107744,0.106514,0.11861,0.11275,0.109109,0.107841,0.118168,0.114009,0.105254
CSCO,2024-09,0.117198,0.116092,0.106087,0.117512,0.105864,0.100853,0.112727,0.10801,0.115657
CSCO,2024-12,0.11144,0.108387,0.11455,0.113866,0.107673,0.102837,0.117942,0.114812,0.108493
CSCO,2025-03,0.110985,0.108087,0.114222,0.113858,0.108785,0.103363,0.117758,0.114932,0.108008
CSCO,2025-06,0.111015,0.108043,0.114303,0.114132,0.1079,0.103794,0.117686,0.114509,0.108617
CSCO,2025-09,0.1176,0.115195,0.106472,0.116853,0.107698,0.100757,0.113916,0.108011,0.113498
CSCO,2025-12,0.111215,0.108867,0.114193,0.11394,0.107346,0.103605,0.117528,0.11411,0.109196
GOOGL,2013-09,0.106992,0.103459,0.113256,0.11892,0.125924,0.104328,0.112353,0.110057,0.104712
GOOGL,2013-12,0.11599,0.108061,0.108669,0.119936,0.121309,0.106442,0.106952,0.10927,0.103372
GOOGL,2014-03,0.111973,0.103444,0.110984,0.122948,0.124291,0.100067,0.112791,0.108422,0.105079
GOOGL,2014-06,0.110168,0.104085,0.111123,0.120789,0.124455,0.101849,0.11295,0.109018,0.105563
GOOGL,2014-09,0.111411,0.103492,0.11125,0.122062,0.124789,0.100707,0.112677,0.108489,0.105123
GOOGL,2014-12,0.110498,0.113364,0.106856,0.116709,0.118891,0.107448,0.109566,0.10762,0.109047
GOOGL,2015-03,0.104443,0.105814,0.114659,0.113285,0.120999,0.107675,0.114849,0.113814,0.104463
GOOGL,2015-06,0.104788,0.105756,0.118418,0.113682,0.12049,0.104066,0.115477,0.114313,0.10301
GOOGL,2015-09,0.104756,0.106537,0.114606,0.113812,0.122209,0.103285,0.118011,0.111706,0.105078
GOOGL,2015-12,0.109233,0.113747,0.110707,0.115151,0.122467,0.107782,0.11065,0.102314,0.107949
GOOGL,2016-03,0.110847,0.109651,0.111212,0.116159,0.116972,0.102863,0.115575,0.111213,0.105509
GOOGL,2016-06,0.111041,0.110063,0.111503,0.116742,0.116099,0.104487,0.114792,0.112371,0.102904
GOOGL,2016-09,0.111299,0.11,0.110156,0.116728,0.116185,0.1032,0.116616,0.111494,0.104321
GOOGL,2016-12,0.11149,0.109114,0.114461,0.118707,0.12273,0.104905,0.108938,0.101844,0.107812
GOOGL,2017-03,0.109811,0.109463,0.110385,0.115565,0.116946,0.103684,0.115325,0.113928,0.104895
GOOGL,2017-06,0.110397,0.1101,0.111385,0.115521,0.117366,0.103708,0.114204,0.113948,0.103372
GOOGL,2017-09,0.110279,0.109891,0.109311,0.115789,0.117278,0.103122,0.117363,0.112211,0.104757
GOOGL,2017-12,0.111172,0.110051,0.114111,0.118149,0.123047,0.106572,0.109155,0.101235,0.106508
GOOGL,2018-03,0.112373,0.11049,0.109334,0.116304,0.116052,0.103315,0.113046,0.113541,0.105544
GOOGL,2018-06,0.111717,0.109861,0.110825,0.117563,0.116933,0.10394,0.112477,0.113419,0.103265
GOOGL,2018-09,0.113377,0.111026,0.108262,0.116874,0.116142,0.102997,0.114148,0.112268,0.104906
GOOGL,2018-12,0.112022,0.110579,0.112935,0.119775,0.122656,0.104544,0.109313,0.100965,0.10721
GOOGL,2019-03,0.111734,0.112025,0.110586,0.113331,0.117281,0.102721,0.114802,0.111561,0.10596
GOOGL,2019-06,0.111186,0.11217,0.111143,0.113697,0.117549,0.10422,0.11357,0.112733,0.103733
GOOGL,2019-09,0.111555,0.112782,0.109153,0.114009,0.117041,0.102598,0.116488,0.111587,0.104787
GOOGL,2019-12,0.111127,0.114017,0.113197,0.118415,0.119595,0.102837,0.10816,0.101737,0.110915
GOOGL,2020-03,0.108455,0.11062,0.106703,0.115802,0.120336,0.106489,0.11533,0.110235,0.10603
GOOGL,2020-06,0.10863,0.111976,0.106245,0.117584,0.118319,0.107213,0.115379,0.10971,0.104943
GOOGL,2020-09,0.110102,0.112712,0.104693,0.116552,0.119035,0.105386,0.116624,0.109284,0.105611
GOOGL,2020-12,0.109974,0.11721,0.111453,0.11672,0.115694,0.105718,0.108052,0.104403,0.110777
GOOGL,2021-03,0.104091,0.107662,0.106245,0.120747,0.120567,0.109464,0.118057,0.108283,0.104884
GOOGL,2021-06,0.103473,0.107378,0.10565,0.12043,0.12146,0.109425,0.118367,0.108838,0.10498
GOOGL,2021-09,0.103747,0.107475,0.106415,0.120492,0.120765,0.109301,0.118682,0.108581,0.104541
GOOGL,2021-12,0.1107,0.117965,0.110234,0.116325,0.116478,0.104111,0.108079,0.104766,0.111343
GOOGL,2022-03,0.102941,0.1113,0.113371,0.114002,0.128961,0.108458,0.113902,0.106694,0.100371
GOOGL,2022-06,0.102941,0.1113,0.113371,0.114002,0.128961,0.108458,0.113902,0.106694,0.100371
GOOGL,2022-09,0.102941,0.1113,0.113371,0.114002,0.128961,0.108458,0.113902,0.106694,0.100371
GOOGL,2022-12,0.108472,0.1168,0.110732,0.114626,0.118713,0.107747,0.110227,0.101977,0.110705
GOOGL,2023-03,0.106558,0.11265,0.115692,0.114516,0.122073,0.104833,0.113997,0.110846,0.098836
GOOGL,2023-06,0.106558,0.11265,0.115692,0.114516,0.122073,0.104833,0.113997,0.110846,0.098836
GOOGL,2023-09,0.106558,0.11265,0.115692,0.114516,0.122073,0.104833,0.113997,0.110846,0.098836
GOOGL,2023-12,0.112194,0.121834,0.108427,0.116656,0.113796,0.10012,0.109571,0.104037,0.113365
GOOGL,2024-03,0.107794,0.112429,0.115445,0.114871,0.121504,0.104878,0.114325,0.110205,0.098549
GOOGL,2024-06,0.107747,0.11214,0.116326,0.115129,0.122342,0.104385,0.113801,0.109575,0.098555
GOOGL,2024-09,0.107705,0.11219,0.116375,0.115114,0.122359,0.10445,0.113774,0.109541,0.098491
GOOGL,2024-12,0.111712,0.120683,0.109162,0.115139,0.114056,0.103106,0.109784,0.103315,0.113043
GOOGL,2025-03,0.106775,0.112308,0.11533,0.114793,0.121018,0.104369,0.114179,0.111785,0.099444
GOOGL,2025-06,0.106775,0.112308,0.11533,0.114793,0.121018,0.104369,0.114179,0.111785,0.099444
GOOGL,2025-09,0.106775,0.112308,0.11533,0.114793,0.121018,0.104369,0.114179,0.111785,0.099444
GOOGL,2025-12,0.112013,0.119604,0.110425,0.115512,0.114225,0.101992,0.109706,0.10223,0.114293
IBM,2013-09,0.111288,0.110091,0.118453,0.108743,0.111053,0.099543,0.117839,0.1203,0.102691
IBM,2013-12,0.115942,0.114939,0.113192,0.11531,0.106389,0.09333,0.108292,0.118746,0.113859
IBM,2014-03,0.115942,0.114939,0.113192,0.11531,0.106389,0.09333,0.108292,0.118746,0.113859
IBM,2014-06,0.115942,0.114939,0.113192,0.11531,0.106389,0.09333,0.108292,0.118746,0.113859
IBM,2014-09,0.109675,0.116311,0.121016,0.11558,0.110785,0.101704,0.112902,0.108253,0.103774
IBM,2014-12,0.114579,0.118885,0.116265,0.113139,0.105637,0.092312,0.109087,0.117621,0.112475
IBM,2015-03,0.108315,0.12029,0.120445,0.116434,0.110433,0.095472,0.113383,0.115112,0.100115
IBM,2015-06,0.108315,0.12029,0.120445,0.116434,0.110433,0.095472,0.113383,0.115112,0.100115
IBM,2015-09,0.110419,0.113975,0.120272,0.11702,0.109317,0.09785,0.112622,0.113302,0.105223
IBM,2015-12,0.113971,0.106278,0.112935,0.119734,0.115827,0.094263,0.117398,0.114631,0.104965
IBM,2016-03,0.115413,0.114221,0.12257,0.106888,0.106402,0.097085,0.11574,0.111518,0.110162
IBM,2016-06,0.114956,0.105022,0.117647,0.115438,0.110921,0.096546,0.115699,0.118413,0.105357
IBM,2016-09,0.115724,0.10641,0.114272,0.116082,0.109606,0.095423,0.119757,0.115151,0.107576
IBM,2016-12,0.112449,0.116442,0.112781,0.111163,0.107872,0.097272,0.116383,0.110095,0.115544
IBM,2017-03,0.110777,0.105547,0.11512,0.113714,0.111627,0.099369,0.119561,0.11793,0.106354
IBM,2017-06,0.112729,0.107682,0.117094,0.112167,0.113358,0.096192,0.118432,0.118658,0.103689
IBM,2017-09,0.114783,0.10728,0.113669,0.114219,0.112929,0.093318,0.121164,0.116609,0.106028
IBM,2017-12,0.112788,0.117769,0.113252,0.110848,0.107167,0.097634,0.115696,0.109307,0.115539
IBM,2018-03,0.109639,0.111051,0.119779,0.110455,0.109946,0.097275,0.118281,0.117139,0.106435
IBM,2018-06,0.110273,0.111266,0.121087,0.109654,0.112653,0.096116,0.117399,0.119288,0.102264
IBM,2018-09,0.111578,0.111318,0.117713,0.11013,0.112527,0.093995,0.12006,0.118146,0.104533
IBM,2018-12,0.113019,0.118347,0.113306,0.111501,0.106529,0.096735,0.115627,0.109133,0.115803
IBM,2019-03,0.10871,0.105916,0.117168,0.111171,0.110264,0.104191,0.118849,0.119444,0.104288
IBM,2019-06,0.109997,0.108,0.118373,0.110639,0.112545,0.102213,0.117133,0.119562,0.10154
IBM,2019-09,0.112028,0.115249,0.115425,0.108835,0.106783,0.09662,0.116665,0.122695,0.105702
IBM,2019-12,0.11751,0.116218,0.115149,0.115086,0.107413,0.088558,0.108934,0.11561,0.115522
IBM,2020-03,0.109801,0.117572,0.117726,0.110242,0.104656,0.097748,0.112949,0.12188,0.107426
IBM,2020-06,0.111498,0.118908,0.116096,0.110071,0.106362,0.098058,0.111856,0.123476,0.103674
IBM,2020-09,0.114043,0.120935,0.114924,0.107941,0.104206,0.093044,0.116274,0.121044,0.107588
IBM,2020-12,0.120053,0.120414,0.113961,0.115792,0.104685,0.087008,0.108142,0.115388,0.114557
IBM,2021-03,0.114882,0.115206,0.117874,0.111977,0.105348,0.094174,0.11593,0.119847,0.104762
IBM,2021-06,0.113528,0.112229,0.117725,0.110989,0.111177,0.09581,0.115727,0.121347,0.101469
IBM,2021-09,0.11129,0.114741,0.11571,0.110767,0.108685,0.094331,0.119714,0.119204,0.105557
IBM,2021-12,0.120773,0.121188,0.114539,0.115347,0.10513,0.086876,0.10802,0.114361,0.113766
IBM,2022-03,0.110349,0.114576,0.118108,0.111414,0.105886,0.096311,0.117401,0.120376,0.105578
IBM,2022-06,0.110192,0.114693,0.117936,0.110714,0.109958,0.096996,0.116788,0.120012,0.102711
IBM,2022-09,0.113375,0.116326,0.116901,0.111565,0.108028,0.092469,0.119324,0.117614,0.104398
IBM,2022-12,0.119999,0.122864,0.115204,0.1137,0.104097,0.088716,0.108206,0.115022,0.112191
IBM,2023-03,0.113093,0.114427,0.115021,0.113956,0.106885,0.092472,0.118506,0.115075,0.110566
IBM,2023-06,0.114544,0.115266,0.113828,0.11609,0.106874,0.09309,0.117858,0.114394,0.108056
IBM,2023-09,0.11636,0.119085,0.113502,0.113266,0.10475,0.090439,0.117893,0.115216,0.109488
IBM,2023-12,0.119972,0.123375,0.114793,0.112787,0.103853,0.089338,0.108238,0.114999,0.112645
IBM,2024-03,0.108985,0.107813,0.117569,0.110817,0.111042,0.100895,0.118704,0.114895,0.109281
IBM,2024-06,0.109651,0.10903,0.116871,0.111099,0.110579,0.100283,0.118675,0.114527,0.109285
IBM,2024-09,0.113624,0.112229,0.11447,0.113187,0.108676,0.098346,0.118244,0.115455,0.105768
IBM,2024-12,0.120099,0.122926,0.115179,0.113737,0.104054,0.088257,0.108204,0.115205,0.112339
IBM,2025-03,0.108204,0.10793,0.121477,0.109246,0.112008,0.10018,0.116496,0.117723,0.106737
IBM,2025-06,0.109208,0.1077,0.120816,0.108494,0.113921,0.10001,0.116122,0.11895,0.10478
IBM,2025-09,0.115752,0.114996,0.11633,0.111031,0.109036,0.093711,0.115481,0.118749,0.104915
IBM,2025-12,0.12027,0.122996,0.115211,0.113681,0.10393,0.088504,0.108145,0.115197,0.112066
INTC,2013-09,0.102659,0.105939,0.122901,0.106842,0.112209,0.103819,0.122924,0.114629,0.108078
INTC,2013-12,0.132792,0.112353,0.108041,0.121665,0.104469,0.093734,0.10454,0.113817,0.108588
INTC,2014-03,0.101885,0.105772,0.122826,0.106188,0.112349,0.103304,0.122619,0.115318,0.109739
INTC,2014-06,0.102377,0.105466,0.122937,0.106686,0.112445,0.103166,0.122536,0.115479,0.108908
INTC,2014-09,0.102315,0.10551,0.122346,0.106559,0.112582,0.103099,0.123197,0.115153,0.10924
INTC,2014-12,0.132071,0.111062,0.105642,0.123798,0.104106,0.094622,0.104735,0.114665,0.1093
INTC,2015-03,0.1015,0.105494,0.123917,0.106136,0.111464,0.102911,0.122052,0.116833,0.109694
INTC,2015-06,0.109968,0.107814,0.116021,0.110409,0.109983,0.102628,0.118436,0.115449,0.109293
INTC,2015-09,0.109896,0.107314,0.116209,0.11078,0.110123,0.102182,0.118825,0.115263,0.109408
INTC,2015-12,0.126606,0.111835,0.104664,0.126445,0.108535,0.097691,0.104401,0.113823,0.106
INTC,2016-03,0.126606,0.111835,0.104664,0.126445,0.108535,0.097691,0.104401,0.113823,0.106
INTC,2016-06,0.108409,0.107963,0.118083,0.109033,0.108309,0.101883,0.118887,0.116847,0.110586
INTC,2016-09,0.113639,0.109801,0.114292,0.110886,0.107376,0.09948,0.118436,0.117209,0.10888
INTC,2016-12,0.119763,0.113222,0.1079375,0.11708701,0.105619,0.0972805,0.112794,0.1150835,0.111214
INTC,2017-03,0.119763,0.113222,0.1079375,0.11708701,0.105619,0.0972805,0.112794,0.1150835,0.111214
INTC,2017-06,0.116203,0.1109,0.111499,0.112153,0.109463,0.102422,0.115349,0.114042,0.107969
INTC,2017-09,0.115187496,0.109761,0.1118015,0.1128,0.110176995,0.101054996,0.1172555,0.113442004,0.10852
INTC,2017-12,0.118012,0.110296,0.109321,0.115892,0.10899,0.101459,0.109551,0.117651,0.108829
INTC,2018-03,0.102209,0.111816,0.119553,0.106698,0.110564,0.106252,0.125983,0.11186,0.105066
INTC,2018-06,0.102551,0.11146,0.120059,0.106579,0.110818,0.10612,0.125972,0.111556,0.104885
INTC,2018-09,0.102551,0.11146,0.120059,0.106579,0.110818,0.10612,0.125972,0.111556,0.104885
INTC,2018-12,0.117349,0.110065,0.107791,0.115919,0.1109,0.100382,0.112082,0.11623,0.109283
INTC,2019-03,0.102551,0.11146,0.120059,0.106579,0.110818,0.10612,0.125972,0.111556,0.104885
INTC,2019-06,0.102957,0.110711,0.12036,0.106575,0.11106,0.106064,0.125759,0.111724,0.104789
INTC,2019-09,0.102551,0.11146,0.120059,0.106579,0.110818,0.10612,0.125972,0.111556,0.104885
INTC,2019-12,0.117052,0.110394,0.110187,0.115448,0.110371,0.096626,0.111978,0.116706,0.111236
INTC,2020-03,0.1031,0.111767,0.119186,0.107365,0.111093,0.105488,0.125136,0.111027,0.105841
INTC,2020-06,0.102442,0.112328,0.119586,0.107612,0.11116,0.105396,0.125002,0.110968,0.105507
INTC,2020-09,0.102442,0.112328,0.119586,0.107612,0.11116,0.105396,0.125002,0.110968,0.105507
INTC,2020-12,0.112315,0.110842,0.113184,0.116036,0.110886,0.099147,0.114347,0.113715,0.109529
INTC,2021-03,0.102551,0.11146,0.120059,0.106579,0.110818,0.10612,0.125972,0.111556,0.104885
INTC,2021-06,0.102551,0.11146,0.120059,0.106579,0.110818,0.10612,0.125972,0.111556,0.104885
INTC,2021-09,0.102173,0.111059,0.119504,0.107432,0.11193,0.10572,0.125737,0.111353,0.105092
INTC,2021-12,0.121494,0.107513,0.108709,0.114982,0.112673,0.100626,0.109025,0.112273,0.112706
INTC,2022-03,0.121494,0.107513,0.108709,0.114982,0.112673,0.100626,0.109025,0.112273,0.112706
INTC,2022-06,0.102173,0.111059,0.119504,0.107432,0.11193,0.10572,0.125737,0.111353,0.105092
INTC,2022-09,0.102637,0.112777,0.117832,0.108234,0.113839,0.101038,0.124391,0.111971,0.107281
INTC,2022-12,0.108929,0.109559506,0.1158745,0.1101055,0.1130275,0.1015725,0.1173345,0.113012,0.110585496
INTC,2023-03,0.108929,0.109559506,0.1158745,0.1101055,0.1130275,0.1015725,0.1173345,0.113012,0.110585496
INTC,2023-06,0.1029,0.112874,0.11757,0.108678,0.11378,0.100773,0.124308,0.111606,0.107512
INTC,2023-09,0.1029,0.112874,0.11757,0.108678,0.11378,0.100773,0.124308,0.111606,0.107512
INTC,2023-12,0.117209,0.107451,0.113234,0.112017,0.111144,0.099719,0.110528,0.114337,0.114359
INTC,2024-03,0.1029,0.112874,0.11757,0.108678,0.11378,0.100773,0.124308,0.111606,0.107512
INTC,2024-06,0.1029,0.112874,0.11757,0.108678,0.11378,0.100773,0.124308,0.111606,0.107512
INTC,2024-09,0.1029,0.112874,0.11757,0.108678,0.11378,0.100773,0.124308,0.111606,0.107512
INTC,2024-12,0.102394,0.106488,0.126292,0.107512,0.117766,0.097961,0.122568,0.111625,0.107393
INTC,2025-03,0.102063,0.113232,0.118839,0.108353,0.114311,0.099071,0.124891,0.111294,0.107946
INTC,2025-06,0.102005,0.112536,0.118414,0.10877,0.115163,0.098443,0.125675,0.111674,0.107319
INTC,2025-09,0.102063,0.113232,0.118839,0.108353,0.114311,0.099071,0.124891,0.111294,0.107946
INTC,2025-12,0.102388,0.106416,0.126324,0.107444,0.117841,0.098344,0.122369,0.111372,0.107502
INTU,2013-09,0.109063,0.109823,0.124037,0.110167,0.111149,0.097678,0.113634,0.119391,0.105058
INTU,2013-12,0.103583,0.103231,0.124297,0.111819,0.113271,0.097922,0.125902,0.11599,0.103984
INTU,2014-03,0.103583,0.103231,0.124297,0.111819,0.113271,0.097922,0.125902,0.11599,0.103984
INTU,2014-06,0.103583,0.103231,0.124297,0.111819,0.113271,0.097922,0.125902,0.11599,0.103984
INTU,2014-09,0.108464,0.109514,0.125984,0.108646,0.111061,0.097737,0.114278,0.11859,0.105726
INTU,2014-12,0.103896,0.102921,0.12587,0.111457,0.113186,0.096337,0.124704,0.11669,0.104938
INTU,2015-03,0.104133,0.101968,0.124977,0.113482,0.113495,0.096535,0.124427,0.116039,0.104944
INTU,2015-06,0.104133,0.101968,0.124977,0.113482,0.113495,0.096535,0.124427,0.116039,0.104944
INTU,2015-09,0.107676,0.10852,0.126113,0.109214,0.112022,0.098083,0.115085,0.11783,0.105458
INTU,2015-12,0.105421,0.102328,0.126056,0.111325,0.112782,0.095234,0.124195,0.116984,0.105675
INTU,2016-03,0.105536,0.102104,0.125988,0.111666,0.112809,0.095668,0.12396,0.116692,0.105576
INTU,2016-06,0.105112,0.101667,0.125938,0.111841,0.112758,0.096065,0.124131,0.116654,0.105834
INTU,2016-09,0.107832,0.107968,0.12622,0.109458,0.112341,0.0984,0.114562,0.11739,0.105829
INTU,2016-12,0.105081,0.101522,0.125065,0.112156,0.11334,0.096853,0.124138,0.116341,0.105505
INTU,2017-03,0.104111,0.102963,0.12392,0.11096,0.113554,0.097832,0.124733,0.116381,0.105546
INTU,2017-06,0.103707,0.103399,0.124175,0.109106,0.112863,0.0987,0.124996,0.116593,0.106459
INTU,2017-09,0.109748,0.105392,0.123378,0.111158,0.114275,0.09761,0.115377,0.117043,0.106018
INTU,2017-12,0.102898,0.101082,0.1225,0.111252,0.114845,0.098627,0.123242,0.117103,0.108451
INTU,2018-03,0.102837,0.100996,0.122552,0.111283,0.114853,0.098676,0.123242,0.117048,0.108513
INTU,2018-06,0.102734,0.100933,0.122521,0.111245,0.114822,0.098595,0.12329,0.117359,0.108501
INTU,2018-09,0.110544,0.105359,0.123053,0.110244,0.114018,0.097552,0.115459,0.117084,0.106686
INTU,2018-12,0.102997,0.104363,0.123336,0.109137,0.112068,0.099217,0.124038,0.118619,0.106224
INTU,2019-03,0.103015,0.104476,0.123183,0.10907,0.112049,0.099431,0.124132,0.118652,0.105991
INTU,2019-06,0.103038,0.104295,0.122651,0.109121,0.112443,0.099094,0.124363,0.118925,0.10607
INTU,2019-09,0.11024,0.105466,0.12327,0.109817,0.11403,0.096918,0.11766,0.115989,0.106611
INTU,2019-12,0.104081,0.102981,0.122466,0.111482,0.112845,0.098009,0.123511,0.115997,0.108627
INTU,2020-03,0.104081,0.102981,0.122466,0.111482,0.112845,0.098009,0.123511,0.115997,0.108627
INTU,2020-06,0.104661,0.109937,0.116444,0.114268,0.109131,0.10243,0.124394,0.11041,0.108324
INTU,2020-09,0.110227,0.105501,0.123268,0.109818,0.114018,0.096891,0.117657,0.116017,0.106603
INTU,2020-12,0.106193,0.10806,0.119007,0.115912,0.110612,0.101013,0.120435,0.110723,0.108044
INTU,2021-03,0.103932,0.107926,0.116244,0.115494,0.111263,0.105179,0.121055,0.11145,0.107457
INTU,2021-06,0.103908,0.107899,0.116266,0.115492,0.111285,0.105148,0.121059,0.111465,0.107476
INTU,2021-09,0.108965,0.105444,0.121026,0.111232,0.113654,0.098844,0.117691,0.116239,0.106905
INTU,2021-12,0.108162,0.105491,0.117711,0.111682,0.112283,0.102685,0.121802,0.113352,0.106831
INTU,2022-03,0.106979,0.105161,0.11552,0.110913,0.114197,0.103689,0.12272,0.113495,0.107326
INTU,2022-06,0.106562,0.106787,0.115405,0.111819,0.112652,0.102434,0.122208,0.116429,0.105702
INTU,2022-09,0.113127,0.10629,0.118585,0.112018,0.1122,0.095512,0.11636,0.115666,0.110241
INTU,2022-12,0.105546,0.102552,0.117999,0.111089,0.11523,0.102238,0.122371,0.116231,0.106744
INTU,2023-03,0.105546,0.102552,0.117999,0.111089,0.11523,0.102238,0.122371,0.116231,0.106744
INTU,2023-06,0.106084,0.103158,0.118469,0.110155,0.115065,0.101373,0.123713,0.115562,0.106419
INTU,2023-09,0.113413,0.107115,0.118387,0.111949,0.111558,0.094777,0.116464,0.11639,0.109947
INTU,2023-12,0.104039,0.103231,0.120319,0.113154,0.115947,0.097314,0.123878,0.112314,0.109805
INTU,2024-03,0.103897,0.103129,0.121103,0.112969,0.11607,0.096845,0.124168,0.112467,0.109352
INTU,2024-06,0.104436,0.104492,0.121776,0.113004,0.115231,0.09702,0.123976,0.112643,0.107421
INTU,2024-09,0.111894,0.109263,0.115499,0.112864,0.112308,0.098361,0.114563,0.117838,0.107411
INTU,2024-12,0.104223,0.104654,0.120944,0.111932,0.112979,0.099829,0.124512,0.114156,0.106772
INTU,2025-03,0.104191,0.104656,0.120938,0.111962,0.113031,0.099804,0.124502,0.114186,0.106732
INTU,2025-06,0.104292,0.105227,0.121,0.111821,0.112634,0.099752,0.124634,0.114328,0.106311
INTU,2025-09,0.114802,0.116639,0.113811,0.114917,0.105361,0.094798,0.113781,0.116747,0.109143
INTU,2025-12,0.104454,0.102283,0.117737,0.114662,0.114914,0.102717,0.122744,0.113768,0.106723
KLAC,2013-09,0.121882,0.105507,0.108852,0.120209,0.109183,0.096965,0.11622,0.113672,0.107509
KLAC,2013-12,0.121882,0.105507,0.108852,0.120209,0.109183,0.096965,0.11622,0.113672,0.107509
KLAC,2014-03,0.12184,0.105584,0.108804,0.120435,0.109052,0.096911,0.116518,0.113723,0.107132
KLAC,2014-06,0.128347,0.103993,0.107625,0.120483,0.108633,0.086805,0.115125,0.111902,0.117087
KLAC,2014-09,0.123197,0.106512,0.108454,0.119708,0.109863,0.096034,0.115433,0.112887,0.107913
KLAC,2014-12,0.122906,0.107076,0.108183,0.118832,0.109807,0.095304,0.116108,0.113388,0.108396
KLAC,2015-03,0.122328,0.1068,0.108779,0.117543,0.110483,0.096422,0.11574,0.113662,0.108242
KLAC,2015-06,0.128882,0.104566,0.10688,0.12039,0.108552,0.086623,0.115272,0.111834,0.117001
KLAC,2015-09,0.121764,0.107018,0.108844,0.118412,0.110216,0.096414,0.115995,0.113427,0.10791
KLAC,2015-12,0.122737,0.106632,0.110121,0.117272,0.109449,0.095894,0.115581,0.114423,0.107891
KLAC,2016-03,0.122737,0.106632,0.110121,0.117272,0.109449,0.095894,0.115581,0.114423,0.107891
KLAC,2016-06,0.129309,0.103992,0.10747,0.120572,0.108546,0.086228,0.114808,0.111938,0.117137
KLAC,2016-09,0.122176,0.107221,0.108944,0.117837,0.110015,0.096144,0.115918,0.11356,0.108186
KLAC,2016-12,0.122176,0.107221,0.108944,0.117837,0.110015,0.096144,0.115918,0.11356,0.108186
KLAC,2017-03,0.122176,0.107221,0.108944,0.117837,0.110015,0.096144,0.115918,0.11356,0.108186
KLAC,2017-06,0.129979,0.104124,0.107452,0.121055,0.108096,0.085854,0.114425,0.112038,0.116977
KLAC,2017-09,0.122176,0.107221,0.108944,0.117837,0.110015,0.096144,0.115918,0.11356,0.108186
KLAC,2017-12,0.121737,0.106726,0.109287,0.117509,0.110546,0.095961,0.116171,0.113802,0.108263
KLAC,2018-03,0.121737,0.106726,0.109287,0.117509,0.110546,0.095961,0.116171,0.113802,0.108263
KLAC,2018-06,0.130003,0.103261,0.107464,0.121625,0.108341,0.085473,0.114314,0.113104,0.116414
KLAC,2018-09,0.121834,0.107146,0.109569,0.117339,0.11052,0.095481,0.116186,0.113525,0.1084
KLAC,2018-12,0.121834,0.107146,0.109569,0.117339,0.11052,0.095481,0.116186,0.113525,0.1084
KLAC,2019-03,0.121834,0.107146,0.109569,0.117339,0.11052,0.095481,0.116186,0.113525,0.1084
KLAC,2019-06,0.130116,0.100966,0.10803,0.122982,0.108283,0.087251,0.113191,0.113123,0.116058
KLAC,2019-09,0.121869,0.107416,0.109857,0.117594,0.110267,0.095719,0.115572,0.113621,0.108086
KLAC,2019-12,0.121869,0.107416,0.109857,0.117594,0.110267,0.095719,0.115572,0.113621,0.108086
KLAC,2020-03,0.122405,0.108233,0.108556,0.119166,0.109069,0.097914,0.115109,0.11287,0.106678
KLAC,2020-06,0.130764,0.100091,0.110743,0.123284,0.108642,0.088335,0.109055,0.112128,0.116957
KLAC,2020-09,0.122598,0.11011,0.108463,0.119855,0.107902,0.097585,0.114072,0.112637,0.106779
KLAC,2020-12,0.122598,0.11011,0.108463,0.119855,0.107902,0.097585,0.114072,0.112637,0.106779
KLAC,2021-03,0.122598,0.11011,0.108463,0.119855,0.107902,0.097585,0.114072,0.112637,0.106779
KLAC,2021-06,0.130321,0.100171,0.111924,0.124085,0.10869,0.088796,0.108665,0.110002,0.117346
KLAC,2021-09,0.121837,0.109436,0.10816,0.119911,0.108489,0.098259,0.113928,0.113989,0.105992
KLAC,2021-12,0.121837,0.109436,0.10816,0.119911,0.108489,0.098259,0.113928,0.113989,0.105992
KLAC,2022-03,0.121523,0.109264,0.108601,0.120377,0.108367,0.098568,0.113338,0.113799,0.106163
KLAC,2022-06,0.13108,0.100799,0.111542,0.123534,0.108339,0.086493,0.110106,0.110593,0.117514
KLAC,2022-09,0.122158,0.10859,0.10865,0.12068,0.108234,0.097415,0.114064,0.114293,0.105916
KLAC,2022-12,0.122158,0.10859,0.10865,0.12068,0.108234,0.097415,0.114064,0.114293,0.105916
KLAC,2023-03,0.121697,0.108662,0.108169,0.119274,0.108954,0.097174,0.115012,0.114382,0.106675
KLAC,2023-06,0.130733,0.100934,0.111401,0.123336,0.107896,0.085603,0.109664,0.11118,0.119253
KLAC,2023-09,0.121483,0.109741,0.108679,0.119967,0.108051,0.098443,0.114158,0.113682,0.105796
KLAC,2023-12,0.121483,0.109741,0.108679,0.119967,0.108051,0.098443,0.114158,0.113682,0.105796
KLAC,2024-03,0.121483,0.109741,0.108679,0.119967,0.108051,0.098443,0.114158,0.113682,0.105796
KLAC,2024-06,0.129218,0.10106,0.111024,0.123888,0.109165,0.087098,0.109808,0.109178,0.119563
KLAC,2024-09,0.119463,0.108003,0.109066,0.118536,0.110006,0.097956,0.116193,0.114516,0.106262
KLAC,2024-12,0.119463,0.108003,0.109066,0.118536,0.110006,0.097956,0.116193,0.114516,0.106262
KLAC,2025-03,0.119618,0.108065,0.109152,0.117555,0.110217,0.097912,0.116857,0.114049,0.106575
KLAC,2025-06,0.130973,0.101648,0.11082,0.122734,0.106877,0.086234,0.11113,0.110154,0.119428
KLAC,2025-09,0.11927,0.107632,0.109306,0.117756,0.110462,0.09792,0.11678,0.114371,0.106502
KLAC,2025-12,0.11927,0.107632,0.109306,0.117756,0.110462,0.09792,0.11678,0.114371,0.106502
LRCX,2013-09,0.124908,0.106684,0.110794,0.117287,0.111198,0.093379,0.116622,0.109759,0.109368
LRCX,2013-12,0.124908,0.106684,0.110794,0.117287,0.111198,0.093379,0.116622,0.109759,0.109368
LRCX,2014-03,0.125857,0.106618,0.110574,0.117396,0.110592,0.093297,0.11775,0.109212,0.108704
LRCX,2014-06,0.134546,0.108234,0.102455,0.11833,0.107867,0.094922,0.109663,0.107501,0.116481
LRCX,2014-09,0.127613,0.105615,0.107584,0.117534,0.111965,0.094516,0.115879,0.109472,0.109822
LRCX,2014-12,0.127909,0.10556,0.107346,0.11758,0.111632,0.094484,0.115783,0.109903,0.109803
LRCX,2015-03,0.127909,0.10556,0.107346,0.11758,0.111632,0.094484,0.115783,0.109903,0.109803
LRCX,2015-06,0.135013,0.108167,0.102672,0.118982,0.107624,0.094623,0.109063,0.107878,0.115978
LRCX,2015-09,0.12471,0.104841,0.11053,0.116333,0.111827,0.092249,0.118162,0.11032,0.11103
LRCX,2015-12,0.125388,0.10484,0.109638,0.116157,0.112516,0.091697,0.118448,0.110148,0.111169
LRCX,2016-03,0.125388,0.10484,0.109638,0.116157,0.112516,0.091697,0.118448,0.110148,0.111169
LRCX,2016-06,0.131361,0.108579,0.104101,0.118956,0.10921,0.097002,0.109212,0.106833,0.114745
LRCX,2016-09,0.125822,0.106189,0.109686,0.116908,0.111717,0.09415,0.117411,0.109128,0.108991
LRCX,2016-12,0.124883,0.105968,0.108768,0.116698,0.111719,0.093536,0.118303,0.110777,0.109348
LRCX,2017-03,0.124883,0.105968,0.108768,0.116698,0.111719,0.093536,0.118303,0.110777,0.109348
LRCX,2017-06,0.129369,0.109697,0.106401,0.118514,0.109935,0.096754,0.110123,0.105747,0.11346
LRCX,2017-09,0.126519,0.10629,0.109178,0.117141,0.111961,0.094342,0.117452,0.108101,0.109016
LRCX,2017-12,0.124765,0.106708,0.110675,0.116341,0.112025,0.092223,0.118057,0.109759,0.109446
LRCX,2018-03,0.124494,0.106315,0.111001,0.116423,0.112978,0.092277,0.117129,0.109902,0.109481
LRCX,2018-06,0.128226,0.111654,0.107306,0.117841,0.110209,0.096472,0.109759,0.105003,0.11353
LRCX,2018-09,0.124158,0.107334,0.111376,0.115988,0.111392,0.093662,0.11752,0.111021,0.107549
LRCX,2018-12,0.125622,0.107351,0.109915,0.116437,0.111184,0.093309,0.117452,0.110744,0.107986
LRCX,2019-03,0.125089,0.107486,0.110182,0.116211,0.110977,0.093503,0.117793,0.110695,0.108063
LRCX,2019-06,0.130006,0.109591,0.106691,0.118287,0.109367,0.096631,0.109433,0.106415,0.113579
LRCX,2019-09,0.125487,0.10733,0.10987,0.116265,0.111235,0.093631,0.117491,0.110685,0.108007
LRCX,2019-12,0.125487,0.10733,0.10987,0.116265,0.111235,0.093631,0.117491,0.110685,0.108007
LRCX,2020-03,0.123263,0.108512,0.10997,0.117807,0.11069,0.095431,0.118225,0.109118,0.106983
LRCX,2020-06,0.130942,0.109166,0.10591,0.118163,0.109453,0.09587,0.109904,0.106543,0.114048
LRCX,2020-09,0.125154,0.107533,0.110175,0.116119,0.11091,0.093476,0.117805,0.110694,0.108133
LRCX,2020-12,0.125154,0.107533,0.110175,0.116119,0.11091,0.093476,0.117805,0.110694,0.108133
LRCX,2021-03,0.125154,0.107533,0.110175,0.116119,0.11091,0.093476,0.117805,0.110694,0.108133
LRCX,2021-06,0.129384,0.109836,0.105082,0.118975,0.10962,0.096537,0.110087,0.106135,0.114343
LRCX,2021-09,0.12414,0.105962,0.11135,0.116807,0.110109,0.094459,0.118593,0.111336,0.107244
LRCX,2021-12,0.12414,0.105962,0.11135,0.116807,0.110109,0.094459,0.118593,0.111336,0.107244
LRCX,2022-03,0.12414,0.105962,0.11135,0.116807,0.110109,0.094459,0.118593,0.111336,0.107244
LRCX,2022-06,0.129384,0.109836,0.105082,0.118975,0.10962,0.096537,0.110087,0.106135,0.114343
LRCX,2022-09,0.12414,0.105962,0.11135,0.116807,0.110109,0.094459,0.118593,0.111336,0.107244
LRCX,2022-12,0.12414,0.105962,0.11135,0.116807,0.110109,0.094459,0.118593,0.111336,0.107244
LRCX,2023-03,0.123964,0.105782,0.111359,0.116923,0.110422,0.09416,0.118979,0.111188,0.107224
LRCX,2023-06,0.129552,0.109834,0.104962,0.118924,0.109653,0.096802,0.109903,0.106062,0.114309
LRCX,2023-09,0.124452,0.105555,0.111162,0.116824,0.110483,0.094344,0.118492,0.111462,0.107227
LRCX,2023-12,0.124452,0.105555,0.111162,0.116824,0.110483,0.094344,0.118492,0.111462,0.107227
LRCX,2024-03,0.123869,0.105585,0.111606,0.116869,0.110443,0.094251,0.119459,0.111003,0.106916
LRCX,2024-06,0.129333,0.109651,0.105117,0.119099,0.109897,0.096859,0.109706,0.106222,0.114116
LRCX,2024-09,0.124758,0.105271,0.109856,0.117712,0.11019,0.0951,0.118916,0.11067,0.107528
LRCX,2024-12,0.124758,0.105271,0.109856,0.117712,0.11019,0.0951,0.118916,0.11067,0.107528
LRCX,2025-03,0.124758,0.105271,0.109856,0.117712,0.11019,0.0951,0.118916,0.11067,0.107528
LRCX,2025-06,0.128635,0.110357,0.10541,0.118953,0.109932,0.096631,0.109897,0.106134,0.114051
LRCX,2025-09,0.124758,0.105271,0.109856,0.117712,0.11019,0.0951,0.118916,0.11067,0.107528
LRCX,2025-12,0.124758,0.105271,0.109856,0.117712,0.11019,0.0951,0.118916,0.11067,0.107528
META,2013-09,0.101136,0.102962,0.117918,0.115601,0.116014,0.121162,0.115239,0.111751,0.098217
META,2013-12,0.099033,0.102297,0.112868,0.121071,0.115897,0.129029,0.109546,0.108178,0.102081
META,2014-03,0.101909,0.104778,0.116636,0.117582,0.114776,0.121163,0.113845,0.110567,0.098745
META,2014-06,0.102736,0.105625,0.116329,0.116121,0.114472,0.119575,0.113993,0.112277,0.098872
META,2014-09,0.102583,0.105182,0.117542,0.116229,0.114354,0.118037,0.114563,0.111899,0.099611
META,2014-12,0.091448,0.10072,0.116663,0.12117,0.115344,0.13385,0.114146,0.104883,0.101775
META,2015-03,0.105283,0.109068,0.117672,0.111953,0.112394,0.106775,0.12119,0.116443,0.099222
META,2015-06,0.108103,0.110342,0.115422,0.116521,0.111094,0.105053,0.119183,0.115283,0.099
META,2015-09,0.107568,0.109905,0.11486,0.1158,0.111545,0.104767,0.120437,0.1155,0.099618
META,2015-12,0.097532,0.106702,0.111639,0.121431,0.1127,0.125063,0.110585,0.107893,0.106455
META,2016-03,0.107545,0.110149,0.115293,0.116453,0.111115,0.104234,0.11994,0.115594,0.099677
META,2016-06,0.107997,0.110603,0.115502,0.115598,0.110987,0.105703,0.119276,0.115579,0.098757
META,2016-09,0.107952,0.110382,0.114548,0.115087,0.111158,0.104625,0.120863,0.115663,0.099723
META,2016-12,0.100111,0.105793,0.111085,0.122412,0.112559,0.123616,0.109748,0.105166,0.109509
META,2017-03,0.107726,0.11128,0.116951,0.111915,0.110806,0.103156,0.120852,0.117352,0.099963
META,2017-06,0.108377,0.11137,0.116699,0.111628,0.110532,0.10429,0.120294,0.11721,0.0996
META,2017-09,0.108269,0.111013,0.115737,0.111363,0.110902,0.103401,0.121534,0.117451,0.100329
META,2017-12,0.101424,0.107599,0.110724,0.12118,0.11281,0.125158,0.109598,0.104561,0.106946
META,2018-03,0.107728,0.111164,0.11699,0.111982,0.110862,0.103173,0.120906,0.117269,0.099927
META,2018-06,0.108377,0.11137,0.116699,0.111628,0.110532,0.10429,0.120294,0.11721,0.0996
META,2018-09,0.108269,0.111013,0.115737,0.111363,0.110902,0.103401,0.121534,0.117451,0.100329
META,2018-12,0.101935,0.105249,0.112624,0.121893,0.112845,0.123418,0.109771,0.104334,0.107931
META,2019-03,0.107214,0.11092,0.116428,0.111865,0.111681,0.104109,0.120756,0.117184,0.099843
META,2019-06,0.108279,0.111717,0.116646,0.111955,0.11093,0.104453,0.12014,0.116858,0.099023
META,2019-09,0.107885,0.110322,0.115031,0.112119,0.113178,0.104177,0.121631,0.116189,0.099467
META,2019-12,0.101959,0.106286,0.112454,0.122533,0.111685,0.12211,0.109881,0.104482,0.10861
META,2020-03,0.105465,0.111028,0.113263,0.112412,0.112052,0.112656,0.119547,0.115168,0.098408
META,2020-06,0.107377,0.111696,0.113775,0.112925,0.111565,0.112781,0.118249,0.115166,0.096465
META,2020-09,0.107369,0.111353,0.111864,0.11282,0.111795,0.111451,0.12055,0.114882,0.097917
META,2020-12,0.10026,0.108583,0.109383,0.122035,0.111351,0.123257,0.111291,0.103608,0.110232
META,2021-03,0.105465,0.111028,0.113263,0.112412,0.112052,0.112656,0.119547,0.115168,0.098408
META,2021-06,0.107377,0.111696,0.113775,0.112925,0.111565,0.112781,0.118249,0.115166,0.096465
META,2021-09,0.106581,0.108999,0.117503,0.113348,0.109631,0.107903,0.118115,0.114214,0.103707
META,2021-12,0.101793,0.108155,0.112076,0.12021,0.112978,0.120479,0.1108,0.104305,0.109204
META,2022-03,0.107855,0.112481,0.117577,0.113895,0.107565,0.10494,0.118808,0.113778,0.1031
META,2022-06,0.107056,0.112417,0.118602,0.113685,0.107158,0.10571,0.119238,0.113969,0.102165
META,2022-09,0.108128,0.111592,0.117346,0.113573,0.109093,0.105403,0.121608,0.115101,0.098155
META,2022-12,0.108989,0.112302,0.11009,0.118985,0.110711,0.11367,0.112365,0.104361,0.108529
META,2023-03,0.108617,0.112396,0.118027,0.111548,0.109297,0.103511,0.121386,0.114576,0.100641
META,2023-06,0.10872,0.11205,0.117392,0.111729,0.109344,0.103522,0.121757,0.115006,0.100481
META,2023-09,0.108,0.111672,0.117557,0.110843,0.109227,0.103318,0.122024,0.116299,0.101061
META,2023-12,0.110094,0.113166,0.108746,0.120455,0.110571,0.110574,0.111196,0.10457,0.11063
META,2024-03,0.107559,0.111114,0.120006,0.113036,0.109738,0.103698,0.119948,0.115457,0.099443
META,2024-06,0.108626,0.11113,0.118458,0.111361,0.110239,0.102895,0.121276,0.11545,0.100566
META,2024-09,0.107904,0.110715,0.118648,0.110542,0.110236,0.102705,0.121473,0.116654,0.101124
META,2024-12,0.112807,0.115082,0.104815,0.122189,0.110135,0.106892,0.111114,0.106381,0.110586
META,2025-03,0.109235,0.11276,0.117733,0.113214,0.108359,0.101135,0.120545,0.115667,0.101352
META,2025-06,0.109169,0.111722,0.117064,0.113711,0.109507,0.101919,0.1204,0.115556,0.100954
META,2025-09,0.108179,0.11143,0.117724,0.112406,0.109495,0.101682,0.120713,0.116817,0.101554
META,2025-12,0.114148,0.116752,0.101432,0.124788,0.105573,0.108121,0.109555,0.109346,0.110286
MSFT,2013-09,0.108071,0.111114,0.119423,0.115208,0.109366,0.101252,0.114564,0.115025,0.105977
MSFT,2013-12,0.107536,0.111908,0.119227,0.114944,0.109129,0.102119,0.114793,0.114918,0.105425
MSFT,2014-03,0.107402,0.110053,0.119423,0.115391,0.108738,0.100714,0.115569,0.115283,0.107427
MSFT,2014-06,0.110694,0.113449,0.124479,0.121905,0.108799,0.095925,0.10682,0.110155,0.107774
MSFT,2014-09,0.10776,0.112093,0.119629,0.115691,0.107843,0.101493,0.114801,0.115405,0.105285
MSFT,2014-12,0.10776,0.112093,0.119629,0.115691,0.107843,0.101493,0.114801,0.115405,0.105285
MSFT,2015-03,0.10776,0.112093,0.119629,0.115691,0.107843,0.101493,0.114801,0.115405,0.105285
MSFT,2015-06,0.105305,0.118009,0.116313,0.119755,0.107232,0.09916,0.108134,0.112475,0.113617
MSFT,2015-09,0.106692,0.111942,0.119934,0.115757,0.107884,0.102173,0.115524,0.115364,0.104731
MSFT,2015-12,0.106421,0.111972,0.120803,0.115336,0.107387,0.102061,0.11581,0.115386,0.104824
MSFT,2016-03,0.106421,0.111972,0.120803,0.115336,0.107387,0.102061,0.11581,0.115386,0.104824
MSFT,2016-06,0.10524,0.118634,0.115114,0.118258,0.106669,0.10009,0.108294,0.113934,0.113767
MSFT,2016-09,0.106126,0.116342,0.117771,0.11371,0.107172,0.101103,0.116403,0.116099,0.105275
MSFT,2016-12,0.106615,0.116096,0.117556,0.113811,0.106706,0.101317,0.116427,0.11643,0.105042
MSFT,2017-03,0.106811,0.11701,0.117217,0.113754,0.106574,0.101247,0.116366,0.116373,0.104647
MSFT,2017-06,0.108649,0.118754,0.112876,0.116795,0.107992,0.097332,0.108102,0.114188,0.115312
MSFT,2017-09,0.109504,0.116947,0.116173,0.114662,0.106262,0.10043,0.114365,0.116101,0.105557
MSFT,2017-12,0.109151,0.115975,0.116455,0.115113,0.106297,0.099898,0.115383,0.116097,0.105631
MSFT,2018-03,0.109675,0.116289,0.115495,0.115614,0.106499,0.099291,0.115236,0.115761,0.106142
MSFT,2018-06,0.110004,0.117372,0.114711,0.121204,0.106662,0.098238,0.104284,0.114749,0.112776
MSFT,2018-09,0.108128,0.113603,0.118325,0.114396,0.107765,0.100873,0.115947,0.115408,0.105555
MSFT,2018-12,0.108147,0.113326,0.118476,0.114493,0.107972,0.100953,0.116106,0.115122,0.105404
MSFT,2019-03,0.108036,0.113303,0.118556,0.114367,0.107935,0.100927,0.116009,0.115446,0.105422
MSFT,2019-06,0.111169,0.117616,0.112479,0.12347,0.10576,0.097951,0.104216,0.114311,0.113028
MSFT,2019-09,0.107966,0.115302,0.117989,0.114097,0.107563,0.101069,0.115881,0.114998,0.105135
MSFT,2019-12,0.107994,0.115207,0.117964,0.114119,0.107571,0.10112,0.115984,0.114964,0.105076
MSFT,2020-03,0.10791,0.114181,0.117788,0.114804,0.108444,0.100464,0.1158,0.11528,0.105329
MSFT,2020-06,0.11214,0.11386,0.119148,0.120133,0.106421,0.097965,0.103516,0.114221,0.112597
MSFT,2020-09,0.109175,0.113788,0.116849,0.115222,0.107255,0.101772,0.114627,0.11448,0.106832
MSFT,2020-12,0.109313,0.114079,0.116646,0.115495,0.107302,0.101746,0.114379,0.114298,0.106742
MSFT,2021-03,0.109313,0.114079,0.116646,0.115495,0.107302,0.101746,0.114379,0.114298,0.106742
MSFT,2021-06,0.110385,0.113018,0.119714,0.122278,0.107887,0.095813,0.104445,0.114328,0.112131
MSFT,2021-09,0.109461,0.114215,0.116609,0.115609,0.107145,0.101957,0.114598,0.114424,0.105983
MSFT,2021-12,0.109461,0.114215,0.116609,0.115609,0.107145,0.101957,0.114598,0.114424,0.105983
MSFT,2022-03,0.109461,0.114215,0.116609,0.115609,0.107145,0.101957,0.114598,0.114424,0.105983
MSFT,2022-06,0.110518,0.113962,0.120188,0.11953,0.106972,0.095962,0.106244,0.114822,0.111803
MSFT,2022-09,0.108013,0.11305,0.118036,0.115129,0.108285,0.10107,0.115943,0.115065,0.105409
MSFT,2022-12,0.108019,0.112987,0.11806,0.115188,0.108304,0.101171,0.116044,0.114974,0.105253
MSFT,2023-03,0.108174,0.113807,0.117592,0.11459,0.107549,0.101389,0.115931,0.115558,0.10541
MSFT,2023-06,0.112981,0.123834,0.111421,0.120956,0.103781,0.092947,0.10451,0.114954,0.114616
MSFT,2023-09,0.108769,0.115551,0.115785,0.115066,0.107276,0.100593,0.115521,0.115074,0.106365
MSFT,2023-12,0.108783,0.115456,0.115913,0.115059,0.107271,0.100669,0.11561,0.11503,0.10621
MSFT,2024-03,0.108583,0.115387,0.115943,0.114827,0.10723,0.100626,0.115601,0.115502,0.1063
MSFT,2024-06,0.114542,0.12029,0.111511,0.121193,0.104895,0.093353,0.103051,0.115707,0.115458
MSFT,2024-09,0.109705,0.117671,0.114408,0.115477,0.107131,0.098332,0.115801,0.115289,0.106186
MSFT,2024-12,0.109399,0.117281,0.114607,0.115507,0.107801,0.097716,0.115672,0.115327,0.10669
MSFT,2025-03,0.109431,0.117352,0.11455,0.115477,0.107756,0.097606,0.115652,0.115511,0.106666
MSFT,2025-06,0.115332,0.125688,0.1095,0.121861,0.107696,0.091248,0.104756,0.112633,0.111286
MSFT,2025-09,0.109272,0.118001,0.114537,0.115517,0.106671,0.098106,0.11576,0.115366,0.106771
MSFT,2025-12,0.109329,0.117903,0.114615,0.11551,0.106633,0.098186,0.115804,0.115344,0.106676
MU,2013-09,0.124185,0.105466,0.112473,0.119513,0.112729,0.09463,0.114305,0.11014,0.106558
MU,2013-12,0.126248,0.10376,0.112958,0.116432,0.110143,0.094833,0.11504,0.114486,0.106101
MU,2014-03,0.125807,0.104134,0.113595,0.115751,0.109909,0.094461,0.114265,0.114818,0.10726
MU,2014-06,0.125582,0.103646,0.111188,0.116057,0.110565,0.09705,0.113196,0.116095,0.106621
MU,2014-09,0.126166,0.103421,0.115412,0.11896,0.114717,0.094055,0.113909,0.107569,0.105791
MU,2014-12,0.122071,0.10623,0.11287,0.116082,0.110612,0.095103,0.116858,0.113641,0.106533
MU,2015-03,0.120371,0.106198,0.112561,0.115674,0.109829,0.096171,0.1178,0.11522,0.106176
MU,2015-06,0.120846,0.106155,0.1157,0.115257,0.111375,0.093683,0.115739,0.113539,0.107706
MU,2015-09,0.126443,0.104957,0.114642,0.117871,0.113926,0.09377,0.112551,0.109559,0.106282
MU,2015-12,0.120701,0.104806,0.113677,0.11457,0.11022,0.097587,0.116275,0.115489,0.106675
MU,2016-03,0.119136,0.105071,0.114462,0.115485,0.109673,0.098718,0.114739,0.115687,0.10703
MU,2016-06,0.121541,0.104598,0.110231,0.116774,0.110904,0.098644,0.11524,0.114741,0.107327
MU,2016-09,0.13163,0.102232,0.110045,0.11871,0.113605,0.091955,0.112752,0.109541,0.10953
MU,2016-12,0.126601,0.103966,0.10774,0.119189,0.110198,0.099059,0.114467,0.112323,0.106456
MU,2017-03,0.12452,0.10362,0.109884,0.117165,0.111191,0.098968,0.115106,0.114938,0.104609
MU,2017-06,0.121738,0.105712,0.110878,0.115635,0.109252,0.096949,0.116057,0.116694,0.107086
MU,2017-09,0.126773,0.105151,0.11204,0.119747,0.113738,0.091259,0.112277,0.111128,0.107887
MU,2017-12,0.124902,0.105357,0.111009,0.117768,0.109578,0.098502,0.111137,0.115469,0.106278
MU,2018-03,0.125403,0.105392,0.111366,0.118026,0.109486,0.098304,0.110585,0.115594,0.105845
MU,2018-06,0.125014,0.104985,0.11161,0.117552,0.10949,0.099055,0.111131,0.115171,0.105992
MU,2018-09,0.130144,0.107771,0.109585,0.119079,0.110897,0.094426,0.107807,0.113092,0.107199
MU,2018-12,0.127845,0.105838,0.110704,0.119671,0.110619,0.095118,0.107596,0.11496,0.107647
MU,2019-03,0.12765,0.105076,0.110934,0.119677,0.110694,0.095238,0.108035,0.114688,0.108009
MU,2019-06,0.12765,0.105076,0.110934,0.119677,0.110694,0.095238,0.108035,0.114688,0.108009
MU,2019-09,0.13095,0.106996,0.108983,0.118965,0.110812,0.095026,0.10717,0.113099,0.107998
MU,2019-12,0.128654,0.105392,0.111085,0.11888,0.109763,0.095244,0.106662,0.115118,0.109202
MU,2020-03,0.12788,0.107654,0.110847,0.119181,0.107425,0.094228,0.107663,0.115325,0.109798
MU,2020-06,0.128206,0.107434,0.110247,0.119252,0.107189,0.094794,0.107222,0.116303,0.109353
MU,2020-09,0.13177,0.10903,0.11004,0.119852,0.106738,0.093588,0.107138,0.113573,0.108271
MU,2020-12,0.128069,0.107852,0.110675,0.118754,0.108668,0.093295,0.109462,0.11435,0.108875
MU,2021-03,0.127963,0.108148,0.112006,0.119809,0.106559,0.092359,0.108574,0.114638,0.109944
MU,2021-06,0.128033,0.107837,0.111428,0.11948,0.106761,0.091909,0.1088,0.115779,0.109972
MU,2021-09,0.13164,0.109906,0.110814,0.121164,0.105375,0.093668,0.106058,0.114407,0.106968
MU,2021-12,0.126254,0.109009,0.111725,0.119297,0.107436,0.094608,0.108809,0.114052,0.108809
MU,2022-03,0.126247,0.109719,0.111826,0.120466,0.10635,0.093845,0.108623,0.113854,0.10907
MU,2022-06,0.12624,0.111452,0.111386,0.120388,0.105168,0.094441,0.109373,0.112029,0.109524
MU,2022-09,0.129088,0.116444,0.105239,0.119082,0.105262,0.095264,0.109839,0.112293,0.107489
MU,2022-12,0.128023,0.111973,0.108371,0.119898,0.10595,0.094821,0.109319,0.11308,0.108566
MU,2023-03,0.127569,0.111552,0.108525,0.120341,0.106096,0.094466,0.109975,0.11264,0.108835
MU,2023-06,0.127569,0.111552,0.108525,0.120341,0.106096,0.094466,0.109975,0.11264,0.108835
MU,2023-09,0.128757,0.11186,0.108371,0.12044,0.105494,0.094905,0.109266,0.112677,0.108229
MU,2023-12,0.126628,0.111465,0.108946,0.120238,0.105706,0.094326,0.111459,0.111905,0.109326
MU,2024-03,0.126809,0.111466,0.108799,0.12032,0.105727,0.094253,0.11151,0.111846,0.10927
MU,2024-06,0.127362,0.111333,0.109046,0.120048,0.105629,0.094219,0.111298,0.111578,0.109489
MU,2024-09,0.129653,0.111872,0.108059,0.119593,0.105291,0.09475,0.109248,0.112979,0.108556
MU,2024-12,0.126651,0.113072,0.10803,0.119307,0.104985,0.094471,0.111981,0.111146,0.110357
MU,2025-03,0.126651,0.113072,0.10803,0.119307,0.104985,0.094471,0.111981,0.111146,0.110357
MU,2025-06,0.127941,0.112474,0.107541,0.119784,0.105237,0.093888,0.111527,0.111231,0.110377
MU,2025-09,0.129334,0.116698,0.110582,0.11905,0.103039,0.093358,0.107922,0.11345,0.106568
MU,2025-12,0.128538,0.1113,0.108143,0.119609,0.10637,0.093317,0.111315,0.110833,0.110573
NOW,2013-09,0.102614,0.116685,0.121905,0.109603,0.106187,0.100092,0.124063,0.113109,0.105741
NOW,2013-12,0.104691,0.117913,0.126248,0.110089,0.104854,0.097383,0.117786,0.109986,0.111051
NOW,2014-03,0.102651,0.116151,0.121653,0.109308,0.105792,0.099606,0.123497,0.113527,0.107815
NOW,2014-06,0.102651,0.116151,0.121653,0.109308,0.105792,0.099606,0.123497,0.113527,0.107815
NOW,2014-09,0.102651,0.116151,0.121653,0.109308,0.105792,0.099606,0.123497,0.113527,0.107815
NOW,2014-12,0.100573,0.122048,0.12739,0.10876,0.102941,0.096711,0.117018,0.111975,0.112585
NOW,2015-03,0.102318,0.115028,0.121724,0.109303,0.107387,0.101829,0.123802,0.11302,0.105589
NOW,2015-06,0.105776,0.115423,0.120969,0.109443,0.103984,0.10161,0.121555,0.11602,0.105222
NOW,2015-09,0.105796,0.115408,0.120762,0.109473,0.104128,0.101529,0.121679,0.115906,0.105319
NOW,2015-12,0.10407,0.119459,0.124309,0.10978,0.104972,0.096907,0.117039,0.11197,0.111494
NOW,2016-03,0.108514,0.117627,0.120839,0.109146,0.103514,0.099267,0.11991,0.116154,0.10503
NOW,2016-06,0.107258,0.118495,0.120195,0.108307,0.104645,0.10082,0.120497,0.115056,0.104728
NOW,2016-09,0.107258,0.118495,0.120195,0.108307,0.104645,0.10082,0.120497,0.115056,0.104728
NOW,2016-12,0.104073,0.122715,0.121103,0.109818,0.104435,0.095465,0.118931,0.111594,0.111867
NOW,2017-03,0.107626,0.11801,0.12174,0.107797,0.104682,0.098903,0.120733,0.115401,0.105108
NOW,2017-06,0.10757,0.117959,0.121784,0.107831,0.104679,0.098861,0.120748,0.115414,0.105153
NOW,2017-09,0.107631,0.117669,0.122236,0.107751,0.104591,0.098668,0.120555,0.115665,0.105233
NOW,2017-12,0.107631,0.117669,0.122236,0.107751,0.104591,0.098668,0.120555,0.115665,0.105233
NOW,2018-03,0.106035,0.121378005,0.121663496,0.109144,0.1035135,0.09751549,0.119717,0.112656504,0.1083775
NOW,2018-06,0.106252,0.118292,0.121005,0.107762,0.104887,0.10017,0.121548,0.115129,0.104955
NOW,2018-09,0.103834,0.108819,0.119395,0.109899,0.1098,0.107712,0.123314,0.111887,0.10534
NOW,2018-12,0.106008,0.118932,0.123459,0.11301,0.104776,0.09955,0.11219,0.11414,0.107935
NOW,2019-03,0.104097,0.108885,0.11933,0.110185,0.109992,0.107578,0.123208,0.111591,0.105135
NOW,2019-06,0.104097,0.108885,0.11933,0.110185,0.109992,0.107578,0.123208,0.111591,0.105135
NOW,2019-09,0.104097,0.108885,0.11933,0.110185,0.109992,0.107578,0.123208,0.111591,0.105135
NOW,2019-12,0.108073,0.115453,0.125878,0.111313,0.101577,0.105248,0.112374,0.112428,0.107657
NOW,2020-03,0.105041,0.110494,0.11792,0.111146,0.10822,0.108961,0.122044,0.110879,0.105294
NOW,2020-06,0.105448,0.110886,0.117601,0.110806,0.107813,0.108684,0.121721,0.112018,0.105023
NOW,2020-09,0.105448,0.110886,0.117601,0.110806,0.107813,0.108684,0.121721,0.112018,0.105023
NOW,2020-12,0.108054,0.114853,0.122121,0.11303,0.100242,0.105243,0.114286,0.112405,0.109766
NOW,2021-03,0.105078,0.111475,0.117011,0.110802,0.108065,0.109141,0.122184,0.111271,0.104973
NOW,2021-06,0.105222,0.110875,0.118194,0.11046,0.10865,0.108619,0.122162,0.111114,0.104703
NOW,2021-09,0.105222,0.110875,0.118194,0.11046,0.10865,0.108619,0.122162,0.111114,0.104703
NOW,2021-12,0.106862,0.113545,0.120111,0.113015,0.103496,0.108498,0.11421,0.110934,0.10933
NOW,2022-03,0.103623,0.10845,0.118651,0.110299,0.110196,0.111521,0.122823,0.110825,0.103613
NOW,2022-06,0.103623,0.10845,0.118651,0.110299,0.110196,0.111521,0.122823,0.110825,0.103613
NOW,2022-09,0.103986,0.108751,0.118681,0.109929,0.109936,0.111175,0.122219,0.11155,0.103772
NOW,2022-12,0.107394,0.113861,0.119436,0.113642,0.103671,0.107475,0.113957,0.110364,0.110201
NOW,2023-03,0.103934,0.109086,0.118555,0.10962,0.109576,0.111125,0.12243,0.111495,0.10418
NOW,2023-06,0.103934,0.109086,0.118555,0.10962,0.109576,0.111125,0.12243,0.111495,0.10418
NOW,2023-09,0.103934,0.109086,0.118555,0.10962,0.109576,0.111125,0.12243,0.111495,0.10418
NOW,2023-12,0.107948,0.119117,0.117267,0.112908,0.099274,0.10383,0.113797,0.113329,0.11253
NOW,2024-03,0.103934,0.109086,0.118555,0.10962,0.109576,0.111125,0.12243,0.111495,0.10418
NOW,2024-06,0.103934,0.109086,0.118555,0.10962,0.109576,0.111125,0.12243,0.111495,0.10418
NOW,2024-09,0.103149,0.10846,0.118706,0.110067,0.110448,0.11097,0.123127,0.111182,0.103892
NOW,2024-12,0.111064,0.122015,0.115174,0.114706,0.099292,0.102134,0.113738,0.111712,0.110165
NOW,2025-03,0.104658,0.109771,0.118877,0.110008,0.108738,0.110207,0.121883,0.112074,0.103784
NOW,2025-06,0.104658,0.109771,0.118877,0.110008,0.108738,0.110207,0.121883,0.112074,0.103784
NOW,2025-09,0.104658,0.109771,0.118877,0.110008,0.108738,0.110207,0.121883,0.112074,0.103784
NOW,2025-12,0.113315,0.12475,0.11721,0.112222,0.09925,0.093866,0.110474,0.115024,0.113888
NVDA,2013-09,0.123846,0.111886,0.108008,0.114976,0.108447,0.096814,0.112714,0.113274,0.110035
NVDA,2013-12,0.123846,0.111886,0.108008,0.114976,0.108447,0.096814,0.112714,0.113274,0.110035
NVDA,2014-03,0.135421,0.110844,0.099728,0.12138,0.110327,0.092467,0.100415,0.11358,0.115836
NVDA,2014-06,0.123291,0.111729,0.109,0.115034,0.10801,0.097032,0.111849,0.113792,0.110264
NVDA,2014-09,0.123154,0.112388,0.108881,0.115096,0.107894,0.097213,0.111728,0.11373,0.109916
NVDA,2014-12,0.123909,0.110866,0.108147,0.115334,0.108513,0.097952,0.112214,0.113413,0.109651
NVDA,2015-03,0.134671,0.111207,0.103177,0.119544,0.107819,0.094862,0.100357,0.11398,0.114383
NVDA,2015-06,0.123307,0.112255,0.108383,0.115909,0.108597,0.09639,0.112478,0.112847,0.109833
NVDA,2015-09,0.123037,0.112958,0.108751,0.116091,0.108255,0.096881,0.111969,0.1127,0.109358
NVDA,2015-12,0.123186,0.112944,0.108524,0.116324,0.107913,0.097276,0.112008,0.112341,0.109484
NVDA,2016-03,0.137817,0.112939,0.098578,0.120795,0.105319,0.091977,0.099277,0.115635,0.117663
NVDA,2016-06,0.123417,0.111155,0.108792,0.115742,0.10894,0.096633,0.111887,0.112207,0.111228
NVDA,2016-09,0.124274,0.110365,0.108282,0.115184,0.108638,0.095458,0.111815,0.114607,0.111377
NVDA,2016-12,0.124154,0.110602,0.108258,0.11536,0.1086,0.095204,0.111136,0.114706,0.11198
NVDA,2017-03,0.137519,0.120591,0.095973,0.123347,0.103032,0.088351,0.097279,0.116295,0.117614
NVDA,2017-06,0.125676,0.110607,0.107497,0.115638,0.109269,0.095887,0.111068,0.114606,0.109751
NVDA,2017-09,0.124209,0.11123,0.106758,0.115592,0.107242,0.095604,0.114549,0.114783,0.110033
NVDA,2017-12,0.124541,0.112044,0.105698,0.116507,0.107621,0.095263,0.11283,0.115125,0.110372
NVDA,2018-03,0.13904,0.120466,0.097582,0.122844,0.100328,0.089442,0.097448,0.115609,0.117242
NVDA,2018-06,0.124702,0.110997,0.107761,0.116074,0.108143,0.094769,0.111147,0.114583,0.111824
NVDA,2018-09,0.124971,0.111984,0.107354,0.115993,0.107401,0.094444,0.11065,0.115164,0.112038
NVDA,2018-12,0.124779,0.112227,0.107779,0.115842,0.107613,0.094413,0.11063,0.114906,0.111812
NVDA,2019-03,0.139105,0.120315,0.09778,0.123022,0.100343,0.089467,0.097133,0.115706,0.117128
NVDA,2019-06,0.125486,0.112444,0.106778,0.116066,0.108335,0.094303,0.110977,0.114327,0.111284
NVDA,2019-09,0.125486,0.112708,0.106584,0.117605,0.107969,0.092962,0.110527,0.115052,0.111106
NVDA,2019-12,0.125011,0.111259,0.107105,0.118151,0.109355,0.094005,0.110094,0.114594,0.110426
NVDA,2020-03,0.137508,0.122181,0.100501,0.120784,0.10076,0.0891,0.099395,0.113521,0.11625
NVDA,2020-06,0.124411,0.112915,0.107823,0.117648,0.10652,0.09341,0.112401,0.115721,0.109152
NVDA,2020-09,0.124177,0.113296,0.107173,0.115992,0.105962,0.094241,0.11249,0.115353,0.111318
NVDA,2020-12,0.122698,0.113213,0.108407,0.115466,0.107376,0.094492,0.113123,0.114114,0.111111
NVDA,2021-03,0.136078,0.118597,0.102847,0.119221,0.102479,0.09066,0.098842,0.11515,0.116125
NVDA,2021-06,0.1231,0.113764,0.10926,0.115865,0.106205,0.09506,0.111492,0.115532,0.109721
NVDA,2021-09,0.123321,0.112178,0.109917,0.115027,0.106088,0.095587,0.11269,0.11508,0.110113
NVDA,2021-12,0.124912,0.113337,0.109111,0.11582,0.105158,0.094782,0.112099,0.114824,0.109958
NVDA,2022-03,0.136129,0.118894,0.103816,0.1192,0.102221,0.090678,0.099027,0.114987,0.115048
NVDA,2022-06,0.125269,0.110705,0.107358,0.117284,0.106795,0.094484,0.113237,0.115039,0.109828
NVDA,2022-09,0.125469,0.111679,0.109757,0.116319,0.107742,0.092873,0.1108,0.114953,0.110408
NVDA,2022-12,0.124346,0.111243,0.110374,0.116052,0.107119,0.094023,0.110421,0.114853,0.11157
NVDA,2023-03,0.133217,0.116566,0.102375,0.119398,0.108371,0.093524,0.099098,0.114104,0.113346
NVDA,2023-06,0.12536,0.113511,0.108588,0.115258,0.104776,0.093159,0.111063,0.116481,0.111804
NVDA,2023-09,0.125348,0.113343,0.107342,0.116165,0.105901,0.094049,0.111283,0.115743,0.110826
NVDA,2023-12,0.12371,0.111291,0.10873,0.116913,0.106912,0.094886,0.111215,0.115608,0.110735
NVDA,2024-03,0.132126,0.125444,0.107708,0.1166,0.103169,0.089082,0.101643,0.114506,0.109721
NVDA,2024-06,0.124327,0.113929,0.109278,0.114851,0.105389,0.093658,0.112015,0.11521,0.111344
NVDA,2024-09,0.124501,0.113749,0.109198,0.114868,0.105337,0.093351,0.112007,0.115345,0.111642
NVDA,2024-12,0.124501,0.113749,0.109198,0.114868,0.105337,0.093351,0.112007,0.115345,0.111642
NVDA,2025-03,0.132021,0.125626,0.107836,0.116406,0.10296,0.088931,0.101878,0.114619,0.109722
NVDA,2025-06,0.124461,0.112651,0.109439,0.114791,0.107005,0.093705,0.111537,0.116037,0.110373
NVDA,2025-09,0.124461,0.112651,0.109439,0.114791,0.107005,0.093705,0.111537,0.116037,0.110373
NVDA,2025-12,0.124461,0.112651,0.109439,0.114791,0.107005,0.093705,0.111537,0.116037,0.110373
ORCL,2013-09,0.118666,0.121776,0.121099,0.110801,0.100476,0.093296,0.11296,0.116432,0.104495
ORCL,2013-12,0.118666,0.121776,0.121099,0.110801,0.100476,0.093296,0.11296,0.116432,0.104495
ORCL,2014-03,0.118666,0.121776,0.121099,0.110801,0.100476,0.093296,0.11296,0.116432,0.104495
ORCL,2014-06,0.120681,0.130089,0.126214,0.110489,0.099117,0.088502,0.108718,0.114546,0.101644
ORCL,2014-09,0.116677,0.124237,0.125304,0.10935,0.099073,0.093446,0.112088,0.116169,0.103657
ORCL,2014-12,0.116369,0.124982,0.125052,0.109258,0.099162,0.093733,0.111967,0.116031,0.103446
ORCL,2015-03,0.116369,0.124982,0.125052,0.109258,0.099162,0.093733,0.111967,0.116031,0.103446
ORCL,2015-06,0.117701,0.128749,0.126967,0.109983,0.100145,0.091104,0.110245,0.111581,0.103524
ORCL,2015-09,0.113027,0.126255,0.127078,0.107775,0.099467,0.095916,0.111983,0.114132,0.104368
ORCL,2015-12,0.113246,0.126413,0.126553,0.107904,0.099622,0.095755,0.112018,0.114084,0.104406
ORCL,2016-03,0.113246,0.126413,0.126553,0.107904,0.099622,0.095755,0.112018,0.114084,0.104406
ORCL,2016-06,0.118313,0.131304,0.126898,0.108732,0.09945,0.091143,0.108145,0.112887,0.103126
ORCL,2016-09,0.114942,0.125812,0.12521,0.107759,0.099225,0.0952,0.111849,0.115089,0.104915
ORCL,2016-12,0.114912,0.125556,0.124702,0.108116,0.099303,0.095494,0.111664,0.115158,0.105095
ORCL,2017-03,0.114735,0.12569,0.12497,0.108018,0.099338,0.095554,0.111658,0.114991,0.105047
ORCL,2017-06,0.116835,0.129657,0.125374,0.109438,0.100626,0.092286,0.110334,0.111504,0.103947
ORCL,2017-09,0.112865,0.125043,0.126209,0.107601,0.100847,0.095629,0.111705,0.115474,0.104627
ORCL,2017-12,0.112865,0.125043,0.126209,0.107601,0.100847,0.095629,0.111705,0.115474,0.104627
ORCL,2018-03,0.113055,0.125918,0.126746,0.107939,0.10066,0.095743,0.110876,0.114635,0.104429
ORCL,2018-06,0.116753,0.130006,0.126781,0.109554,0.101376,0.092594,0.109133,0.1094,0.104404
ORCL,2018-09,0.115057,0.122195,0.125864,0.108271,0.104346,0.09609,0.113567,0.10919,0.10542
ORCL,2018-12,0.115398,0.12151,0.126069,0.108748,0.104769,0.095787,0.11357,0.10905,0.105099
ORCL,2019-03,0.113437,0.12118,0.124709,0.109436,0.106042,0.094205,0.1137,0.109863,0.107427
ORCL,2019-06,0.114343,0.128762,0.126935,0.109309,0.102656,0.091723,0.111217,0.110631,0.104425
ORCL,2019-09,0.114654,0.12154,0.126819,0.108862,0.103582,0.095817,0.1134,0.110316,0.105009
ORCL,2019-12,0.114624,0.12194,0.126716,0.108731,0.103915,0.09518,0.113399,0.110368,0.105128
ORCL,2020-03,0.114624,0.12194,0.126716,0.108731,0.103915,0.09518,0.113399,0.110368,0.105128
ORCL,2020-06,0.115174,0.128655,0.126173,0.109715,0.102475,0.091728,0.111665,0.1105,0.103915
ORCL,2020-09,0.114623,0.119894,0.122227,0.112361,0.103601,0.09558,0.114596,0.112391,0.104727
ORCL,2020-12,0.113845,0.118413,0.125317,0.111165,0.10412,0.096078,0.113191,0.112563,0.105308
ORCL,2021-03,0.113859,0.118338,0.124862,0.111355,0.104415,0.096258,0.113006,0.112412,0.105496
ORCL,2021-06,0.114284,0.127708,0.126499,0.110695,0.102197,0.090925,0.112003,0.111638,0.10405
ORCL,2021-09,0.113236,0.116082,0.123586,0.113114,0.105781,0.096458,0.116088,0.111671,0.103983
ORCL,2021-12,0.11453,0.116723,0.125319,0.112495,0.104997,0.093609,0.115026,0.112063,0.105239
ORCL,2022-03,0.117021,0.114441,0.121038,0.11199,0.106091,0.095084,0.115954,0.112307,0.106075
ORCL,2022-06,0.114218,0.1264,0.12693,0.11121,0.103246,0.088762,0.111061,0.112888,0.105283
ORCL,2022-09,0.114538,0.119267,0.127504,0.110954,0.105397,0.092868,0.115669,0.110123,0.103681
ORCL,2022-12,0.114538,0.119267,0.127504,0.110954,0.105397,0.092868,0.115669,0.110123,0.103681
ORCL,2023-03,0.114538,0.119267,0.127504,0.110954,0.105397,0.092868,0.115669,0.110123,0.103681
ORCL,2023-06,0.113338,0.127704,0.12787,0.109986,0.101469,0.0882,0.11062,0.115069,0.105745
ORCL,2023-09,0.11429,0.117985,0.127466,0.110921,0.105654,0.093438,0.115625,0.11054,0.10408
ORCL,2023-12,0.112217,0.120116,0.127796,0.110432,0.104714,0.092946,0.115821,0.111432,0.104526
ORCL,2024-03,0.112217,0.120116,0.127796,0.110432,0.104714,0.092946,0.115821,0.111432,0.104526
ORCL,2024-06,0.11477,0.127362,0.126206,0.110943,0.10217,0.087431,0.110437,0.114269,0.106413
ORCL,2024-09,0.111795,0.119955,0.127433,0.110497,0.105791,0.09336,0.115979,0.110712,0.104478
ORCL,2024-12,0.111795,0.119955,0.127433,0.110497,0.105791,0.09336,0.115979,0.110712,0.104478
ORCL,2025-03,0.111795,0.119955,0.127433,0.110497,0.105791,0.09336,0.115979,0.110712,0.104478
ORCL,2025-06,0.117197,0.127288,0.126591,0.110451,0.10278,0.089631,0.11011,0.11079,0.105162
ORCL,2025-09,0.11143,0.119877,0.127728,0.110043,0.104483,0.093422,0.116574,0.112019,0.104424
ORCL,2025-12,0.10877,0.122142,0.120839,0.110055,0.103664,0.09444,0.119772,0.116534,0.103786
PANW,2013-09,0.111673,0.113434,0.115115,0.117535,0.112906,0.101481,0.107645,0.113581,0.106629
PANW,2013-12,0.11124,0.11233,0.118208,0.114454,0.108243,0.102692,0.116336,0.113104,0.103393
PANW,2014-03,0.104999,0.107485,0.121217,0.107449,0.108819,0.103782,0.123586,0.116577,0.106086
PANW,2014-06,0.105345,0.107888,0.120389,0.108595,0.108246,0.105037,0.123678,0.115426,0.105397
PANW,2014-09,0.111994,0.124559,0.116635,0.116073,0.107475,0.096147,0.105136,0.117344,0.104638
PANW,2014-12,0.105208,0.108717,0.122418,0.108562,0.108728,0.103817,0.123824,0.114188,0.104538
PANW,2015-03,0.105514,0.107001,0.121222,0.108356,0.10984,0.104621,0.123935,0.114974,0.104537
PANW,2015-06,0.105622,0.106996,0.121288,0.10845,0.109714,0.104578,0.12397,0.114926,0.104455
PANW,2015-09,0.112915,0.122684,0.109128,0.116647,0.109578,0.101725,0.108673,0.114498,0.104152
PANW,2015-12,0.105632,0.10699,0.121941,0.107575,0.109012,0.104797,0.124132,0.115281,0.104641
PANW,2016-03,0.105473,0.106898,0.121304,0.107704,0.108596,0.104944,0.124673,0.115428,0.104981
PANW,2016-06,0.105207,0.10752,0.121004,0.108182,0.108609,0.105158,0.123337,0.116543,0.104441
PANW,2016-09,0.116548,0.123293,0.109718,0.116978,0.106448,0.097699,0.105622,0.116734,0.106961
PANW,2016-12,0.105483,0.107898,0.121101,0.108405,0.108167,0.105893,0.123456,0.11564,0.103957
PANW,2017-03,0.105386,0.107806,0.121335,0.108386,0.108196,0.105621,0.123211,0.116034,0.104025
PANW,2017-06,0.10574,0.107704,0.122031,0.108963,0.10826,0.104853,0.123345,0.115681,0.103421
PANW,2017-09,0.115665,0.123191,0.112506,0.116175,0.105845,0.098791,0.105803,0.115257,0.106767
PANW,2017-12,0.105643,0.108382,0.1213,0.109313,0.109285,0.105064,0.121615,0.115505,0.103894
PANW,2018-03,0.105161,0.108338,0.120946,0.109981,0.110657,0.106152,0.1227,0.114403,0.101661
PANW,2018-06,0.105161,0.108338,0.120946,0.109981,0.110657,0.106152,0.1227,0.114403,0.101661
PANW,2018-09,0.11752,0.123701,0.115974,0.113231,0.105596,0.097781,0.105415,0.112853,0.107928
PANW,2018-12,0.106731,0.108853,0.121047,0.109945,0.10985,0.105244,0.122867,0.11418,0.101282
PANW,2019-03,0.107096,0.109437,0.116573,0.110659,0.108549,0.107277,0.122091,0.116293,0.102026
PANW,2019-06,0.106075,0.107889,0.119462,0.110168,0.107875,0.104784,0.120428,0.115243,0.108075
PANW,2019-09,0.116045,0.122726,0.113862,0.111966,0.10708,0.099015,0.105692,0.114009,0.109604
PANW,2019-12,0.106378,0.109908,0.120316,0.109452,0.108505,0.105545,0.122377,0.115771,0.101748
PANW,2020-03,0.105887,0.108571,0.118422,0.110383,0.109439,0.106875,0.125301,0.114099,0.101022
PANW,2020-06,0.1066,0.109327,0.119251,0.111582,0.108971,0.106979,0.122662,0.113685,0.100943
PANW,2020-09,0.113541,0.124124,0.107707,0.114175,0.106786,0.100563,0.108999,0.115506,0.108598
PANW,2020-12,0.107587,0.109689,0.121356,0.111603,0.10929,0.1065,0.122074,0.11182,0.100081
PANW,2021-03,0.10677,0.110124,0.121401,0.11085,0.109181,0.107882,0.121982,0.111626,0.100183
PANW,2021-06,0.106568,0.108919,0.120713,0.111893,0.108964,0.107333,0.121967,0.113165,0.100478
PANW,2021-09,0.113041,0.124062,0.107082,0.114492,0.107171,0.101714,0.108965,0.114585,0.108888
PANW,2021-12,0.110273,0.108505,0.118884,0.113781,0.10781,0.104435,0.122806,0.111621,0.101885
PANW,2022-03,0.110161,0.108413,0.118845,0.113956,0.10767,0.104498,0.122735,0.111626,0.102096
PANW,2022-06,0.110161,0.108413,0.118845,0.113956,0.10767,0.104498,0.122735,0.111626,0.102096
PANW,2022-09,0.115768,0.121772,0.10496,0.114243,0.108584,0.103978,0.108391,0.113304,0.109001
PANW,2022-12,0.110431,0.108201,0.119919,0.113151,0.10713,0.103959,0.121192,0.112678,0.103338
PANW,2023-03,0.111472,0.108803,0.118256,0.114279,0.107692,0.104132,0.122116,0.112311,0.100938
PANW,2023-06,0.108529,0.109346,0.119752,0.113083,0.108001,0.10503,0.123732,0.111414,0.101113
PANW,2023-09,0.112952,0.124896,0.105884,0.114354,0.106815,0.103788,0.109676,0.11349,0.108143
PANW,2023-12,0.107944,0.1082,0.119837,0.111985,0.107051,0.099158,0.123224,0.116437,0.106164
PANW,2024-03,0.10828,0.107447,0.119579,0.111856,0.107297,0.099386,0.123269,0.116705,0.106181
PANW,2024-06,0.107759,0.109713,0.119456,0.11232,0.106443,0.100303,0.122222,0.115325,0.106459
PANW,2024-09,0.113494,0.127283,0.108334,0.111578,0.104667,0.101525,0.111248,0.113048,0.108822
PANW,2024-12,0.107097,0.109908,0.117846,0.112232,0.106636,0.101282,0.12207,0.115172,0.107756
PANW,2025-03,0.107286,0.109617,0.117485,0.11241,0.106776,0.101269,0.122003,0.115169,0.107984
PANW,2025-06,0.106965,0.109937,0.117708,0.112181,0.106703,0.10144,0.122049,0.11524,0.107777
PANW,2025-09,0.113628,0.121621,0.107564,0.1142,0.107356,0.102051,0.109971,0.113725,0.109885
PANW,2025-12,0.105555,0.11046,0.118425,0.110999,0.107299,0.101255,0.12256,0.1163,0.107146
QCOM,2013-09,0.108301,0.103932,0.114483,0.122885,0.122147,0.0968,0.110781,0.105905,0.114767
QCOM,2013-12,0.115058,0.101928,0.113454,0.123256,0.111273,0.097889,0.118844,0.109059,0.109237
QCOM,2014-03,0.111349,0.101193,0.114467,0.123933,0.111927,0.101388,0.117642,0.109416,0.108685
QCOM,2014-06,0.110671,0.100791,0.114996,0.122889,0.111959,0.100805,0.117728,0.111127,0.109034
QCOM,2014-09,0.108513,0.104078,0.114996,0.123174,0.122203,0.096143,0.109275,0.105882,0.115735
QCOM,2014-12,0.111371,0.101487,0.114197,0.123756,0.112088,0.101416,0.118078,0.109242,0.108364
QCOM,2015-03,0.115499,0.101991,0.11275,0.124483,0.109958,0.098,0.117952,0.110265,0.109103
QCOM,2015-06,0.113174,0.102332,0.113904,0.123815,0.110384,0.099526,0.118013,0.110148,0.108704
QCOM,2015-09,0.1078,0.103035,0.116983,0.122811,0.121921,0.096555,0.108514,0.106097,0.116285
QCOM,2015-12,0.113976,0.104015,0.111098,0.123395,0.109999,0.098375,0.118285,0.10989,0.110967
QCOM,2016-03,0.119822,0.101358,0.110945,0.12333,0.111068,0.097802,0.116501,0.109126,0.110047
QCOM,2016-06,0.119361,0.101379,0.111269,0.1232,0.111075,0.097587,0.116409,0.109495,0.110226
QCOM,2016-09,0.107649,0.102187,0.116653,0.123637,0.122722,0.096234,0.107936,0.106653,0.116329
QCOM,2016-12,0.119092,0.09909,0.112688,0.122461,0.112113,0.098258,0.117165,0.109959,0.109174
QCOM,2017-03,0.121825,0.099396,0.111177,0.123191,0.110881,0.097886,0.117281,0.109122,0.10924
QCOM,2017-06,0.121193,0.099504,0.111423,0.123154,0.110902,0.097975,0.117332,0.10924,0.109277
QCOM,2017-09,0.11366,0.106123,0.115866,0.125119,0.113338,0.097476,0.107191,0.107155,0.11407
QCOM,2017-12,0.107685,0.101711,0.116292,0.120111,0.113551,0.101468,0.118463,0.111699,0.109019
QCOM,2018-03,0.109358,0.102003,0.116115,0.120351,0.113468,0.099698,0.117268,0.111144,0.110594
QCOM,2018-06,0.108214,0.102002,0.117166,0.118748,0.11333,0.098767,0.116906,0.113628,0.111238
QCOM,2018-09,0.114011,0.106009,0.115895,0.125263,0.113086,0.097753,0.10665,0.107434,0.113899
QCOM,2018-12,0.108307,0.106279,0.118047,0.112643,0.110641,0.100738,0.121246,0.11449,0.10761
QCOM,2019-03,0.108385,0.106546,0.118287,0.112665,0.110217,0.100565,0.121316,0.114266,0.107754
QCOM,2019-06,0.10844,0.106336,0.118585,0.112698,0.10992,0.100438,0.121322,0.114258,0.108004
QCOM,2019-09,0.116567,0.104554,0.115096,0.124797,0.113139,0.097399,0.105968,0.108333,0.114147
QCOM,2019-12,0.110089,0.104075,0.114561,0.115434,0.112126,0.099825,0.120723,0.112009,0.111159
QCOM,2020-03,0.110882,0.108066,0.109244,0.12165,0.108097,0.101614,0.119026,0.110826,0.110594
QCOM,2020-06,0.110945,0.108637,0.109668,0.121327,0.108179,0.101754,0.118916,0.110331,0.110244
QCOM,2020-09,0.114185,0.105604,0.118203,0.123271,0.112675,0.097467,0.106455,0.107811,0.114329
QCOM,2020-12,0.112617,0.10927,0.109634,0.122656,0.107161,0.101025,0.117333,0.10979,0.110513
QCOM,2021-03,0.112623,0.109448,0.109271,0.122943,0.107157,0.101038,0.117789,0.109415,0.110316
QCOM,2021-06,0.111384,0.107923,0.112925,0.121106,0.109684,0.099347,0.11926,0.110506,0.107865
QCOM,2021-09,0.115506,0.105651,0.116536,0.124286,0.111296,0.098571,0.103835,0.108211,0.116107
QCOM,2021-12,0.11098,0.106691,0.109749,0.122015,0.10942,0.101818,0.118045,0.111573,0.109708
QCOM,2022-03,0.110355,0.107878,0.109724,0.121651,0.108973,0.101489,0.118234,0.111676,0.11002
QCOM,2022-06,0.109919,0.10761,0.110101,0.12119,0.108914,0.101233,0.118318,0.112595,0.11012
QCOM,2022-09,0.118073,0.105974,0.110694,0.1256,0.109085,0.097001,0.102402,0.111193,0.119979
QCOM,2022-12,0.11133,0.102672,0.111342,0.124018,0.110603,0.100888,0.118761,0.112147,0.108239
QCOM,2023-03,0.11108,0.102848,0.111407,0.123554,0.110731,0.100912,0.119347,0.112104,0.108017
QCOM,2023-06,0.10755,0.101817,0.113501,0.121646,0.111557,0.102631,0.120895,0.113387,0.107017
QCOM,2023-09,0.116899,0.107607,0.112313,0.124657,0.109416,0.094802,0.103355,0.110102,0.120848
QCOM,2023-12,0.111276,0.102015,0.111023,0.122862,0.109957,0.099258,0.118534,0.111704,0.113372
QCOM,2024-03,0.113161,0.103841,0.110104,0.122548,0.108267,0.099794,0.11826,0.111374,0.112652
QCOM,2024-06,0.112012,0.103564,0.111104,0.122309,0.108518,0.099388,0.118341,0.113147,0.111617
QCOM,2024-09,0.118798,0.107047,0.110159,0.124774,0.109717,0.094468,0.103064,0.111216,0.120758
QCOM,2024-12,0.110876,0.104077,0.111503,0.123262,0.109374,0.100357,0.11862,0.111831,0.110101
QCOM,2025-03,0.112598,0.103281,0.110744,0.122767,0.108979,0.0993,0.118314,0.111829,0.112188
QCOM,2025-06,0.111404,0.103337,0.110301,0.122284,0.109023,0.099221,0.119162,0.112546,0.11272
QCOM,2025-09,0.117619,0.10981,0.110195,0.125061,0.109147,0.093677,0.103584,0.110483,0.120424
QCOM,2025-12,0.112482,0.102318,0.110973,0.122996,0.11032,0.099928,0.118524,0.110148,0.112311
SAP,2013-09,0.102626,0.119654,0.120819,0.107378,0.105406,0.100765,0.118083,0.111597,0.113674
SAP,2013-12,0.1027,0.119269,0.121678,0.107047,0.104982,0.100155,0.119159,0.112489,0.11252
SAP,2014-03,0.1027,0.119269,0.121678,0.107047,0.104982,0.100155,0.119159,0.112489,0.11252
SAP,2014-06,0.1027,0.119269,0.121678,0.107047,0.104982,0.100155,0.119159,0.112489,0.11252
SAP,2014-09,0.1027,0.119269,0.121678,0.107047,0.104982,0.100155,0.119159,0.112489,0.11252
SAP,2014-12,0.102338,0.11905,0.12151,0.109465,0.105831,0.099328,0.118907,0.111256,0.112314
SAP,2015-03,0.102338,0.11905,0.12151,0.109465,0.105831,0.099328,0.118907,0.111256,0.112314
SAP,2015-06,0.102338,0.11905,0.12151,0.109465,0.105831,0.099328,0.118907,0.111256,0.112314
SAP,2015-09,0.102338,0.11905,0.12151,0.109465,0.105831,0.099328,0.118907,0.111256,0.112314
SAP,2015-12,0.103276,0.119594,0.12098,0.108752,0.10542,0.100185,0.117989,0.112011,0.111793
SAP,2016-03,0.103276,0.119594,0.12098,0.108752,0.10542,0.100185,0.117989,0.112011,0.111793
SAP,2016-06,0.103276,0.119594,0.12098,0.108752,0.10542,0.100185,0.117989,0.112011,0.111793
SAP,2016-09,0.103276,0.119594,0.12098,0.108752,0.10542,0.100185,0.117989,0.112011,0.111793
SAP,2016-12,0.102692,0.119729,0.120078,0.109344,0.106798,0.098641,0.119965,0.111041,0.111713
SAP,2017-03,0.102692,0.119729,0.120078,0.109344,0.106798,0.098641,0.119965,0.111041,0.111713
SAP,2017-06,0.102692,0.119729,0.120078,0.109344,0.106798,0.098641,0.119965,0.111041,0.111713
SAP,2017-09,0.102692,0.119729,0.120078,0.109344,0.106798,0.098641,0.119965,0.111041,0.111713
SAP,2017-12,0.10343,0.118531,0.121408,0.108222,0.105771,0.100361,0.119712,0.108421,0.114144
SAP,2018-03,0.10343,0.118531,0.121408,0.108222,0.105771,0.100361,0.119712,0.108421,0.114144
SAP,2018-06,0.10343,0.118531,0.121408,0.108222,0.105771,0.100361,0.119712,0.108421,0.114144
SAP,2018-09,0.10343,0.118531,0.121408,0.108222,0.105771,0.100361,0.119712,0.108421,0.114144
SAP,2018-12,0.10296,0.118835,0.121815,0.108459,0.105894,0.09959,0.118918,0.109327,0.114201
SAP,2019-03,0.10296,0.118835,0.121815,0.108459,0.105894,0.09959,0.118918,0.109327,0.114201
SAP,2019-06,0.10296,0.118835,0.121815,0.108459,0.105894,0.09959,0.118918,0.109327,0.114201
SAP,2019-09,0.10296,0.118835,0.121815,0.108459,0.105894,0.09959,0.118918,0.109327,0.114201
SAP,2019-12,0.095511,0.114604,0.119798,0.102295,0.107836,0.109348,0.125643,0.112529,0.112436
SAP,2020-03,0.095511,0.114604,0.119798,0.102295,0.107836,0.109348,0.125643,0.112529,0.112436
SAP,2020-06,0.095511,0.114604,0.119798,0.102295,0.107836,0.109348,0.125643,0.112529,0.112436
SAP,2020-09,0.095511,0.114604,0.119798,0.102295,0.107836,0.109348,0.125643,0.112529,0.112436
SAP,2020-12,0.095511,0.114604,0.119798,0.102295,0.107836,0.109348,0.125643,0.112529,0.112436
SAP,2021-03,0.095511,0.114604,0.119798,0.102295,0.107836,0.109348,0.125643,0.112529,0.112436
SAP,2021-06,0.095511,0.114604,0.119798,0.102295,0.107836,0.109348,0.125643,0.112529,0.112436
SAP,2021-09,0.095511,0.114604,0.119798,0.102295,0.107836,0.109348,0.125643,0.112529,0.112436
SAP,2021-12,0.108268,0.116957,0.125675,0.111935,0.105006,0.100732,0.110904,0.114171,0.106352
SAP,2022-03,0.108268,0.116957,0.125675,0.111935,0.105006,0.100732,0.110904,0.114171,0.106352
SAP,2022-06,0.108268,0.116957,0.125675,0.111935,0.105006,0.100732,0.110904,0.114171,0.106352
SAP,2022-09,0.108268,0.116957,0.125675,0.111935,0.105006,0.100732,0.110904,0.114171,0.106352
SAP,2022-12,0.106387,0.115906,0.12641,0.110191,0.106216,0.10157,0.111516,0.11468,0.107123
SAP,2023-03,0.106387,0.115906,0.12641,0.110191,0.106216,0.10157,0.111516,0.11468,0.107123
SAP,2023-06,0.106387,0.115906,0.12641,0.110191,0.106216,0.10157,0.111516,0.11468,0.107123
SAP,2023-09,0.106387,0.115906,0.12641,0.110191,0.106216,0.10157,0.111516,0.11468,0.107123
SAP,2023-12,0.108142,0.117489,0.121579,0.112044,0.103402,0.103456,0.113811,0.113773,0.106303
SAP,2024-03,0.108142,0.117489,0.121579,0.112044,0.103402,0.103456,0.113811,0.113773,0.106303
SAP,2024-06,0.108142,0.117489,0.121579,0.112044,0.103402,0.103456,0.113811,0.113773,0.106303
SAP,2024-09,0.108142,0.117489,0.121579,0.112044,0.103402,0.103456,0.113811,0.113773,0.106303
SAP,2024-12,0.106472,0.113955,0.124205,0.109823,0.104291,0.099368,0.117067,0.114928,0.109891
SAP,2025-03,0.106472,0.113955,0.124205,0.109823,0.104291,0.099368,0.117067,0.114928,0.109891
SAP,2025-06,0.106472,0.113955,0.124205,0.109823,0.104291,0.099368,0.117067,0.114928,0.109891
SAP,2025-09,0.106472,0.113955,0.124205,0.109823,0.104291,0.099368,0.117067,0.114928,0.109891
SAP,2025-12,0.110558,0.117409,0.120923,0.113985,0.100035,0.099912,0.115214,0.115249,0.106716
STX,2013-09,0.110502,0.109554,0.114992,0.118538,0.111567,0.094032,0.116113,0.115828,0.108874
STX,2013-12,0.109272,0.111064,0.11255,0.120247,0.110143,0.095126,0.117288,0.115459,0.10885
STX,2014-03,0.108193,0.109108,0.114864,0.119677,0.110492,0.096273,0.115775,0.115795,0.109823
STX,2014-06,0.109266,0.112242,0.117392,0.121315,0.110739,0.091758,0.115218,0.114922,0.107149
STX,2014-09,0.109266,0.112242,0.117392,0.121315,0.110739,0.091758,0.115218,0.114922,0.107149
STX,2014-12,0.111052,0.109403,0.115616,0.11777,0.111122,0.093864,0.11722,0.115198,0.108754
STX,2015-03,0.109025,0.111405,0.113121,0.119357,0.110024,0.094632,0.118251,0.115346,0.108839
STX,2015-06,0.107823,0.109022,0.115159,0.118588,0.110924,0.096684,0.115296,0.115319,0.111185
STX,2015-09,0.114555,0.114617,0.112906,0.122259,0.109093,0.089537,0.113489,0.115652,0.107892
STX,2015-12,0.110821,0.108804,0.115451,0.116462,0.11073,0.094015,0.118934,0.115162,0.109622
STX,2016-03,0.108103,0.1109,0.113871,0.116967,0.109853,0.095612,0.118993,0.11574,0.109961
STX,2016-06,0.106502,0.11055,0.114879,0.117438,0.109647,0.09726,0.117341,0.115256,0.111127
STX,2016-09,0.1120535,0.113442004,0.11423,0.119456,0.109551504,0.09173,0.116064,0.115285,0.1081875
STX,2016-12,0.107878,0.112288,0.11322,0.117788,0.109858,0.095063,0.118819,0.115395,0.109692
STX,2017-03,0.107083,0.109772,0.115319,0.11736,0.109901,0.097642,0.117053,0.115479,0.110391
STX,2017-06,0.116457,0.114502,0.115272,0.121422,0.108715,0.088678,0.109235,0.117503,0.108216
STX,2017-09,0.113885,0.110549,0.114742,0.11624,0.10921,0.094715,0.117335,0.114495,0.10883
STX,2017-12,0.10839,0.112147,0.112676,0.118555,0.109597,0.095536,0.118949,0.114827,0.109324
STX,2018-03,0.108169,0.110401,0.114684,0.117738,0.109155,0.096943,0.1173,0.115389,0.11022
STX,2018-06,0.115871,0.114816,0.114465,0.121128,0.107155,0.091946,0.109503,0.117436,0.107681
STX,2018-09,0.110505,0.110359,0.115456,0.116452,0.110022,0.094604,0.118057,0.116775,0.10777
STX,2018-12,0.109387,0.111026,0.113188,0.118159,0.11034,0.09636,0.119614,0.113544,0.108382
STX,2019-03,0.108497,0.110128,0.115008,0.117586,0.109378,0.09738,0.116493,0.115732,0.109798
STX,2019-06,0.11739,0.11406,0.112324,0.123643,0.107637,0.091104,0.108293,0.118684,0.106865
STX,2019-09,0.11739,0.11406,0.112324,0.123643,0.107637,0.091104,0.108293,0.118684,0.106865
STX,2019-12,0.109302,0.109811,0.116129,0.115697,0.110448,0.096978,0.118241,0.115494,0.107901
STX,2020-03,0.107847,0.111908,0.114614,0.11604,0.109254,0.097645,0.119661,0.115362,0.107668
STX,2020-06,0.108514,0.110816,0.116073,0.117788,0.10766,0.099812,0.115585,0.115525,0.108227
STX,2020-09,0.117116,0.114628,0.112718,0.121305,0.108264,0.092246,0.109211,0.118821,0.10569
STX,2020-12,0.111432,0.109705,0.117389,0.115967,0.108276,0.097189,0.11749,0.115342,0.107212
STX,2021-03,0.109759,0.112239,0.115015,0.117366,0.10793,0.097939,0.117412,0.115237,0.107103
STX,2021-06,0.108044,0.110809,0.116573,0.117157,0.107654,0.099836,0.115354,0.116409,0.108165
STX,2021-09,0.10977,0.119464,0.114427,0.117868,0.102234,0.100222,0.113422,0.115848,0.106745
STX,2021-12,0.110651,0.110751495,0.116226494,0.1166845,0.1079175,0.0979125,0.117723495,0.114605,0.107529
STX,2022-03,0.110651,0.110751495,0.116226494,0.1166845,0.1079175,0.0979125,0.117723495,0.114605,0.107529
STX,2022-06,0.108608,0.110246,0.11609,0.117977,0.107867,0.100279,0.116091,0.114687,0.108156
STX,2022-09,0.110051,0.115253,0.1153825,0.116852,0.104917005,0.0993755,0.1154225,0.115218,0.107528
STX,2022-12,0.10927,0.110859,0.112672,0.117861,0.109806,0.098091,0.119277,0.115666,0.106499
STX,2023-03,0.108084,0.109129,0.114904,0.11708,0.109014,0.099983,0.117794,0.11546,0.108552
STX,2023-06,0.109332,0.117605,0.11575,0.117882,0.102376,0.101377,0.111739,0.116406,0.107533
STX,2023-09,0.109543,0.110513,0.116974,0.115478,0.109055,0.096696,0.117978,0.116447,0.107315
STX,2023-12,0.108795,0.111617,0.114574,0.117807,0.108039,0.097666,0.11914,0.115368,0.106994
STX,2024-03,0.107801,0.1099,0.116568,0.117386,0.108284,0.099611,0.116333,0.115608,0.108509
STX,2024-06,0.110681,0.117529,0.117941,0.117668,0.102331,0.09922,0.111514,0.115976,0.107139
STX,2024-09,0.110725,0.10992,0.117763,0.116141,0.109304,0.095518,0.117619,0.115675,0.107334
STX,2024-12,0.109037,0.1116,0.115147,0.117981,0.107954,0.096692,0.118999,0.115417,0.107172
STX,2025-03,0.107329,0.109773,0.117412,0.117248,0.107909,0.098893,0.116685,0.115729,0.109021
STX,2025-06,0.110984,0.11876,0.116929,0.117982,0.102013,0.098973,0.111298,0.115778,0.107283
STX,2025-09,0.110984,0.11876,0.116929,0.117982,0.102013,0.098973,0.111298,0.115778,0.107283
STX,2025-12,0.110834,0.10935,0.11849,0.115235,0.108758,0.095605,0.118298,0.115215,0.108215
TSLA,2013-09,0.11438,0.102155,0.110558,0.115515,0.107456,0.099955,0.116481,0.108626,0.124874
TSLA,2013-12,0.114251,0.104301,0.110031,0.116724,0.105699,0.103548,0.114556,0.106222,0.124669
TSLA,2014-03,0.113623,0.100184,0.112002,0.118292,0.107027,0.096479,0.119197,0.10793,0.125266
TSLA,2014-06,0.112134,0.100802,0.113276,0.117274,0.108583,0.096892,0.117834,0.108844,0.124361
TSLA,2014-09,0.112305,0.100603,0.110934,0.118307,0.109411,0.098802,0.120027,0.107447,0.122165
TSLA,2014-12,0.112961,0.100721,0.110389,0.119786,0.108352,0.102312,0.113374,0.10616,0.125946
TSLA,2015-03,0.111968,0.103034,0.109904,0.11914,0.107074,0.097568,0.116903,0.110107,0.124301
TSLA,2015-06,0.113958,0.10394,0.106781,0.118102,0.108215,0.104704,0.114539,0.10985,0.119912
TSLA,2015-09,0.114615,0.101712,0.108751,0.11566,0.106491,0.100421,0.118303,0.115267,0.118782
TSLA,2015-12,0.112121,0.10415,0.110558,0.119289,0.106643,0.101609,0.114791,0.107404,0.123434
TSLA,2016-03,0.111087,0.104947,0.11242,0.116187,0.1056,0.102365,0.116419,0.112922,0.118054
TSLA,2016-06,0.112657,0.102271,0.113208,0.117942,0.106518,0.101516,0.115908,0.110205,0.119776
TSLA,2016-09,0.112807,0.102198,0.112706,0.117365,0.106019,0.100653,0.116881,0.10993,0.121441
TSLA,2016-12,0.11525,0.108745,0.109788,0.117412,0.104456,0.098388,0.113464,0.109154,0.123343
TSLA,2017-03,0.112623,0.106582,0.114876,0.114976,0.106484,0.093645,0.117799,0.106948,0.126067
TSLA,2017-06,0.116733,0.110068,0.110043,0.113803,0.103835,0.094069,0.118058,0.109331,0.12406
TSLA,2017-09,0.116368,0.106705,0.110188,0.115647,0.106468,0.094544,0.11852,0.109529,0.122032
TSLA,2017-12,0.113935,0.107113,0.109793,0.117651,0.107022,0.098536,0.114263,0.107263,0.124425
TSLA,2018-03,0.115487,0.106556,0.1089,0.11639,0.106908,0.094183,0.11697,0.108463,0.126142
TSLA,2018-06,0.114973,0.10824,0.108114,0.115136,0.106548,0.094551,0.117647,0.109795,0.124995
TSLA,2018-09,0.116295,0.107413,0.108571,0.116463,0.106183,0.094584,0.117245,0.108596,0.124649
TSLA,2018-12,0.115426,0.105873,0.111589,0.116969,0.105992,0.099791,0.112826,0.107143,0.124392
TSLA,2019-03,0.114141,0.107201,0.109404,0.115375,0.10605,0.096446,0.115376,0.110416,0.12559
TSLA,2019-06,0.113811,0.106529,0.110573,0.114151,0.104896,0.095202,0.116098,0.113503,0.125238
TSLA,2019-09,0.113199,0.106291,0.113129,0.115038,0.103886,0.095844,0.115822,0.111518,0.125273
TSLA,2019-12,0.116111,0.108809,0.11049,0.116407,0.106764,0.095268,0.11422,0.10749,0.124442
TSLA,2020-03,0.117498,0.109986,0.108637,0.112369,0.104675,0.096849,0.119127,0.110523,0.120336
TSLA,2020-06,0.117584,0.108244,0.11327,0.114359,0.103918,0.095342,0.118899,0.106337,0.122047
TSLA,2020-09,0.114832,0.10563,0.114712,0.111351,0.10632,0.099059,0.120258,0.107576,0.120262
TSLA,2020-12,0.115655,0.107248,0.107183,0.117843,0.107416,0.097672,0.114997,0.108594,0.123391
TSLA,2021-03,0.113188,0.106973,0.115007,0.110183,0.104015,0.09978,0.121178,0.11026,0.119415
TSLA,2021-06,0.11302,0.106311,0.115602,0.110551,0.104075,0.099702,0.120419,0.110664,0.119657
TSLA,2021-09,0.112976,0.106663,0.114346,0.110589,0.104166,0.099823,0.12095,0.110285,0.120203
TSLA,2021-12,0.115114,0.106983,0.107519,0.117318,0.107197,0.097631,0.116514,0.108632,0.123091
TSLA,2022-03,0.113167,0.106229,0.113838,0.11098,0.104052,0.098383,0.120987,0.110052,0.12231
TSLA,2022-06,0.113185,0.106831,0.114059,0.111722,0.1031,0.099008,0.120721,0.110263,0.121111
TSLA,2022-09,0.112242,0.106166,0.114291,0.110357,0.103946,0.098135,0.12216,0.111116,0.121588
TSLA,2022-12,0.114764,0.105026,0.11125,0.118688,0.106325,0.098855,0.112991,0.106659,0.125441
TSLA,2023-03,0.111511,0.105087,0.113515,0.11079,0.105462,0.096792,0.121418,0.111619,0.123807
TSLA,2023-06,0.111586,0.105121,0.113451,0.112268,0.105406,0.098198,0.120187,0.111391,0.122392
TSLA,2023-09,0.111564,0.105174,0.112979,0.112073,0.104722,0.097032,0.121782,0.111418,0.123256
TSLA,2023-12,0.110903,0.103735,0.109891,0.118075,0.110412,0.099121,0.116275,0.106075,0.125513
TSLA,2024-03,0.113714,0.107421,0.110045,0.113437,0.103458,0.094983,0.121033,0.111076,0.124835
TSLA,2024-06,0.113853,0.108221,0.109931,0.113992,0.103759,0.095665,0.120845,0.110259,0.123475
TSLA,2024-09,0.113998,0.107198,0.110745,0.11329,0.103552,0.095276,0.121145,0.110628,0.124166
TSLA,2024-12,0.111278,0.103793,0.110721,0.118518,0.110225,0.09832,0.1162,0.105952,0.124992
TSLA,2025-03,0.112404,0.109868,0.107776,0.114322,0.10327,0.092562,0.124463,0.109579,0.125756
TSLA,2025-06,0.113283,0.111017,0.107106,0.115244,0.103159,0.092792,0.122631,0.108972,0.125798
TSLA,2025-09,0.112379,0.110693,0.107684,0.114144,0.103732,0.093923,0.122928,0.109195,0.125321
TSLA,2025-12,0.113291,0.107783,0.109084,0.119183,0.108018,0.091017,0.114544,0.106735,0.130344
TSM,2013-09,0.119604,0.116534,0.104287,0.118208,0.109292,0.097467,0.116114,0.106813,0.11168
TSM,2013-12,0.119794,0.115951,0.104713,0.116995,0.109348,0.099019,0.115096,0.107356,0.111728
TSM,2014-03,0.119794,0.115951,0.104713,0.116995,0.109348,0.099019,0.115096,0.107356,0.111728
TSM,2014-06,0.119794,0.115951,0.104713,0.116995,0.109348,0.099019,0.115096,0.107356,0.111728
TSM,2014-09,0.119794,0.115951,0.104713,0.116995,0.109348,0.099019,0.115096,0.107356,0.111728
TSM,2014-12,0.120224,0.115035,0.106081,0.115752,0.110175,0.097392,0.114749,0.107783,0.112809
TSM,2015-03,0.120224,0.115035,0.106081,0.115752,0.110175,0.097392,0.114749,0.107783,0.112809
TSM,2015-06,0.120224,0.115035,0.106081,0.115752,0.110175,0.097392,0.114749,0.107783,0.112809
TSM,2015-09,0.120224,0.115035,0.106081,0.115752,0.110175,0.097392,0.114749,0.107783,0.112809
TSM,2015-12,0.120172,0.116521,0.104457,0.1169,0.109688,0.096185,0.116073,0.107352,0.112652
TSM,2016-03,0.120172,0.116521,0.104457,0.1169,0.109688,0.096185,0.116073,0.107352,0.112652
TSM,2016-06,0.120172,0.116521,0.104457,0.1169,0.109688,0.096185,0.116073,0.107352,0.112652
TSM,2016-09,0.120172,0.116521,0.104457,0.1169,0.109688,0.096185,0.116073,0.107352,0.112652
TSM,2016-12,0.120419,0.115673,0.104215,0.117315,0.109479,0.099661,0.115135,0.106855,0.111248
TSM,2017-03,0.120419,0.115673,0.104215,0.117315,0.109479,0.099661,0.115135,0.106855,0.111248
TSM,2017-06,0.120419,0.115673,0.104215,0.117315,0.109479,0.099661,0.115135,0.106855,0.111248
TSM,2017-09,0.120419,0.115673,0.104215,0.117315,0.109479,0.099661,0.115135,0.106855,0.111248
TSM,2017-12,0.11919,0.115669,0.103932,0.118035,0.110059,0.100671,0.114377,0.106872,0.111194
TSM,2018-03,0.11919,0.115669,0.103932,0.118035,0.110059,0.100671,0.114377,0.106872,0.111194
TSM,2018-06,0.11919,0.115669,0.103932,0.118035,0.110059,0.100671,0.114377,0.106872,0.111194
TSM,2018-09,0.11919,0.115669,0.103932,0.118035,0.110059,0.100671,0.114377,0.106872,0.111194
TSM,2018-12,0.118978,0.114696,0.10346,0.118695,0.110979,0.099027,0.114839,0.10613,0.113196
TSM,2019-03,0.118978,0.114696,0.10346,0.118695,0.110979,0.099027,0.114839,0.10613,0.113196
TSM,2019-06,0.118978,0.114696,0.10346,0.118695,0.110979,0.099027,0.114839,0.10613,0.113196
TSM,2019-09,0.118978,0.114696,0.10346,0.118695,0.110979,0.099027,0.114839,0.10613,0.113196
TSM,2019-12,0.118033,0.114165,0.105758,0.117056,0.10985,0.100203,0.115405,0.106328,0.113202
TSM,2020-03,0.118033,0.114165,0.105758,0.117056,0.10985,0.100203,0.115405,0.106328,0.113202
TSM,2020-06,0.118033,0.114165,0.105758,0.117056,0.10985,0.100203,0.115405,0.106328,0.113202
TSM,2020-09,0.118033,0.114165,0.105758,0.117056,0.10985,0.100203,0.115405,0.106328,0.113202
TSM,2020-12,0.117747,0.114493,0.105633,0.116353,0.1106,0.101087,0.114723,0.105978,0.113385
TSM,2021-03,0.117747,0.114493,0.105633,0.116353,0.1106,0.101087,0.114723,0.105978,0.113385
TSM,2021-06,0.117747,0.114493,0.105633,0.116353,0.1106,0.101087,0.114723,0.105978,0.113385
TSM,2021-09,0.117747,0.114493,0.105633,0.116353,0.1106,0.101087,0.114723,0.105978,0.113385
TSM,2021-12,0.129699,0.113888,0.103746,0.11714,0.112337,0.097799,0.113174,0.100385,0.111832
TSM,2022-03,0.129699,0.113888,0.103746,0.11714,0.112337,0.097799,0.113174,0.100385,0.111832
TSM,2022-06,0.129699,0.113888,0.103746,0.11714,0.112337,0.097799,0.113174,0.100385,0.111832
TSM,2022-09,0.129699,0.113888,0.103746,0.11714,0.112337,0.097799,0.113174,0.100385,0.111832
TSM,2022-12,0.104422,0.111532,0.121216,0.109811,0.108955,0.107144,0.115891,0.105651,0.115378
TSM,2023-03,0.104422,0.111532,0.121216,0.109811,0.108955,0.107144,0.115891,0.105651,0.115378
TSM,2023-06,0.104422,0.111532,0.121216,0.109811,0.108955,0.107144,0.115891,0.105651,0.115378
TSM,2023-09,0.104422,0.111532,0.121216,0.109811,0.108955,0.107144,0.115891,0.105651,0.115378
TSM,2023-12,0.107854,0.114006,0.120899,0.106186,0.10787,0.104188,0.118861,0.107264,0.112871
TSM,2024-03,0.107854,0.114006,0.120899,0.106186,0.10787,0.104188,0.118861,0.107264,0.112871
TSM,2024-06,0.107854,0.114006,0.120899,0.106186,0.10787,0.104188,0.118861,0.107264,0.112871
TSM,2024-09,0.107854,0.114006,0.120899,0.106186,0.10787,0.104188,0.118861,0.107264,0.112871
TSM,2024-12,0.106507,0.110358,0.122154,0.109216,0.109907,0.107855,0.114265,0.10709,0.112649
TSM,2025-03,0.106507,0.110358,0.122154,0.109216,0.109907,0.107855,0.114265,0.10709,0.112649
TSM,2025-06,0.106507,0.110358,0.122154,0.109216,0.109907,0.107855,0.114265,0.10709,0.112649
TSM,2025-09,0.106507,0.110358,0.122154,0.109216,0.109907,0.107855,0.114265,0.10709,0.112649
TSM,2025-12,0.106507,0.110358,0.122154,0.109216,0.109907,0.107855,0.114265,0.10709,0.112649
TXN,2013-09,0.128299,0.097825,0.105273,0.124536,0.113137,0.096659,0.112121,0.109692,0.112457
TXN,2013-12,0.130593,0.099879,0.10525,0.123297,0.111934,0.096064,0.109916,0.109116,0.11395
TXN,2014-03,0.127306,0.098064,0.108328,0.124053,0.1116,0.09762,0.113275,0.108853,0.110899
TXN,2014-06,0.126961,0.098314,0.108224,0.123883,0.111559,0.097709,0.113452,0.109118,0.110781
TXN,2014-09,0.126961,0.098314,0.108224,0.123883,0.111559,0.097709,0.113452,0.109118,0.110781
TXN,2014-12,0.129895,0.099077,0.105756,0.12376,0.113698,0.099028,0.111305,0.109279,0.108202
TXN,2015-03,0.132682,0.103189,0.105853,0.123731,0.110965,0.09425,0.111514,0.10426,0.113557
TXN,2015-06,0.130546,0.099146,0.109038,0.124313,0.112631,0.095573,0.11134,0.106585,0.110828
TXN,2015-09,0.130546,0.099146,0.109038,0.124313,0.112631,0.095573,0.11134,0.106585,0.110828
TXN,2015-12,0.129139,0.099602,0.111153,0.120695,0.111692,0.096139,0.114049,0.107222,0.11031
TXN,2016-03,0.130508,0.099388,0.108694,0.124052,0.112446,0.09578,0.111263,0.106958,0.110912
TXN,2016-06,0.130508,0.099388,0.108694,0.124052,0.112446,0.09578,0.111263,0.106958,0.110912
TXN,2016-09,0.130508,0.099388,0.108694,0.124052,0.112446,0.09578,0.111263,0.106958,0.110912
TXN,2016-12,0.12932,0.100725,0.108379,0.122244,0.111459,0.096434,0.110295,0.109492,0.111651
TXN,2017-03,0.130091,0.100368,0.108264,0.123582,0.113462,0.095558,0.112885,0.105834,0.109957
TXN,2017-06,0.129578,0.099805,0.108834,0.124132,0.113384,0.095321,0.112723,0.106213,0.11001
TXN,2017-09,0.129578,0.099805,0.108834,0.124132,0.113384,0.095321,0.112723,0.106213,0.11001
TXN,2017-12,0.128216,0.101931,0.112003,0.11883,0.110922,0.095501,0.112022,0.107111,0.113464
TXN,2018-03,0.129133,0.102714,0.106512,0.121602,0.113344,0.092559,0.117606,0.104188,0.112341
TXN,2018-06,0.1297,0.102244,0.106491,0.121291,0.112611,0.092866,0.117123,0.10462,0.113055
TXN,2018-09,0.1297,0.102244,0.106491,0.121291,0.112611,0.092866,0.117123,0.10462,0.113055
TXN,2018-12,0.129094,0.102994,0.110728,0.118992,0.110895,0.095114,0.111966,0.106689,0.113526
TXN,2019-03,0.128609,0.103789,0.105473,0.120859,0.11454,0.093204,0.117267,0.104163,0.112095
TXN,2019-06,0.129726,0.102861,0.10439,0.120991,0.113813,0.093495,0.117449,0.104721,0.112553
TXN,2019-09,0.129726,0.102861,0.10439,0.120991,0.113813,0.093495,0.117449,0.104721,0.112553
TXN,2019-12,0.128853,0.106062,0.110175,0.116965,0.1117,0.094122,0.114437,0.104663,0.113023
TXN,2020-03,0.131611,0.104324,0.102604,0.121883,0.113933,0.094208,0.11798,0.103126,0.11033
TXN,2020-06,0.131611,0.104324,0.102604,0.121883,0.113933,0.094208,0.11798,0.103126,0.11033
TXN,2020-09,0.131611,0.104324,0.102604,0.121883,0.113933,0.094208,0.11798,0.103126,0.11033
TXN,2020-12,0.129815,0.105704,0.10421,0.121668,0.11251,0.095102,0.113166,0.104129,0.113697
TXN,2021-03,0.125911,0.104976,0.107006,0.116299,0.110281,0.095462,0.119961,0.108785,0.11132
TXN,2021-06,0.125911,0.104976,0.107006,0.116299,0.110281,0.095462,0.119961,0.108785,0.11132
TXN,2021-09,0.125911,0.104976,0.107006,0.116299,0.110281,0.095462,0.119961,0.108785,0.11132
TXN,2021-12,0.129809,0.106066,0.104747,0.121607,0.112853,0.094464,0.113336,0.103923,0.113194
TXN,2022-03,0.125911,0.104976,0.107006,0.116299,0.110281,0.095462,0.119961,0.108785,0.11132
TXN,2022-06,0.125911,0.104976,0.107006,0.116299,0.110281,0.095462,0.119961,0.108785,0.11132
TXN,2022-09,0.125911,0.104976,0.107006,0.116299,0.110281,0.095462,0.119961,0.108785,0.11132
TXN,2022-12,0.130954,0.106781,0.103695,0.121717,0.111724,0.094136,0.113079,0.104064,0.113851
TXN,2023-03,0.125477,0.1059,0.108218,0.116707,0.110367,0.093538,0.120591,0.107035,0.112166
TXN,2023-06,0.125477,0.1059,0.108218,0.116707,0.110367,0.093538,0.120591,0.107035,0.112166
TXN,2023-09,0.125477,0.1059,0.108218,0.116707,0.110367,0.093538,0.120591,0.107035,0.112166
TXN,2023-12,0.132085,0.106671,0.103859,0.121512,0.111179,0.093192,0.112465,0.104108,0.114929
TXN,2024-03,0.125477,0.1059,0.108218,0.116707,0.110367,0.093538,0.120591,0.107035,0.112166
TXN,2024-06,0.125477,0.1059,0.108218,0.116707,0.110367,0.093538,0.120591,0.107035,0.112166
TXN,2024-09,0.125477,0.1059,0.108218,0.116707,0.110367,0.093538,0.120591,0.107035,0.112166
TXN,2024-12,0.129874,0.106958,0.104424,0.121783,0.111878,0.094527,0.113544,0.103675,0.113337
TXN,2025-03,0.12549,0.104131,0.109682,0.117289,0.111629,0.092033,0.120047,0.106789,0.11291
TXN,2025-06,0.127314,0.104379,0.109167,0.11871,0.111106,0.092752,0.119957,0.104007,0.112609
TXN,2025-09,0.127866,0.104028,0.108864,0.119271,0.111126,0.092675,0.119266,0.104258,0.112647
TXN,2025-12,0.129873,0.106994,0.104413,0.121774,0.111845,0.094531,0.113492,0.103715,0.113363
