date,firm_id,stock_return,paper_count,news_count,news_sentiment,news_ai_exposure,news_impact,gt_firm_attention,gt_ai_momentum,expo_topic_semiconductors,expo_topic_cloud,expo_topic_software,expo_topic_hardware,expo_topic_advertising,expo_topic_social,expo_topic_ecommerce,expo_topic_data,expo_topic_auto,AFCI
2014-01,AAPL,-0.1076968919364994,13.0,0.0,0.0,0.0,0.0,49.0,18.14,0.105536,0.109848,0.11756,0.116281,0.106277,0.10418,0.118358,0.114563,0.107398,0.10307298335467349
2014-02,AAPL,0.051218377134345,3.0,0.0,0.0,0.0,0.0,40.0,18.14,0.105536,0.109848,0.11756,0.116281,0.106277,0.10418,0.118358,0.114563,0.107398,0.181204025236028
2014-03,AAPL,0.0260590979141388,1.0,0.0,0.0,0.0,0.0,28.0,17.14,0.105269,0.110205,0.117669,0.115953,0.106166,0.104377,0.118738,0.11428,0.107343,0.23071124412965088
2014-04,AAPL,0.0993954465783846,5.0,0.0,0.0,0.0,0.0,40.0,17.21,0.105269,0.110205,0.117669,0.115953,0.106166,0.104377,0.118738,0.11428,0.107343,0.3044243115167229
2014-05,AAPL,0.072718085241078,2.0,0.0,0.0,0.0,0.0,41.0,16.86,0.105269,0.110205,0.117669,0.115953,0.106166,0.104377,0.118738,0.11428,0.107343,0.371917777758463
2014-06,AAPL,0.0334019231794369,2.0,0.0,0.0,0.0,0.0,54.0,18.0,0.105271,0.109576,0.117487,0.116054,0.106063,0.104489,0.119216,0.114399,0.107445,0.46718429364169023
2014-07,AAPL,0.0287311589097263,1.0,0.0,0.0,0.0,0.0,47.0,19.29,0.105271,0.109576,0.117487,0.116054,0.106063,0.104489,0.119216,0.114399,0.107445,0.5402954484968633
2014-08,AAPL,0.0721754843350319,3.0,0.0,0.0,0.0,0.0,40.0,17.86,0.105271,0.109576,0.117487,0.116054,0.106063,0.104489,0.119216,0.114399,0.107445,0.5994780132394952
2014-09,AAPL,-0.0121840339391214,6.0,0.0,0.0,0.0,0.0,65.0,17.64,0.099582,0.099751,0.119679,0.125714,0.112083,0.110569,0.118134,0.108166,0.106323,0.719165231047549
2014-10,AAPL,0.071960356827051,5.0,0.0,0.0,0.0,0.0,49.0,18.14,0.099582,0.099751,0.119679,0.125714,0.112083,0.110569,0.118134,0.108166,0.106323,0.7864938958518843
2014-11,AAPL,0.1012038400079515,1.0,0.0,0.0,0.0,0.0,39.0,18.36,0.099582,0.099751,0.119679,0.125714,0.112083,0.110569,0.118134,0.108166,0.106323,0.8343090573332168
2014-12,AAPL,-0.067866699985289,5.0,0.0,0.0,0.0,0.0,38.0,17.79,0.105548,0.109189,0.118131,0.116097,0.105887,0.104379,0.118214,0.11421,0.108345,0.8866534127458596
2015-01,AAPL,0.0614241807519242,10.0,0.0,0.0,0.0,0.0,43.0,17.21,0.105548,0.109189,0.118131,0.116097,0.105887,0.104379,0.118214,0.11421,0.108345,0.9373504303699094
2015-02,AAPL,0.0964493389853626,2.0,0.0,0.0,0.0,0.0,45.0,17.07,0.105548,0.109189,0.118131,0.116097,0.105887,0.104379,0.118214,0.11421,0.108345,0.9925460266574312
2015-03,AAPL,-0.0275487505982754,5.0,0.0,0.0,0.0,0.0,43.0,17.0,0.10553,0.108902,0.117994,0.116561,0.105871,0.104296,0.118402,0.114197,0.108248,1.0494818047391257
2015-04,AAPL,0.0057861595989756,5.0,0.0,0.0,0.0,0.0,44.0,17.0,0.10553,0.108902,0.117994,0.116561,0.105871,0.104296,0.118402,0.114197,0.108248,1.100206246312632
2015-05,AAPL,0.0409908548967437,3.0,0.0,0.0,0.0,0.0,36.0,17.07,0.10553,0.108902,0.117994,0.116561,0.105871,0.104296,0.118402,0.114197,0.108248,1.1314085604397641
2015-06,AAPL,-0.033205837149992,9.0,0.0,0.0,0.0,0.0,30.0,16.36,0.10553,0.108902,0.117994,0.116561,0.105871,0.104296,0.118402,0.114197,0.108248,1.148642771464914
2015-07,AAPL,-0.0329266535343597,4.0,0.0,0.0,0.0,0.0,42.0,16.71,0.10553,0.108902,0.117994,0.116561,0.105871,0.104296,0.118402,0.114197,0.108248,1.1793292410656406
2015-08,AAPL,-0.0704040320453548,5.0,0.0,0.0,0.0,0.0,51.0,15.43,0.10553,0.108902,0.117994,0.116561,0.105871,0.104296,0.118402,0.114197,0.108248,1.239329053026731
2015-09,AAPL,-0.0173885812511231,7.0,0.0,0.0,0.0,0.0,41.0,15.64,0.103119,0.100055,0.116532,0.128051,0.114336,0.106765,0.119217,0.105841,0.106085,1.2787980518322728
2015-10,AAPL,0.0834090079901326,7.0,0.0,0.0,0.0,0.0,38.0,16.36,0.103119,0.100055,0.116532,0.128051,0.114336,0.106765,0.119217,0.105841,0.106085,1.3108404458440563
2015-11,AAPL,-0.010041681267931,3.0,0.0,0.0,0.0,0.0,29.0,16.36,0.103119,0.100055,0.116532,0.128051,0.114336,0.106765,0.119217,0.105841,0.106085,1.3016264892142877
2015-12,AAPL,-0.1064195314505555,4.0,0.0,0.0,0.0,0.0,27.0,16.36,0.105022,0.109707,0.117941,0.116345,0.106172,0.104242,0.118217,0.114469,0.107885,1.29718652649014
2016-01,AAPL,-0.0752423834814491,26.0,0.0,0.0,0.0,0.0,51.0,15.93,0.105022,0.109707,0.117941,0.116345,0.106172,0.104242,0.118217,0.114469,0.107885,1.3586531904630514
2016-02,AAPL,-0.006677760279063,3.0,1.0,0.994,0.0,0.994,33.0,16.14,0.105022,0.109707,0.117941,0.116345,0.106172,0.104242,0.118217,0.114469,0.107885,1.3832095674880152
2016-03,AAPL,0.1333269697084442,9.0,0.0,0.0,0.0,0.0,32.0,16.21,0.105022,0.109707,0.117941,0.116345,0.106172,0.104242,0.118217,0.114469,0.107885,1.3987418753792047
2016-04,AAPL,-0.1399207945449476,6.0,0.0,0.0,0.0,0.0,40.0,16.21,0.105022,0.109707,0.117941,0.116345,0.106172,0.104242,0.118217,0.114469,0.107885,1.4332600489047267
2016-05,AAPL,0.0652871408356574,7.0,0.0,0.0,0.0,0.0,42.0,17.0,0.105022,0.109707,0.117941,0.116345,0.106172,0.104242,0.118217,0.114469,0.107885,1.4628730982334899
2016-06,AAPL,-0.0368313546442664,6.0,0.0,0.0,0.0,0.0,31.0,16.14,0.106034,0.109356,0.117725,0.115603,0.106871,0.102994,0.11808,0.113862,0.109474,1.555219587246871
2016-07,AAPL,0.0900627059608478,5.0,0.0,0.0,0.0,0.0,34.0,15.21,0.106034,0.109356,0.117725,0.115603,0.106871,0.102994,0.11808,0.113862,0.109474,1.6108806595909602
2016-08,AAPL,0.0181366175382355,4.0,0.0,0.0,0.0,0.0,31.0,14.79,0.106034,0.109356,0.117725,0.115603,0.106871,0.102994,0.11808,0.113862,0.109474,1.6056961481109233
2016-09,AAPL,0.0712763505257687,3.0,0.0,0.0,0.0,0.0,37.0,16.07,0.100436,0.100707,0.117978,0.127004,0.114159,0.10889,0.118837,0.106282,0.105707,1.616320504656702
2016-10,AAPL,0.0043341980893203,4.0,0.0,0.0,0.0,0.0,32.0,17.0,0.100436,0.100707,0.117978,0.127004,0.114159,0.10889,0.118837,0.106282,0.105707,1.60948300406838
2016-11,AAPL,-0.0265985118379198,1.0,0.0,0.0,0.0,0.0,26.0,17.93,0.100436,0.100707,0.117978,0.127004,0.114159,0.10889,0.118837,0.106282,0.105707,1.578113700738178
2016-12,AAPL,0.0533356596993062,9.0,0.0,0.0,0.0,0.0,21.0,17.21,0.105186,0.109732,0.117986,0.115948,0.106201,0.104225,0.11839,0.114456,0.107876,1.5505696166432623
2017-01,AAPL,0.0477461379068493,14.0,0.0,0.0,0.0,0.0,23.0,17.64,0.105186,0.109732,0.117986,0.115948,0.106201,0.104225,0.11839,0.114456,0.107876,1.53759737579384
2017-02,AAPL,0.1288838850718046,8.0,0.0,0.0,0.0,0.0,36.0,18.14,0.105186,0.109732,0.117986,0.115948,0.106201,0.104225,0.11839,0.114456,0.107876,1.5616661623079349
2017-03,AAPL,0.053236352570982,13.0,0.0,0.0,0.0,0.0,26.0,19.21,0.105186,0.109732,0.117986,0.115948,0.106201,0.104225,0.11839,0.114456,0.107876,1.5985317244975183
2017-04,AAPL,-6.952857785447186e-05,3.0,0.0,0.0,0.0,0.0,21.0,19.07,0.105186,0.109732,0.117986,0.115948,0.106201,0.104225,0.11839,0.114456,0.107876,1.5524256701226147
2017-05,AAPL,0.0634176901965819,1.0,0.0,0.0,0.0,0.0,39.0,19.36,0.105186,0.109732,0.117986,0.115948,0.106201,0.104225,0.11839,0.114456,0.107876,1.5494177658311061
2017-06,AAPL,-0.0533222892793527,9.0,0.0,0.0,0.0,0.0,29.0,20.14,0.105186,0.109732,0.117986,0.115948,0.106201,0.104225,0.11839,0.114456,0.107876,1.5399313569359803
2017-07,AAPL,0.0327036422788249,9.0,0.0,0.0,0.0,0.0,23.0,20.0,0.105186,0.109732,0.117986,0.115948,0.106201,0.104225,0.11839,0.114456,0.107876,1.5217109066381354
2017-08,AAPL,0.1026694476476135,6.0,0.0,0.0,0.0,0.0,33.0,19.0,0.105186,0.109732,0.117986,0.115948,0.106201,0.104225,0.11839,0.114456,0.107876,1.5200737849139059
2017-09,AAPL,-0.0565537003597893,8.0,0.0,0.0,0.0,0.0,33.0,19.79,0.102757,0.1052075,0.117989495,0.1218285,0.1101935,0.106228,0.1184215,0.110203,0.107171506,1.5330925493498182
2017-10,AAPL,0.0968079106881918,7.0,1.0,0.997,0.0,0.997,27.0,20.64,0.102757,0.1052075,0.117989495,0.1218285,0.1101935,0.106228,0.1184215,0.110203,0.107171506,1.556439920575396
2017-11,AAPL,0.0166233034929332,5.0,2.0,0.993,0.0,1.986,37.0,22.0,0.102757,0.1052075,0.117989495,0.1218285,0.1101935,0.106228,0.1184215,0.110203,0.107171506,1.611983753540908
2017-12,AAPL,-0.0117057877738427,5.0,0.0,0.0,0.0,0.0,26.0,20.64,0.105181,0.108683,0.119039,0.115711,0.106221,0.10437,0.118917,0.113913,0.107966,1.58184151960337
2018-01,AAPL,-0.0106365405698556,24.0,1.0,0.995,0.0,0.995,31.0,21.21,0.105181,0.108683,0.119039,0.115711,0.106221,0.10437,0.118917,0.113913,0.107966,1.5914370726053515
2018-02,AAPL,0.0638477420464085,5.0,0.0,0.0,0.0,0.0,42.0,21.64,0.105181,0.108683,0.119039,0.115711,0.106221,0.10437,0.118917,0.113913,0.107966,1.6117934283927269
2018-03,AAPL,-0.0542104784814543,6.0,2.0,0.3735,0.0,0.747,27.0,21.07,0.105148,0.10875,0.119036,0.115838,0.106276,0.104196,0.118875,0.113976,0.107906,1.613147121413861
2018-04,AAPL,-0.0150197168232529,10.0,1.0,0.997,0.0,0.997,28.0,21.0,0.105148,0.10875,0.119036,0.115838,0.106276,0.104196,0.118875,0.113976,0.107906,1.6106219604809795
2018-05,AAPL,0.1307637906856464,7.0,0.0,0.0,0.0,0.0,39.0,20.5,0.105148,0.10875,0.119036,0.115838,0.106276,0.104196,0.118875,0.113976,0.107906,1.6147693099011158
2018-06,AAPL,-0.0055988423458048,7.0,1.0,-0.807,0.0,-0.807,25.0,19.71,0.105148,0.10875,0.119036,0.115838,0.106276,0.104196,0.118875,0.113976,0.107906,1.5897747240274251
2018-07,AAPL,0.0279835498925951,6.0,0.0,0.0,0.0,0.0,26.0,19.5,0.105148,0.10875,0.119036,0.115838,0.106276,0.104196,0.118875,0.113976,0.107906,1.751217271660359
2018-08,AAPL,0.1962270870851146,12.0,0.0,0.0,0.0,0.0,43.0,19.29,0.105148,0.10875,0.119036,0.115838,0.106276,0.104196,0.118875,0.113976,0.107906,1.8821704573792433
2018-09,AAPL,-0.0048251649421894,7.0,0.0,0.0,0.0,0.0,34.0,20.29,0.101255,0.100729,0.11611,0.129999,0.11374,0.109991,0.118226,0.105248,0.104702,2.0194549947851517
2018-10,AAPL,-0.0304773880498289,10.0,1.0,0.995,0.0,0.995,33.0,21.07,0.101255,0.100729,0.11611,0.129999,0.11374,0.109991,0.118226,0.105248,0.104702,2.00488154439675
2018-11,AAPL,-0.1840447168705562,5.0,1.0,0.998,0.0,0.998,50.0,21.29,0.101255,0.100729,0.11611,0.129999,0.11374,0.109991,0.118226,0.105248,0.104702,2.0353481764244172
2018-12,AAPL,-0.1136163995128975,10.0,0.0,0.0,0.0,0.0,38.0,20.07,0.104969,0.108824,0.118693,0.116065,0.106102,0.104472,0.118987,0.113748,0.108141,2.0198782931893007
2019-01,AAPL,0.0551540897782325,22.0,2.0,0.9795,0.0,1.959,51.0,20.43,0.104969,0.108824,0.118693,0.116065,0.106102,0.104472,0.118987,0.113748,0.108141,2.0897201742332823
2019-02,AAPL,0.0403146947211017,5.0,1.0,0.997,0.0,0.997,27.0,21.64,0.104969,0.108824,0.118693,0.116065,0.106102,0.104472,0.118987,0.113748,0.108141,2.064803400539846
2019-03,AAPL,0.101730955170771,7.0,0.0,0.0,0.0,0.0,30.0,21.64,0.105002,0.108812,0.118791,0.11627,0.106035,0.10455,0.118895,0.113656,0.107989,2.0287847718697893
2019-04,AAPL,0.0564361087735103,14.0,8.0,0.1629,0.0,1.3032,35.0,21.14,0.105002,0.108812,0.118791,0.11627,0.106035,0.10455,0.118895,0.113656,0.107989,2.0370562176092792
2019-05,AAPL,-0.1275730801635858,10.0,22.0,-0.0575,0.0,-1.2650000000000001,33.0,20.86,0.105002,0.108812,0.118791,0.11627,0.106035,0.10455,0.118895,0.113656,0.107989,2.001288714906581
2019-06,AAPL,0.1348729174218368,16.0,8.0,-0.4805,0.0,-3.844,25.0,20.64,0.105002,0.108812,0.118791,0.11627,0.106035,0.10455,0.118895,0.113656,0.107989,1.9702936889864089
2019-07,AAPL,0.0763946662936538,7.0,0.0,0.0,0.0,0.0,27.0,20.71,0.105002,0.108812,0.118791,0.11627,0.106035,0.10455,0.118895,0.113656,0.107989,1.9344165637665864
2019-08,AAPL,-0.0201838268732177,11.0,0.0,0.0,0.0,0.0,28.0,20.36,0.105002,0.108812,0.118791,0.11627,0.106035,0.10455,0.118895,0.113656,0.107989,1.9255833866288001
2019-09,AAPL,0.0770379461315011,24.0,0.0,0.0,0.0,0.0,23.0,21.43,0.106738,0.104707,0.111262,0.136591,0.106173,0.109324,0.109446,0.105788,0.10997,1.9151462864274362
2019-10,AAPL,0.1106844237706361,19.0,0.0,0.0,0.0,0.0,30.0,21.79,0.106738,0.104707,0.111262,0.136591,0.106173,0.109324,0.109446,0.105788,0.10997,1.9165293001802488
2019-11,AAPL,0.0743290896518664,6.0,0.0,0.0,0.0,0.0,25.0,22.43,0.106738,0.104707,0.111262,0.136591,0.106173,0.109324,0.109446,0.105788,0.10997,1.875712155594565
2019-12,AAPL,0.1020822982121547,8.0,0.0,0.0,0.0,0.0,29.0,20.93,0.104451,0.109039,0.118509,0.116111,0.105898,0.104707,0.119058,0.114147,0.10808,1.8480865855074782
2020-01,AAPL,0.0540101084746127,29.0,0.0,0.0,0.0,0.0,40.0,25.93,0.104451,0.109039,0.118509,0.116111,0.105898,0.104707,0.119058,0.114147,0.10808,1.8613311526418257
2020-02,AAPL,-0.1167973409467708,9.0,0.0,0.0,0.0,0.0,41.0,25.07,0.104451,0.109039,0.118509,0.116111,0.105898,0.104707,0.119058,0.114147,0.10808,1.8757212685553775
2020-03,AAPL,-0.0675540994275911,9.0,6.0,0.7007,0.0,4.2042,61.0,20.14,0.105872,0.109586,0.118315,0.116819,0.10582,0.10508,0.119692,0.111771,0.107044,2.1121331026797834
2020-04,AAPL,0.155373558741646,17.0,17.0,0.5359,0.0079,9.1103,39.0,20.79,0.105872,0.109586,0.118315,0.116819,0.10582,0.10508,0.119692,0.111771,0.107044,2.3055633277393177
2020-05,AAPL,0.0821651312354281,7.0,17.0,0.8105,0.0193,13.7785,31.0,22.21,0.105872,0.109586,0.118315,0.116819,0.10582,0.10508,0.119692,0.111771,0.107044,2.501548087036972
2020-06,AAPL,0.1504921910171721,7.0,6.0,0.4402,0.0,2.6412,36.0,21.93,0.105872,0.109586,0.118315,0.116819,0.10582,0.10508,0.119692,0.111771,0.107044,2.471847809421686
2020-07,AAPL,0.1651314833949384,18.0,24.0,0.6863,0.0,16.4712,44.0,21.71,0.105872,0.109586,0.118315,0.116819,0.10582,0.10508,0.119692,0.111771,0.107044,2.5525178418664316
2020-08,AAPL,0.2143798704327515,5.0,42.0,0.7244,0.0071,30.4248,74.0,20.71,0.105872,0.109586,0.118315,0.116819,0.10582,0.10508,0.119692,0.111771,0.107044,2.81012077805763
2020-09,AAPL,-0.1009081314762997,15.0,45.0,0.6998,0.0,31.491,100.0,22.07,0.109085,0.107057,0.112592,0.136585,0.102836,0.10737,0.109089,0.105286,0.1101,3.046269701691153
2020-10,AAPL,-0.0600122279329075,21.0,45.0,0.7666,0.0063,34.497,66.0,20.5,0.109085,0.107057,0.112592,0.136585,0.102836,0.10737,0.109089,0.105286,0.1101,3.2893213822525063
2020-11,AAPL,0.0936066345348354,5.0,27.0,0.5129,0.0134,13.8483,48.0,19.36,0.109085,0.107057,0.112592,0.136585,0.102836,0.10737,0.109089,0.105286,0.1101,3.342084502151909
2020-12,AAPL,0.1164966963952771,13.0,74.0,0.4457,0.0072,32.9818,49.0,19.07,0.105662,0.10958,0.118039,0.11715,0.105072,0.105421,0.119427,0.112136,0.107512,3.481793249374234
2021-01,AAPL,-0.0055017997099681,44.0,114.0,0.7152,0.016,81.5328,56.0,18.93,0.105662,0.10958,0.118039,0.11715,0.105072,0.105421,0.119427,0.112136,0.107512,3.7416040564796345
2021-02,AAPL,-0.0810850500956213,14.0,171.0,0.5825,0.0083,99.6075,53.0,20.0,0.105662,0.10958,0.118039,0.11715,0.105072,0.105421,0.119427,0.112136,0.107512,3.8445596531567405
2021-03,AAPL,0.0088448889592256,15.0,547.0,0.5784,0.0,316.38480000000004,52.0,19.79,0.105662,0.10958,0.118039,0.11715,0.105072,0.105421,0.119427,0.112136,0.107512,3.904988276974556
2021-04,AAPL,0.0762179159625742,9.0,914.0,0.5,0.006,457.0,47.0,19.36,0.105662,0.10958,0.118039,0.11715,0.105072,0.105421,0.119427,0.112136,0.107512,3.983223475473617
2021-05,AAPL,-0.052107193774991,9.0,723.0,0.4781,0.0061,345.66630000000004,36.0,19.64,0.105662,0.10958,0.118039,0.11715,0.105072,0.105421,0.119427,0.112136,0.107512,4.007476655929334
2021-06,AAPL,0.1009758509651075,10.0,774.0,0.6238,0.0,482.82120000000003,32.0,20.21,0.105662,0.10958,0.118039,0.11715,0.105072,0.105421,0.119427,0.112136,0.107512,4.013547862997266
2021-07,AAPL,0.064982723537627,14.0,731.0,0.5182,0.0094,378.8042,44.0,19.43,0.105662,0.10958,0.118039,0.11715,0.105072,0.105421,0.119427,0.112136,0.107512,4.138413638827442
2021-08,AAPL,0.0409296982431242,18.0,548.0,0.4818,0.0,264.0264,32.0,18.29,0.105662,0.10958,0.118039,0.11715,0.105072,0.105421,0.119427,0.112136,0.107512,4.143407084265045
2021-09,AAPL,-0.0666403755810458,12.0,784.0,0.3937,0.0,308.6608,33.0,19.5,0.108208,0.103008,0.109723,0.135254,0.106659,0.108361,0.109651,0.108181,0.110954,4.156980566125043
2021-10,AAPL,0.0586571841736982,13.0,870.0,0.4333,0.008,376.971,32.0,19.64,0.108208,0.103008,0.109723,0.135254,0.106659,0.108361,0.109651,0.108181,0.110954,4.205729432186992
2021-11,AAPL,0.103471371680557,10.0,562.0,0.5008,0.0076,281.44960000000003,30.0,20.79,0.108208,0.103008,0.109723,0.135254,0.106659,0.108361,0.109651,0.108181,0.110954,4.183214416679777
2021-12,AAPL,0.0757964208847943,10.0,790.0,0.4975,0.0058,393.025,42.0,19.29,0.105711,0.109549,0.118163,0.117215,0.105154,0.105612,0.119013,0.11202,0.107563,4.284970321477212
2022-01,AAPL,-0.0157120713440336,30.0,836.0,0.5727,0.0048,478.7772,38.0,24.86,0.105711,0.109549,0.118163,0.117215,0.105154,0.105612,0.119013,0.11202,0.107563,4.384284972877306
2022-02,AAPL,-0.0552695430679262,9.0,722.0,0.5212,0.0,376.3064,29.0,26.0,0.105711,0.109549,0.118163,0.117215,0.105154,0.105612,0.119013,0.11202,0.107563,4.381207675625218
2022-03,AAPL,0.0588204823982816,12.0,884.0,0.3775,0.0071,333.71,30.0,27.36,0.105234,0.109539,0.117868,0.117348,0.105264,0.105307,0.119468,0.112392,0.10758,4.43045933113038
2022-04,AAPL,-0.0971306925410933,14.0,749.0,0.4195,0.0,314.2055,29.0,26.71,0.105234,0.109539,0.117868,0.117348,0.105264,0.105307,0.119468,0.112392,0.10758,4.412886273420051
2022-05,AAPL,-0.055883135233157,14.0,676.0,0.3703,0.0,250.3228,36.0,25.5,0.105234,0.109539,0.117868,0.117348,0.105264,0.105307,0.119468,0.112392,0.10758,4.389553411253999
2022-06,AAPL,-0.0800800804994181,12.0,804.0,0.4663,0.0079,374.9052,28.0,25.64,0.105234,0.109539,0.117868,0.117348,0.105264,0.105307,0.119468,0.112392,0.10758,4.4060766784327745
2022-07,AAPL,0.1886337689708137,6.0,773.0,0.3936,0.0063,304.2528,27.0,23.43,0.105234,0.109539,0.117868,0.117348,0.105264,0.105307,0.119468,0.112392,0.10758,4.402685164023969
2022-08,AAPL,-0.0325518412661104,10.0,673.0,0.4416,0.0,297.1968,26.0,22.79,0.105234,0.109539,0.117868,0.117348,0.105264,0.105307,0.119468,0.112392,0.10758,4.3743032147305545
2022-09,AAPL,-0.1197561857934901,16.0,794.0,0.4647,0.0,368.9718,27.0,24.5,0.105334,0.106185,0.112584,0.136156,0.108138,0.108728,0.109296,0.105354,0.108225,4.423994609395715
2022-10,AAPL,0.109551361732739,11.0,710.0,0.4578,0.0058,325.038,28.0,24.57,0.105334,0.106185,0.112584,0.136156,0.108138,0.108728,0.109296,0.105354,0.108225,4.4498642164133315
2022-11,AAPL,-0.0346286526837943,15.0,728.0,0.2854,0.0,207.7712,24.0,25.79,0.105334,0.106185,0.112584,0.136156,0.108138,0.108728,0.109296,0.105354,0.108225,4.382182790325139
2022-12,AAPL,-0.1208166392662937,7.0,619.0,0.3104,0.0071,192.1376,21.0,25.86,0.105454,0.10974,0.117676,0.117556,0.105173,0.10513,0.11937,0.112407,0.107494,4.3249182175970295
2023-01,AAPL,0.1105208662454826,37.0,656.0,0.3983,0.0085,261.2848,23.0,27.43,0.105454,0.10974,0.117676,0.117556,0.105173,0.10513,0.11937,0.112407,0.107494,4.353544688205121
2023-02,AAPL,0.0216234580368568,12.0,537.0,0.4466,0.0,239.8242,26.0,31.0,0.105454,0.10974,0.117676,0.117556,0.105173,0.10513,0.11937,0.112407,0.107494,4.322799681334762
2023-03,AAPL,0.1203562905885895,8.0,564.0,0.4842,0.0074,273.0888,21.0,30.57,0.105454,0.10974,0.117676,0.117556,0.105173,0.10513,0.11937,0.112407,0.107494,4.313077256654249
2023-04,AAPL,0.0289873279040369,20.0,527.0,0.5173,0.0069,272.6171,21.0,30.14,0.105454,0.10974,0.117676,0.117556,0.105173,0.10513,0.11937,0.112407,0.107494,4.308044614903215
2023-05,AAPL,0.044613409289288,15.0,527.0,0.5653,0.0,297.9131,25.0,31.29,0.105454,0.10974,0.117676,0.117556,0.105173,0.10513,0.11937,0.112407,0.107494,4.315241656562999
2023-06,AAPL,0.0958439774290391,19.0,733.0,0.5435,0.0258,398.3855,30.0,32.64,0.104308,0.106826,0.119086,0.116483,0.106813,0.103811,0.121429,0.113438,0.107806,4.358893779858175
2023-07,AAPL,0.0127852213788295,11.0,487.0,0.618,0.0116,300.966,24.0,30.57,0.104308,0.106826,0.119086,0.116483,0.106813,0.103811,0.121429,0.113438,0.107806,4.329363525347733
2023-08,AAPL,-0.0436749353170743,9.0,572.0,0.6053,0.0125,346.23159999999996,29.0,29.57,0.104308,0.106826,0.119086,0.116483,0.106813,0.103811,0.121429,0.113438,0.107806,4.318918863339833
2023-09,AAPL,-0.0874479874821581,14.0,978.0,0.4459,0.0052,436.09020000000004,27.0,30.57,0.105114505,0.1059385,0.1157895,0.1264405,0.107176,0.106445506,0.115593,0.1095125,0.10799,4.342536779571853
2023-10,AAPL,-0.0025697113048074,18.0,719.0,0.5043,0.0141,362.5917,20.0,31.0,0.105114505,0.1059385,0.1157895,0.1264405,0.107176,0.106445506,0.115593,0.1095125,0.10799,4.349002679979842
2023-11,AAPL,0.1123145996655736,15.0,727.0,0.5535,0.0126,402.3945,25.0,31.86,0.105114505,0.1059385,0.1157895,0.1264405,0.107176,0.106445506,0.115593,0.1095125,0.10799,4.353748785388008
2023-12,AAPL,0.0149178795080204,11.0,715.0,0.4742,0.0086,339.053,20.0,30.79,0.102876,0.105714,0.118428,0.116138,0.109028,0.104962,0.124256,0.11265,0.105947,4.291084646206265
2024-01,AAPL,-0.042227177347348,30.0,784.0,0.5537,0.016,434.1008,25.0,32.79,0.102876,0.105714,0.118428,0.116138,0.109028,0.104962,0.124256,0.11265,0.105947,4.291069323243182
2024-02,AAPL,-0.0197937566989824,13.0,590.0,0.6688,0.0229,394.592,26.0,36.07,0.102876,0.105714,0.118428,0.116138,0.109028,0.104962,0.124256,0.11265,0.105947,4.30776325087714
2024-03,AAPL,-0.0500758598380319,4.0,500.0,0.5892,0.0191,294.59999999999997,29.0,35.86,0.102987,0.105771,0.118286,0.116262,0.109118,0.105139,0.12432,0.112569,0.105548,4.276910447205828
2024-04,AAPL,-0.0067061471577605,9.0,436.0,0.5666,0.0253,247.0376,24.0,35.29,0.102987,0.105771,0.118286,0.116262,0.109118,0.105139,0.12432,0.112569,0.105548,4.277071823495359
2024-05,AAPL,0.1286911779449167,21.0,547.0,0.6667,0.0282,364.68489999999997,29.0,36.21,0.102987,0.105771,0.118286,0.116262,0.109118,0.105139,0.12432,0.112569,0.105548,4.305609042445749
2024-06,AAPL,0.0970386573923578,11.0,552.0,0.6902,0.0684,380.9904,35.0,34.0,0.102497,0.105372,0.1197,0.115778,0.109006,0.104134,0.124659,0.112879,0.105976,4.415351699572442
2024-07,AAPL,0.0544106718111168,6.0,531.0,0.7246,0.0545,384.7626,29.0,32.57,0.102497,0.105372,0.1197,0.115778,0.109006,0.104134,0.124659,0.112879,0.105976,4.499646116482812
2024-08,AAPL,0.0311599896349363,18.0,470.0,0.6571,0.0361,308.837,33.0,33.07,0.102497,0.105372,0.1197,0.115778,0.109006,0.104134,0.124659,0.112879,0.105976,4.539351623587737
2024-09,AAPL,0.0186449818453784,7.0,415.0,0.6671,0.0452,276.8465,24.0,35.36,0.106122,0.106454,0.112909,0.135794,0.106387,0.107584,0.109532,0.105819,0.109397,4.544388190705181
2024-10,AAPL,-0.0304291187173204,20.0,353.0,0.7232,0.0294,255.28959999999998,25.0,36.21,0.106122,0.106454,0.112909,0.135794,0.106387,0.107584,0.109532,0.105819,0.109397,4.5336021416926275
2024-11,AAPL,0.0505510007431058,13.0,67.0,0.2614,0.0277,17.5138,22.0,38.36,0.106122,0.106454,0.112909,0.135794,0.106387,0.107584,0.109532,0.105819,0.109397,4.435658482042072
2024-12,AAPL,0.0563161605010411,9.0,53.0,0.1984,0.0117,10.5152,23.0,37.14,0.102497,0.105372,0.1197,0.115778,0.109006,0.104134,0.124659,0.112879,0.105976,4.290346551550531
2025-01,AAPL,-0.0575831637981826,24.0,343.0,0.6431,0.0432,220.5833,29.0,38.79,0.102497,0.105372,0.1197,0.115778,0.109006,0.104134,0.124659,0.112879,0.105976,4.340495181722318
2025-02,AAPL,0.0247456649098911,18.0,474.0,0.5764,0.0451,273.2136,26.0,41.43,0.102497,0.105372,0.1197,0.115778,0.109006,0.104134,0.124659,0.112879,0.105976,4.390868241139137
2025-03,AAPL,-0.0804902935224683,14.0,448.0,0.6295,0.0514,282.01599999999996,24.0,39.86,0.102748,0.105482,0.118987,0.115762,0.109153,0.103804,0.125715,0.112427,0.105922,4.423257043511404
2025-04,AAPL,-0.0433529542199339,20.0,797.0,0.4704,0.0172,374.9088,42.0,40.07,0.102748,0.105482,0.118987,0.115762,0.109153,0.103804,0.125715,0.112427,0.105922,4.462925676092574
2025-05,AAPL,-0.0548234946098746,6.0,995.0,0.4304,0.0184,428.248,28.0,40.21,0.102748,0.105482,0.118987,0.115762,0.109153,0.103804,0.125715,0.112427,0.105922,4.452596810031624
2025-06,AAPL,0.022848125231313,11.0,988.0,0.6377,0.0399,630.0476,22.0,45.64,0.102819,0.105642,0.11893,0.116088,0.109523,0.103797,0.125008,0.112595,0.105598,4.521890757676827
2025-07,AAPL,0.0116975508420924,8.0,1000.0,0.7383,0.0387,738.3,26.0,48.5,0.102819,0.105642,0.11893,0.116088,0.109523,0.103797,0.125008,0.112595,0.105598,4.607328721619261
2025-08,AAPL,0.1183697351491963,4.0,1000.0,0.7091,0.0277,709.0999999999999,47.0,87.57,0.102819,0.105642,0.11893,0.116088,0.109523,0.103797,0.125008,0.112595,0.105598,4.667395764109067
2025-09,AAPL,0.0981260983501404,12.0,1000.0,0.7169,0.0219,716.9,43.0,86.07,0.105697,0.105751,0.112591,0.135833,0.107515,0.107011,0.1093,0.106101,0.110199,4.718227949819452
2025-10,AAPL,0.061815207668346,17.0,1000.0,0.7672,0.0256,767.2,35.0,86.86,0.105697,0.105751,0.112591,0.135833,0.107515,0.107011,0.1093,0.106101,0.110199,4.734059135139545
2025-11,AAPL,0.0313643423260039,15.0,1000.0,0.7417,0.0232,741.7,29.0,91.29,0.105697,0.105751,0.112591,0.135833,0.107515,0.107011,0.1093,0.106101,0.110199,4.7483895071100966
2025-12,AAPL,-0.0241221636776677,14.0,1000.0,0.8325,0.0367,832.5,24.0,86.86,0.102556,0.105411,0.119034,0.11585,0.109931,0.103959,0.125568,0.112177,0.105515,4.787757754133997
2014-01,ADBE,-0.0115230866582877,20.0,0.0,0.0,0.0,0.0,26.0,18.14,0.112825,0.109009,0.122993,0.115472,0.114995,0.101747,0.107799,0.106563,0.108597,0.059894721866552855
2014-02,ADBE,0.1594863802285893,1.0,0.0,0.0,0.0,0.0,28.0,18.14,0.112825,0.109009,0.122993,0.115472,0.114995,0.101747,0.107799,0.106563,0.108597,0.11278794568991003
2014-03,ADBE,-0.0421098572826258,10.0,0.0,0.0,0.0,0.0,23.0,17.14,0.110595,0.106008,0.127233,0.11251,0.111157,0.095926,0.114705,0.112852,0.109014,0.1698985049318978
2014-04,ADBE,-0.0616063183551238,8.0,0.0,0.0,0.0,0.0,23.0,17.21,0.110595,0.106008,0.127233,0.11251,0.111157,0.095926,0.114705,0.112852,0.109014,0.2174057042095372
2014-05,ADBE,0.0461987737439248,15.0,0.0,0.0,0.0,0.0,21.0,16.86,0.110595,0.106008,0.127233,0.11251,0.111157,0.095926,0.114705,0.112852,0.109014,0.26223024672012885
2014-06,ADBE,0.1211651624402572,23.0,0.0,0.0,0.0,0.0,23.0,18.0,0.110619,0.106243,0.125916,0.113049,0.111309,0.096879,0.114822,0.11269,0.108472,0.3196890867091666
2014-07,ADBE,-0.0429795547832908,21.0,0.0,0.0,0.0,0.0,19.0,19.29,0.110619,0.106243,0.125916,0.113049,0.111309,0.096879,0.114822,0.11269,0.108472,0.37070112363644786
2014-08,ADBE,0.0382671700487928,5.0,0.0,0.0,0.0,0.0,18.0,17.86,0.110619,0.106243,0.125916,0.113049,0.111309,0.096879,0.114822,0.11269,0.108472,0.3947258057698456
2014-09,ADBE,-0.037691224297085,9.0,0.0,0.0,0.0,0.0,20.0,17.64,0.110619,0.106243,0.125916,0.113049,0.111309,0.096879,0.114822,0.11269,0.108472,0.4314604375076296
2014-10,ADBE,0.0134412526717766,19.0,0.0,0.0,0.0,0.0,20.0,18.14,0.110619,0.106243,0.125916,0.113049,0.111309,0.096879,0.114822,0.11269,0.108472,0.47605852646595925
2014-11,ADBE,0.0507700715794292,7.0,0.0,0.0,0.0,0.0,15.0,18.36,0.110619,0.106243,0.125916,0.113049,0.111309,0.096879,0.114822,0.11269,0.108472,0.49304311816802077
2014-12,ADBE,-0.0133008055493283,12.0,0.0,0.0,0.0,0.0,21.0,17.79,0.111219,0.109925,0.123389,0.114856,0.116385,0.103097,0.10774,0.10611,0.107279,0.5335034503326623
2015-01,ADBE,-0.0353507538198921,20.0,0.0,0.0,0.0,0.0,20.0,17.21,0.111219,0.109925,0.123389,0.114856,0.116385,0.103097,0.10774,0.10611,0.107279,0.5584148864207831
2015-02,ADBE,0.1279053411094486,8.0,0.0,0.0,0.0,0.0,16.0,17.07,0.111219,0.109925,0.123389,0.114856,0.116385,0.103097,0.10774,0.10611,0.107279,0.5838749962610532
2015-03,ADBE,-0.0652338322661665,4.0,0.0,0.0,0.0,0.0,20.0,17.0,0.108927,0.108548,0.127628,0.110448,0.111061,0.097795,0.115457,0.11239,0.107745,0.6056093395086846
2015-04,ADBE,0.0286718291477943,18.0,0.0,0.0,0.0,0.0,17.0,17.0,0.108927,0.108548,0.127628,0.110448,0.111061,0.097795,0.115457,0.11239,0.107745,0.6358012936993513
2015-05,ADBE,0.0398369560420073,11.0,0.0,0.0,0.0,0.0,14.0,17.07,0.108927,0.108548,0.127628,0.110448,0.111061,0.097795,0.115457,0.11239,0.107745,0.6452145483082931
2015-06,ADBE,0.0242762155423188,21.0,0.0,0.0,0.0,0.0,18.0,16.36,0.108927,0.108548,0.127628,0.110448,0.111061,0.097795,0.115457,0.11239,0.107745,0.6781681049833862
2015-07,ADBE,0.0120972188828121,20.0,0.0,0.0,0.0,0.0,20.0,16.71,0.108927,0.108548,0.127628,0.110448,0.111061,0.097795,0.115457,0.11239,0.107745,0.7201349462847735
2015-08,ADBE,-0.0417123827058492,10.0,0.0,0.0,0.0,0.0,17.0,15.43,0.108927,0.108548,0.127628,0.110448,0.111061,0.097795,0.115457,0.11239,0.107745,0.7320978298435613
2015-09,ADBE,0.0464554096990705,8.0,0.0,0.0,0.0,0.0,18.0,15.64,0.109098,0.108806,0.127554,0.110561,0.110888,0.098138,0.115265,0.111949,0.107741,0.749600990851417
2015-10,ADBE,0.0783264697858536,25.0,1.0,0.998,0.0,0.998,18.0,16.36,0.109098,0.108806,0.127554,0.110561,0.110888,0.098138,0.115265,0.111949,0.107741,0.8012923638000966
2015-11,ADBE,0.0315812689680714,10.0,0.0,0.0,0.0,0.0,14.0,16.36,0.109098,0.108806,0.127554,0.110561,0.110888,0.098138,0.115265,0.111949,0.107741,0.8085559313755579
2015-12,ADBE,0.027115715960625,18.0,0.0,0.0,0.0,0.0,20.0,16.36,0.111746,0.109659,0.122978,0.114825,0.115403,0.103217,0.108054,0.106624,0.107494,0.8492141350307724
2016-01,ADBE,-0.051202949361093,46.0,0.0,0.0,0.0,0.0,19.0,15.93,0.111746,0.109659,0.122978,0.114825,0.115403,0.103217,0.108054,0.106624,0.107494,0.8752457831726304
2016-02,ADBE,-0.0446538298012394,13.0,0.0,0.0,0.0,0.0,19.0,16.14,0.111746,0.109659,0.122978,0.114825,0.115403,0.103217,0.108054,0.106624,0.107494,0.9169950278926329
2016-03,ADBE,0.1015854535627927,17.0,0.0,0.0,0.0,0.0,19.0,16.21,0.109738,0.107252,0.125325,0.109139,0.112682,0.09792,0.115198,0.114377,0.108368,0.946083240052171
2016-04,ADBE,0.0044775922737823,2.0,0.0,0.0,0.0,0.0,15.0,16.21,0.109738,0.107252,0.125325,0.109139,0.112682,0.09792,0.115198,0.114377,0.108368,0.9330678140521551
2016-05,ADBE,0.0557206530670943,18.0,0.0,0.0,0.0,0.0,15.0,17.0,0.109738,0.107252,0.125325,0.109139,0.112682,0.09792,0.115198,0.114377,0.108368,0.9418297651705031
2016-06,ADBE,-0.0369960818338649,37.0,0.0,0.0,0.0,0.0,18.0,16.14,0.109738,0.107252,0.125325,0.109139,0.112682,0.09792,0.115198,0.114377,0.108368,1.0835002299610554
2016-07,ADBE,0.0216097679824605,21.0,0.0,0.0,0.0,0.0,15.0,15.21,0.109738,0.107252,0.125325,0.109139,0.112682,0.09792,0.115198,0.114377,0.108368,1.1568185333024854
2016-08,ADBE,0.0454730934037157,14.0,0.0,0.0,0.0,0.0,13.0,14.79,0.109738,0.107252,0.125325,0.109139,0.112682,0.09792,0.115198,0.114377,0.108368,1.1616153239923541
2016-09,ADBE,0.0608933975720762,14.0,0.0,0.0,0.0,0.0,19.0,16.07,0.109738,0.107252,0.125325,0.109139,0.112682,0.09792,0.115198,0.114377,0.108368,1.1864763490339125
2016-10,ADBE,-0.0094895777649613,13.0,0.0,0.0,0.0,0.0,14.0,17.0,0.109738,0.107252,0.125325,0.109139,0.112682,0.09792,0.115198,0.114377,0.108368,1.173262474878874
2016-11,ADBE,-0.0437169052576256,14.0,0.0,0.0,0.0,0.0,14.0,17.93,0.109738,0.107252,0.125325,0.109139,0.112682,0.09792,0.115198,0.114377,0.108368,1.165007588507376
2016-12,ADBE,0.0013617293354049,15.0,0.0,0.0,0.0,0.0,16.0,17.21,0.112154,0.109527,0.123271,0.114777,0.115475,0.103388,0.107985,0.106243,0.107179,1.1614977252064576
2017-01,ADBE,0.1013113221403925,33.0,0.0,0.0,0.0,0.0,16.0,17.64,0.112154,0.109527,0.123271,0.114777,0.115475,0.103388,0.107985,0.106243,0.107179,1.1651227238317758
2017-02,ADBE,0.0437466855232537,18.0,0.0,0.0,0.0,0.0,14.0,18.14,0.112154,0.109527,0.123271,0.114777,0.115475,0.103388,0.107985,0.106243,0.107179,1.189523035622018
2017-03,ADBE,0.0996282652507307,21.0,0.0,0.0,0.0,0.0,21.0,19.21,0.109141,0.107177,0.126107,0.109169,0.113036,0.097923,0.115347,0.114043,0.108057,1.2565226984055893
2017-04,ADBE,0.0277414929293402,17.0,0.0,0.0,0.0,0.0,17.0,19.07,0.109141,0.107177,0.126107,0.109169,0.113036,0.097923,0.115347,0.114043,0.108057,1.2499875935646179
2017-05,ADBE,0.0607147807961061,15.0,0.0,0.0,0.0,0.0,18.0,19.36,0.109141,0.107177,0.126107,0.109169,0.113036,0.097923,0.115347,0.114043,0.108057,1.236822451245417
2017-06,ADBE,-0.0029606525245895,7.0,0.0,0.0,0.0,0.0,24.0,20.14,0.109141,0.107177,0.126107,0.109169,0.113036,0.097923,0.115347,0.114043,0.108057,1.228497174088264
2017-07,ADBE,0.0357042064804109,63.0,0.0,0.0,0.0,0.0,19.0,20.0,0.109141,0.107177,0.126107,0.109169,0.113036,0.097923,0.115347,0.114043,0.108057,1.3703450478896908
2017-08,ADBE,0.0591849125799226,10.0,0.0,0.0,0.0,0.0,16.0,19.0,0.109141,0.107177,0.126107,0.109169,0.113036,0.097923,0.115347,0.114043,0.108057,1.344984227943244
2017-09,ADBE,-0.0385409309434584,4.0,0.0,0.0,0.0,0.0,22.0,19.79,0.109141,0.107177,0.126107,0.109169,0.113036,0.097923,0.115347,0.114043,0.108057,1.3268822169942118
2017-10,ADBE,0.1741521132984065,46.0,1.0,0.997,0.0,0.997,28.0,20.64,0.109141,0.107177,0.126107,0.109169,0.113036,0.097923,0.115347,0.114043,0.108057,1.4378881905157619
2017-11,ADBE,0.0360241917485111,22.0,1.0,0.997,0.0,0.997,22.0,22.0,0.109141,0.107177,0.126107,0.109169,0.113036,0.097923,0.115347,0.114043,0.108057,1.4989024715670616
2017-12,ADBE,-0.034330719599005,17.0,0.0,0.0,0.0,0.0,27.0,20.64,0.112391,0.109624,0.122032,0.113966,0.116336,0.103601,0.108228,0.106138,0.107684,1.5050187905950412
2018-01,ADBE,0.1399223250687946,83.0,0.0,0.0,0.0,0.0,27.0,21.21,0.112391,0.109624,0.122032,0.113966,0.116336,0.103601,0.108228,0.106138,0.107684,1.5348864675367504
2018-02,ADBE,0.0469063407771364,16.0,1.0,0.997,0.0,0.997,25.0,21.64,0.112391,0.109624,0.122032,0.113966,0.116336,0.103601,0.108228,0.106138,0.107684,1.556142548340656
2018-03,ADBE,0.0332329019555881,12.0,0.0,0.0,0.0,0.0,34.0,21.07,0.109456,0.106249,0.124579,0.109123,0.113324,0.098533,0.115116,0.114889,0.10873,1.580130190708999
2018-04,ADBE,0.0255461135953563,37.0,1.0,0.997,0.0,0.997,26.0,21.0,0.109456,0.106249,0.124579,0.109123,0.113324,0.098533,0.115116,0.114889,0.10873,1.6159965892435302
2018-05,ADBE,0.1249097108005092,18.0,0.0,0.0,0.0,0.0,26.0,20.5,0.109456,0.106249,0.124579,0.109123,0.113324,0.098533,0.115116,0.114889,0.10873,1.6102491262788778
2018-06,ADBE,-0.0219432014100179,43.0,1.0,0.995,0.0,0.995,37.0,19.71,0.109456,0.106249,0.124579,0.109123,0.113324,0.098533,0.115116,0.114889,0.10873,1.7307243148121205
2018-07,ADBE,0.0035683324141719,39.0,0.0,0.0,0.0,0.0,30.0,19.5,0.109456,0.106249,0.124579,0.109123,0.113324,0.098533,0.115116,0.114889,0.10873,1.9790678792163003
2018-08,ADBE,0.0769577311324956,25.0,0.0,0.0,0.0,0.0,27.0,19.29,0.109456,0.106249,0.124579,0.109123,0.113324,0.098533,0.115116,0.114889,0.10873,2.0934133485357695
2018-09,ADBE,0.0244393085755421,14.0,0.0,0.0,0.0,0.0,36.0,20.29,0.109456,0.106249,0.124579,0.109123,0.113324,0.098533,0.115116,0.114889,0.10873,2.2416051361564904
2018-10,ADBE,-0.0896092484027872,22.0,1.0,0.995,0.0,0.995,39.0,21.07,0.109456,0.106249,0.124579,0.109123,0.113324,0.098533,0.115116,0.114889,0.10873,2.2487055202553123
2018-11,ADBE,0.020874043772286,21.0,0.0,0.0,0.0,0.0,31.0,21.29,0.109456,0.106249,0.124579,0.109123,0.113324,0.098533,0.115116,0.114889,0.10873,2.2524531832616863
2018-12,ADBE,-0.0982502050956656,32.0,0.0,0.0,0.0,0.0,36.0,20.07,0.11127,0.111523,0.122258,0.112576,0.116662,0.104536,0.107746,0.106833,0.106596,2.268748749581533
2019-01,ADBE,0.0953854371777176,90.0,0.0,0.0,0.0,0.0,32.0,20.43,0.11127,0.111523,0.122258,0.112576,0.116662,0.104536,0.107746,0.106833,0.106596,2.278452386432561
2019-02,ADBE,0.0592365113466228,8.0,1.0,0.997,0.0,0.997,25.0,21.64,0.11127,0.111523,0.122258,0.112576,0.116662,0.104536,0.107746,0.106833,0.106596,2.2483725264646326
2019-03,ADBE,0.0151999627976191,10.0,1.0,0.996,0.0,0.996,29.0,21.64,0.108462,0.105406,0.125643,0.108901,0.113926,0.09884,0.115785,0.115213,0.107823,2.226836276773099
2019-04,ADBE,0.0854066216356113,42.0,1.0,0.994,0.0,0.994,26.0,21.14,0.108462,0.105406,0.125643,0.108901,0.113926,0.09884,0.115785,0.115213,0.107823,2.2418507741749103
2019-05,ADBE,-0.0634399519568388,19.0,0.0,0.0,0.0,0.0,21.0,20.86,0.108462,0.105406,0.125643,0.108901,0.113926,0.09884,0.115785,0.115213,0.107823,2.207693853140988
2019-06,ADBE,0.0876707291808773,40.0,0.0,0.0,0.0,0.0,33.0,20.64,0.108462,0.105406,0.125643,0.108901,0.113926,0.09884,0.115785,0.115213,0.107823,2.302450027293368
2019-07,ADBE,0.014288109765097,38.0,0.0,0.0,0.0,0.0,25.0,20.71,0.108462,0.105406,0.125643,0.108901,0.113926,0.09884,0.115785,0.115213,0.107823,2.306368473007337
2019-08,ADBE,-0.0480157140108836,9.0,0.0,0.0,0.0,0.0,21.0,20.36,0.108462,0.105406,0.125643,0.108901,0.113926,0.09884,0.115785,0.115213,0.107823,2.2513905505153944
2019-09,ADBE,-0.0290324047734892,32.0,0.0,0.0,0.0,0.0,27.0,21.43,0.108462,0.105406,0.125643,0.108901,0.113926,0.09884,0.115785,0.115213,0.107823,2.248731681446816
2019-10,ADBE,0.0060814214507918,54.0,0.0,0.0,0.0,0.0,24.0,21.79,0.108462,0.105406,0.125643,0.108901,0.113926,0.09884,0.115785,0.115213,0.107823,2.29126272593034
2019-11,ADBE,0.113697718620741,29.0,0.0,0.0,0.0,0.0,25.0,22.43,0.108462,0.105406,0.125643,0.108901,0.113926,0.09884,0.115785,0.115213,0.107823,2.2788757758546865
2019-12,ADBE,0.0655186859408643,38.0,0.0,0.0,0.0,0.0,29.0,20.93,0.110551,0.109411,0.12259,0.113903,0.116951,0.104555,0.108308,0.106784,0.106947,2.297587887720143
2020-01,ADBE,0.0646736522474709,121.0,0.0,0.0,0.0,0.0,30.0,25.93,0.110551,0.109411,0.12259,0.113903,0.116951,0.104555,0.108308,0.106784,0.106947,2.3135836832971295
2020-02,ADBE,-0.0171442139320898,6.0,0.0,0.0,0.0,0.0,36.0,25.07,0.110551,0.109411,0.12259,0.113903,0.116951,0.104555,0.108308,0.106784,0.106947,2.2811530978738435
2020-03,ADBE,-0.0778859679622018,34.0,0.0,0.0,0.0,0.0,44.0,20.14,0.108462,0.105406,0.125643,0.108901,0.113926,0.09884,0.115785,0.115213,0.107823,2.3313826819426073
2020-04,ADBE,0.11123688254261,60.0,1.0,0.987,0.0,0.987,30.0,20.79,0.108462,0.105406,0.125643,0.108901,0.113926,0.09884,0.115785,0.115213,0.107823,2.376422543399134
2020-05,ADBE,0.0932020984329062,24.0,0.0,0.0,0.0,0.0,26.0,22.21,0.108462,0.105406,0.125643,0.108901,0.113926,0.09884,0.115785,0.115213,0.107823,2.3419645726598857
2020-06,ADBE,0.1259958372634779,71.0,0.0,0.0,0.0,0.0,41.0,21.93,0.108841,0.107669,0.1226,0.109887,0.113195,0.102046,0.114843,0.113967,0.106952,2.4060522740175663
2020-07,ADBE,0.0206979160050471,33.0,0.0,0.0,0.0,0.0,32.0,21.71,0.108841,0.107669,0.1226,0.109887,0.113195,0.102046,0.114843,0.113967,0.106952,2.381330085350726
2020-08,ADBE,0.1554510402089965,33.0,0.0,0.0,0.0,0.0,33.0,20.71,0.108841,0.107669,0.1226,0.109887,0.113195,0.102046,0.114843,0.113967,0.106952,2.4098315430464643
2020-09,ADBE,-0.0447223773691409,21.0,0.0,0.0,0.0,0.0,45.0,22.07,0.108841,0.107669,0.1226,0.109887,0.113195,0.102046,0.114843,0.113967,0.106952,2.413068980371795
2020-10,ADBE,-0.0883510128241905,47.0,2.0,0.876,0.0,1.752,28.0,20.5,0.108841,0.107669,0.1226,0.109887,0.113195,0.102046,0.114843,0.113967,0.106952,2.4192776108738148
2020-11,ADBE,0.0701632625563519,34.0,0.0,0.0,0.0,0.0,24.0,19.36,0.108841,0.107669,0.1226,0.109887,0.113195,0.102046,0.114843,0.113967,0.106952,2.3952374429175727
2020-12,ADBE,0.0452483830569305,28.0,1.0,0.813,0.0,0.813,33.0,19.07,0.111191,0.109192,0.121474,0.112998,0.116527,0.104454,0.108815,0.106157,0.109191,2.393643474950761
2021-01,ADBE,-0.082680169773709,78.0,3.0,0.9843,0.0,2.9528999999999996,31.0,18.93,0.111191,0.109192,0.121474,0.112998,0.116527,0.104454,0.108815,0.106157,0.109191,2.3934640943157577
2021-02,ADBE,0.0019618205977194,7.0,12.0,0.9249,0.0068,11.0988,27.0,20.0,0.111191,0.109192,0.121474,0.112998,0.116527,0.104454,0.108815,0.106157,0.109191,2.3777442009623515
2021-03,ADBE,0.034154896405748,22.0,92.0,0.7882,0.0,72.5144,29.0,19.79,0.108639,0.107074,0.121804,0.110595,0.112938,0.102342,0.114055,0.114544,0.108009,2.3791340942455363
2021-04,ADBE,0.0693565045319601,17.0,84.0,0.8411,0.0092,70.6524,25.0,19.36,0.108639,0.107074,0.121804,0.110595,0.112938,0.102342,0.114055,0.114544,0.108009,2.3832102643012503
2021-05,ADBE,-0.0073966435706659,59.0,50.0,0.863,0.0,43.15,19.0,19.64,0.108639,0.107074,0.121804,0.110595,0.112938,0.102342,0.114055,0.114544,0.108009,2.376976393909282
2021-06,ADBE,0.1606485200232223,65.0,113.0,0.6425,0.0,72.60249999999999,32.0,20.21,0.108394,0.107054,0.122377,0.110674,0.112378,0.102539,0.11396,0.113942,0.108682,2.419518879265466
2021-07,ADBE,0.0614541174342055,49.0,33.0,0.7585,0.0045,25.0305,26.0,19.43,0.108394,0.107054,0.122377,0.110674,0.112378,0.102539,0.11396,0.113942,0.108682,2.4768418847871794
2021-08,ADBE,0.0676769251705435,23.0,36.0,0.8221,0.0,29.5956,23.0,18.29,0.108394,0.107054,0.122377,0.110674,0.112378,0.102539,0.11396,0.113942,0.108682,2.4400035378383085
2021-09,ADBE,-0.1325599516132933,23.0,103.0,0.6667,0.0,68.67009999999999,27.0,19.5,0.108533,0.107017,0.122324,0.110862,0.112899,0.103006,0.114078,0.113143,0.108138,2.446955290435208
2021-10,ADBE,0.1296463879084823,85.0,75.0,0.7632,0.0,57.24,25.0,19.64,0.108533,0.107017,0.122324,0.110862,0.112899,0.103006,0.114078,0.113143,0.108138,2.5164531117679116
2021-11,ADBE,0.0299680033725313,18.0,65.0,0.7543,0.0,49.0295,26.0,20.79,0.108533,0.107017,0.122324,0.110862,0.112899,0.103006,0.114078,0.113143,0.108138,2.477105526514287
2021-12,ADBE,-0.1534522382230891,38.0,144.0,0.6293,0.0,90.61919999999999,36.0,19.29,0.110953,0.109452,0.120829,0.113888,0.115997,0.105204,0.107993,0.106184,0.1095,2.5316052444991497
2022-01,ADBE,-0.0577716818443712,138.0,105.0,0.729,0.0,76.545,41.0,24.86,0.110953,0.109452,0.120829,0.113888,0.115997,0.105204,0.107993,0.106184,0.1095,2.615150507940885
2022-02,ADBE,-0.1246864994183782,6.0,59.0,0.9223,0.0,54.4157,34.0,26.0,0.110953,0.109452,0.120829,0.113888,0.115997,0.105204,0.107993,0.106184,0.1095,2.5774050147577205
2022-03,ADBE,-0.0257868579957712,9.0,97.0,0.6513,0.0,63.1761,43.0,27.36,0.109117,0.10664,0.123408,0.111882,0.113499,0.102364,0.113412,0.11243,0.107248,2.585515391622393
2022-04,ADBE,-0.1309643640525672,23.0,32.0,0.6204,0.0,19.8528,26.0,26.71,0.109117,0.10664,0.123408,0.111882,0.113499,0.102364,0.113412,0.11243,0.107248,2.548239835781643
2022-05,ADBE,0.0518499763767208,24.0,41.0,0.7586,0.0,31.102600000000002,29.0,25.5,0.109117,0.10664,0.123408,0.111882,0.113499,0.102364,0.113412,0.11243,0.107248,2.5214080568965844
2022-06,ADBE,-0.1210622649291793,78.0,118.0,0.5266,0.0,62.138799999999996,32.0,25.64,0.108566,0.106993,0.122456,0.112599,0.112715,0.101617,0.114027,0.112992,0.108034,2.614591847231632
2022-07,ADBE,0.12036277619092,37.0,43.0,0.6183,0.0,26.5869,25.0,23.43,0.108566,0.106993,0.122456,0.112599,0.112715,0.101617,0.114027,0.112992,0.108034,2.6301131369170134
2022-08,ADBE,-0.0894372210876973,14.0,39.0,0.8075,0.0,31.4925,24.0,22.79,0.108566,0.106993,0.122456,0.112599,0.112715,0.101617,0.114027,0.112992,0.108034,2.576904834738338
2022-09,ADBE,-0.2630676670740144,13.0,165.0,0.4913,0.0,81.0645,42.0,24.5,0.108551,0.106975,0.122413,0.112564,0.112709,0.101765,0.113924,0.112971,0.108128,2.604344391806718
2022-10,ADBE,0.1573400649430001,30.0,94.0,0.6872,0.0,64.5968,28.0,24.57,0.108551,0.106975,0.122413,0.112564,0.112709,0.101765,0.113924,0.112971,0.108128,2.604680408998103
2022-11,ADBE,0.0829827085581829,30.0,87.0,0.69,0.0,60.029999999999994,26.0,25.79,0.108551,0.106975,0.122413,0.112564,0.112709,0.101765,0.113924,0.112971,0.108128,2.60512309430029
2022-12,ADBE,-0.0243527500502979,25.0,94.0,0.513,0.0,48.222,25.0,25.86,0.110988,0.109489,0.120964,0.113754,0.11601,0.104857,0.108123,0.106186,0.10963,2.58843973114093
2023-01,ADBE,0.1004665191252891,69.0,41.0,0.6915,0.0,28.3515,24.0,27.43,0.110988,0.109489,0.120964,0.113754,0.11601,0.104857,0.108123,0.106186,0.10963,2.5403351333401383
2023-02,ADBE,-0.1252632299767431,6.0,59.0,0.6372,0.0,37.5948,26.0,31.0,0.110988,0.109489,0.120964,0.113754,0.11601,0.104857,0.108123,0.106186,0.10963,2.4804737610432017
2023-03,ADBE,0.1895971001566245,7.0,121.0,0.6816,0.0121,82.4736,29.0,30.57,0.108551,0.106975,0.122413,0.112564,0.112709,0.101765,0.113924,0.112971,0.108128,2.5039375109503843
2023-04,ADBE,-0.0202662315633026,22.0,65.0,0.8078,0.0204,52.507,23.0,30.14,0.108551,0.106975,0.122413,0.112564,0.112709,0.101765,0.113924,0.112971,0.108128,2.5480835192972804
2023-05,ADBE,0.106552630698343,12.0,56.0,0.7783,0.0252,43.5848,27.0,31.29,0.108551,0.106975,0.122413,0.112564,0.112709,0.101765,0.113924,0.112971,0.108128,2.5777688430462633
2023-06,ADBE,0.1704204988947157,77.0,207.0,0.6918,0.0319,143.2026,61.0,32.64,0.108265,0.104014,0.124048,0.109708,0.116326,0.099795,0.114856,0.114549,0.108439,2.8185667924573483
2023-07,ADBE,0.116934894001357,39.0,96.0,0.8397,0.024,80.6112,35.0,30.57,0.108265,0.104014,0.124048,0.109708,0.116326,0.099795,0.114856,0.114549,0.108439,2.9149702665502337
2023-08,ADBE,0.0241134525100383,18.0,95.0,0.7271,0.0153,69.0745,30.0,29.57,0.108265,0.104014,0.124048,0.109708,0.116326,0.099795,0.114856,0.114549,0.108439,2.9275414959032395
2023-09,ADBE,-0.0883899427633121,12.0,202.0,0.5945,0.0301,120.089,36.0,30.57,0.108265,0.104014,0.124048,0.109708,0.116326,0.099795,0.114856,0.114549,0.108439,2.9982122122707238
2023-10,ADBE,0.0434595095653367,63.0,143.0,0.7534,0.0257,107.7362,28.0,31.0,0.108265,0.104014,0.124048,0.109708,0.116326,0.099795,0.114856,0.114549,0.108439,3.1141828379678476
2023-11,ADBE,0.1483855440538672,13.0,158.0,0.715,0.0121,112.97,31.0,31.86,0.108265,0.104014,0.124048,0.109708,0.116326,0.099795,0.114856,0.114549,0.108439,3.10855537156342
2023-12,ADBE,-0.0235839576265125,49.0,171.0,0.6011,0.0223,102.7881,41.0,30.79,0.104145,0.113782,0.119526,0.112329,0.115881,0.105996,0.107179,0.110346,0.110816,3.1942161220502223
2024-01,ADBE,0.0355012647966268,50.0,75.0,0.8164,0.0271,61.230000000000004,33.0,32.79,0.104145,0.113782,0.119526,0.112329,0.115881,0.105996,0.107179,0.110346,0.110816,3.2119811493497554
2024-02,ADBE,-0.0930752003515612,9.0,61.0,0.8172,0.019,49.8492,37.0,36.07,0.104145,0.113782,0.119526,0.112329,0.115881,0.105996,0.107179,0.110346,0.110816,3.1854972364708307
2024-03,ADBE,-0.0993789181870986,33.0,87.0,0.7062,0.0352,61.439400000000006,55.0,35.86,0.109643,0.105854,0.11875,0.112424,0.11771,0.098177,0.1133,0.114315,0.109827,3.312196233615568
2024-04,ADBE,-0.0827784760721567,13.0,71.0,0.7626,0.0423,54.1446,33.0,35.29,0.109643,0.105854,0.11875,0.112424,0.11771,0.098177,0.1133,0.114315,0.109827,3.3612123722123806
2024-05,ADBE,-0.039042364001666,27.0,60.0,0.8875,0.0494,53.25,31.0,36.21,0.109643,0.105854,0.11875,0.112424,0.11771,0.098177,0.1133,0.114315,0.109827,3.4202302407747345
2024-06,ADBE,0.2490780776808068,75.0,150.0,0.6929,0.0402,103.93499999999999,56.0,34.0,0.109622,0.105722,0.118883,0.112398,0.117669,0.098251,0.11337,0.114379,0.109707,3.5730761172328136
2024-07,ADBE,-0.0070021128400048,30.0,72.0,0.8358,0.0612,60.1776,34.0,32.57,0.109622,0.105722,0.118883,0.112398,0.117669,0.098251,0.11337,0.114379,0.109707,3.680309161555363
2024-08,ADBE,0.0412579492852254,11.0,69.0,0.8906,0.0224,61.4514,28.0,33.07,0.109622,0.105722,0.118883,0.112398,0.117669,0.098251,0.11337,0.114379,0.109707,3.6147370106448538
2024-09,ADBE,-0.0985880233548925,16.0,111.0,0.8047,0.0353,89.32169999999999,38.0,35.36,0.109507,0.105726,0.118817,0.112382,0.117755,0.098159,0.113414,0.114489,0.109752,3.640356152133974
2024-10,ADBE,-0.0766735688483785,40.0,45.0,0.9057,0.0309,40.756499999999996,35.0,36.21,0.109507,0.105726,0.118817,0.112382,0.117755,0.098159,0.113414,0.114489,0.109752,3.6396289079977047
2024-11,ADBE,0.0791708650573146,26.0,11.0,0.7545,0.0,8.2995,32.0,38.36,0.109507,0.105726,0.118817,0.112382,0.117755,0.098159,0.113414,0.114489,0.109752,3.5621557051593395
2024-12,ADBE,-0.1381001318230682,28.0,16.0,0.5014,0.0138,8.0224,53.0,37.14,0.104437,0.113156,0.12105,0.111731,0.115299,0.105823,0.107337,0.10969,0.111478,3.5816458429369593
2025-01,ADBE,-0.0162588391378818,47.0,52.0,0.8364,0.0494,43.4928,40.0,38.79,0.104437,0.113156,0.12105,0.111731,0.115299,0.105823,0.107337,0.10969,0.111478,3.6289370465590927
2025-02,ADBE,0.0025373992926926,25.0,61.0,0.8418,0.0487,51.3498,35.0,41.43,0.104437,0.113156,0.12105,0.111731,0.115299,0.105823,0.107337,0.10969,0.111478,3.678116075895661
2025-03,ADBE,-0.1254788377545642,25.0,142.0,0.7326,0.0266,104.0292,38.0,39.86,0.109352,0.105211,0.119596,0.112426,0.117515,0.097587,0.113318,0.114444,0.110552,3.6649754302389606
2025-04,ADBE,-0.0222928788365492,52.0,60.0,0.9148,0.036,54.888,37.0,40.07,0.109352,0.105211,0.119596,0.112426,0.117515,0.097587,0.113318,0.114444,0.110552,3.7304320829930964
2025-05,ADBE,0.1069656626390811,19.0,65.0,0.9364,0.0256,60.866,33.0,40.21,0.109352,0.105211,0.119596,0.112426,0.117515,0.097587,0.113318,0.114444,0.110552,3.696690367328261
2025-06,ADBE,-0.0679611450624184,75.0,242.0,0.671,0.0299,162.382,44.0,45.64,0.109512,0.105574,0.118737,0.112553,0.118014,0.098328,0.113407,0.114248,0.109627,3.8412858040887112
2025-07,ADBE,-0.0754497572192908,42.0,236.0,0.795,0.0305,187.62,40.0,48.5,0.109512,0.105574,0.118737,0.112553,0.118014,0.098328,0.113407,0.114248,0.109627,3.903459137373972
2025-08,ADBE,-0.0027677324711841,10.0,227.0,0.8973,0.0354,203.6871,64.0,87.57,0.109512,0.105574,0.118737,0.112553,0.118014,0.098328,0.113407,0.114248,0.109627,3.9536113132269266
2025-09,ADBE,-0.0110737652701246,15.0,392.0,0.775,0.0201,303.8,100.0,86.07,0.109373,0.105575,0.118687,0.112526,0.118095,0.098237,0.113462,0.11436,0.109684,4.081509273575264
2025-10,ADBE,-0.0352657758792522,90.0,133.0,0.9232,0.0452,122.7856,72.0,86.86,0.109373,0.105575,0.118687,0.112526,0.118095,0.098237,0.113462,0.11436,0.109684,4.240232593296566
2025-11,ADBE,-0.0592988534587695,16.0,139.0,0.8672,0.0425,120.54079999999999,48.0,91.29,0.109373,0.105575,0.118687,0.112526,0.118095,0.098237,0.113462,0.11436,0.109684,4.232897469048813
2025-12,ADBE,0.0932745600103717,36.0,307.0,0.7445,0.0303,228.56150000000002,67.0,86.86,0.108181,0.109782,0.116322,0.114754,0.116777,0.108477,0.111197,0.105966,0.108542,4.26438987857442
2014-01,ADI,-0.0456819274694254,20.0,0.0,0.0,0.0,0.0,65.0,18.14,0.123067,0.104819,0.106961,0.120835,0.112908,0.092491,0.113523,0.110899,0.114497,0.13868260065443166
2014-02,ADI,0.0528279434747296,11.0,0.0,0.0,0.0,0.0,70.0,18.14,0.123067,0.104819,0.106961,0.120835,0.112908,0.092491,0.113523,0.110899,0.114497,0.28909630257096963
2014-03,ADI,0.0533233966038384,6.0,0.0,0.0,0.0,0.0,69.0,17.14,0.105134,0.107705,0.116615,0.110635,0.11031,0.105537,0.122917,0.115434,0.105712,0.4287845523826165
2014-04,ADI,-0.0348138632188195,6.0,0.0,0.0,0.0,0.0,72.0,17.21,0.105134,0.107705,0.116615,0.110635,0.11031,0.105537,0.122917,0.115434,0.105712,0.5576018870006509
2014-05,ADI,0.0212515938504564,12.0,0.0,0.0,0.0,0.0,69.0,16.86,0.105134,0.107705,0.116615,0.110635,0.11031,0.105537,0.122917,0.115434,0.105712,0.6791438623571334
2014-06,ADI,0.0395187844438773,24.0,0.0,0.0,0.0,0.0,67.0,18.0,0.105849,0.108923,0.11733,0.109773,0.108561,0.104215,0.122782,0.11641,0.106156,0.8089078761112437
2014-07,ADI,-0.0821159022055088,4.0,0.0,0.0,0.0,0.0,75.0,19.29,0.105849,0.108923,0.11733,0.109773,0.108561,0.104215,0.122782,0.11641,0.106156,0.9267935901563411
2014-08,ADI,0.030021937801608,7.0,0.0,0.0,0.0,0.0,72.0,17.86,0.105849,0.108923,0.11733,0.109773,0.108561,0.104215,0.122782,0.11641,0.106156,1.0401481110408162
2014-09,ADI,-0.0318858798328222,16.0,0.0,0.0,0.0,0.0,74.0,17.64,0.105663,0.107851,0.117835,0.109858,0.108295,0.103613,0.123296,0.11646,0.107129,1.173620935247664
2014-10,ADI,0.0100097681181505,23.0,0.0,0.0,0.0,0.0,73.0,18.14,0.105663,0.107851,0.117835,0.109858,0.108295,0.103613,0.123296,0.11646,0.107129,1.2931352689903508
2014-11,ADI,0.1011679556076345,9.0,0.0,0.0,0.0,0.0,72.0,18.36,0.105663,0.107851,0.117835,0.109858,0.108295,0.103613,0.123296,0.11646,0.107129,1.4029381156036766
2014-12,ADI,0.0161059922399395,10.0,0.0,0.0,0.0,0.0,75.0,17.79,0.122933,0.104704,0.107409,0.120804,0.112552,0.092719,0.113457,0.11083,0.114592,1.5225382989830867
2015-01,ADI,-0.0550865468361504,25.0,0.0,0.0,0.0,0.0,73.0,17.21,0.122933,0.104704,0.107409,0.120804,0.112552,0.092719,0.113457,0.11083,0.114592,1.614080111682262
2015-02,ADI,0.1233925616623963,7.0,0.0,0.0,0.0,0.0,80.0,17.07,0.122933,0.104704,0.107409,0.120804,0.112552,0.092719,0.113457,0.11083,0.114592,1.7263877684516253
2015-03,ADI,0.0834576608752828,6.0,0.0,0.0,0.0,0.0,78.0,17.0,0.113543,0.106059,0.112201,0.11578,0.110603,0.101688,0.118139,0.115494,0.106494,1.8295428443773247
2015-04,ADI,-0.0184127209091353,9.0,0.0,0.0,0.0,0.0,75.0,17.0,0.113543,0.106059,0.112201,0.11578,0.110603,0.101688,0.118139,0.115494,0.106494,1.9160924492097038
2015-05,ADI,0.0989648917823917,7.0,0.0,0.0,0.0,0.0,75.0,17.07,0.113543,0.106059,0.112201,0.11578,0.110603,0.101688,0.118139,0.115494,0.106494,2.0057806642920246
2015-06,ADI,-0.0497881262454665,15.0,0.0,0.0,0.0,0.0,80.0,16.36,0.106283,0.108619,0.117926,0.11038,0.107392,0.102873,0.12242,0.117356,0.106752,2.099920532173375
2015-07,ADI,-0.0912911766856291,11.0,0.0,0.0,0.0,0.0,95.0,16.71,0.106283,0.108619,0.117926,0.11038,0.107392,0.102873,0.12242,0.117356,0.106752,2.2038432272091426
2015-08,ADI,-0.0423452530953841,10.0,0.0,0.0,0.0,0.0,85.0,15.43,0.106283,0.108619,0.117926,0.11038,0.107392,0.102873,0.12242,0.117356,0.106752,2.2944367256259492
2015-09,ADI,0.0178907544235871,10.0,0.0,0.0,0.0,0.0,88.0,15.64,0.105834,0.108365,0.11775,0.110524,0.107019,0.102795,0.123516,0.116948,0.107248,2.3900501312942675
2015-10,ADI,0.0657684937902294,7.0,0.0,0.0,0.0,0.0,80.0,16.36,0.105834,0.108365,0.11775,0.110524,0.107019,0.102795,0.123516,0.116948,0.107248,2.4660518524864
2015-11,ADI,0.0251165777735689,10.0,0.0,0.0,0.0,0.0,79.0,16.36,0.105834,0.108365,0.11775,0.110524,0.107019,0.102795,0.123516,0.116948,0.107248,2.5111927808528014
2015-12,ADI,-0.102385087595374,6.0,0.0,0.0,0.0,0.0,80.0,16.36,0.128425,0.101776,0.106183,0.128127,0.112006,0.093856,0.107706,0.108498,0.113423,2.5640815288698375
2016-01,ADI,-0.0200254993711699,15.0,0.0,0.0,0.0,0.0,87.0,15.93,0.128425,0.101776,0.106183,0.128127,0.112006,0.093856,0.107706,0.108498,0.113423,2.6305513135592142
2016-02,ADI,-0.0161532981089681,5.0,0.0,0.0,0.0,0.0,82.0,16.14,0.128425,0.101776,0.106183,0.128127,0.112006,0.093856,0.107706,0.108498,0.113423,2.700766955916772
2016-03,ADI,0.126195222349021,4.0,0.0,0.0,0.0,0.0,86.0,16.21,0.106289,0.108811,0.1178,0.110468,0.108108,0.10377,0.122635,0.115722,0.106395,2.758173318274317
2016-04,ADI,-0.0484879006657886,6.0,0.0,0.0,0.0,0.0,84.0,16.21,0.106289,0.108811,0.1178,0.110468,0.108108,0.10377,0.122635,0.115722,0.106395,2.822416564090776
2016-05,ADI,0.0387073218562485,21.0,0.0,0.0,0.0,0.0,79.0,17.0,0.106289,0.108811,0.1178,0.110468,0.108108,0.10377,0.122635,0.115722,0.106395,2.8880009190646674
2016-06,ADI,-0.0247596181593618,10.0,0.0,0.0,0.0,0.0,78.0,16.14,0.106744,0.109346,0.118348,0.110149,0.106528,0.102874,0.123164,0.115889,0.106958,3.0261860782272167
2016-07,ADI,0.1269423200895514,3.0,0.0,0.0,0.0,0.0,83.0,15.21,0.106744,0.109346,0.118348,0.110149,0.106528,0.102874,0.123164,0.115889,0.106958,3.1155138948019196
2016-08,ADI,-0.0198966082787759,7.0,0.0,0.0,0.0,0.0,76.0,14.79,0.106744,0.109346,0.118348,0.110149,0.106528,0.102874,0.123164,0.115889,0.106958,3.1521389257168173
2016-09,ADI,0.0370376133397061,6.0,0.0,0.0,0.0,0.0,75.0,16.07,0.109317,0.109494,0.118144,0.110521,0.106289,0.100951,0.121789,0.11566,0.107834,3.1845054827461032
2016-10,ADI,-0.0054304052869995,11.0,0.0,0.0,0.0,0.0,80.0,17.0,0.109317,0.109494,0.118144,0.110521,0.106289,0.100951,0.121789,0.11566,0.107834,3.2249033585406717
2016-11,ADI,0.158190464120026,12.0,0.0,0.0,0.0,0.0,84.0,17.93,0.109317,0.109494,0.118144,0.110521,0.106289,0.100951,0.121789,0.11566,0.107834,3.2699903975292006
2016-12,ADI,-0.016277530847206,7.0,0.0,0.0,0.0,0.0,86.0,17.21,0.128362,0.103448,0.108089,0.126831,0.108231,0.094562,0.107606,0.108556,0.114314,3.30167733024796
2017-01,ADI,0.031947120560019,11.0,0.0,0.0,0.0,0.0,82.0,17.64,0.128362,0.103448,0.108089,0.126831,0.108231,0.094562,0.107606,0.108556,0.114314,3.3396983277229264
2017-02,ADI,0.0932744298567753,10.0,0.0,0.0,0.0,0.0,95.0,18.14,0.128362,0.103448,0.108089,0.126831,0.108231,0.094562,0.107606,0.108556,0.114314,3.3978488449189124
2017-03,ADI,0.0057085692204292,6.0,0.0,0.0,0.0,0.0,98.0,19.21,0.111348,0.108711,0.116741,0.110819,0.106846,0.09957,0.120787,0.116115,0.109063,3.4689961016824022
2017-04,ADI,-0.0701651765862786,15.0,0.0,0.0,0.0,0.0,95.0,19.07,0.111348,0.108711,0.116741,0.110819,0.106846,0.09957,0.120787,0.116115,0.109063,3.505546311170952
2017-05,ADI,0.1254598761602281,7.0,0.0,0.0,0.0,0.0,91.0,19.36,0.111348,0.108711,0.116741,0.110819,0.106846,0.09957,0.120787,0.116115,0.109063,3.5231507266245687
2017-06,ADI,-0.0928169437122548,14.0,0.0,0.0,0.0,0.0,85.0,20.14,0.111722,0.108139,0.118243,0.111376,0.106554,0.100253,0.120737,0.11458,0.108396,3.5525959365861914
2017-07,ADI,0.0212903786191898,14.0,0.0,0.0,0.0,0.0,89.0,20.0,0.111722,0.108139,0.118243,0.111376,0.106554,0.100253,0.120737,0.11458,0.108396,3.5926406675993787
2017-08,ADI,0.0589792800606265,15.0,0.0,0.0,0.0,0.0,85.0,19.0,0.111722,0.108139,0.118243,0.111376,0.106554,0.100253,0.120737,0.11458,0.108396,3.6251174708938536
2017-09,ADI,0.0298793772057723,32.0,0.0,0.0,0.0,0.0,78.0,19.79,0.11197,0.107982,0.118784,0.110992,0.10683,0.099953,0.12065,0.114724,0.108115,3.7081417477168217
2017-10,ADI,0.0653439816690815,10.0,1.0,0.997,0.0,0.997,82.0,20.64,0.11197,0.107982,0.118784,0.110992,0.10683,0.099953,0.12065,0.114724,0.108115,3.7525733650914104
2017-11,ADI,-0.0568455848298669,11.0,1.0,0.997,0.0,0.997,82.0,22.0,0.11197,0.107982,0.118784,0.110992,0.10683,0.099953,0.12065,0.114724,0.108115,3.7937572830110935
2017-12,ADI,0.0393698739490921,9.0,0.0,0.0,0.0,0.0,79.0,20.64,0.128475,0.102899,0.107419,0.128423,0.108773,0.095247,0.105404,0.108815,0.114544,3.7736127264114927
2018-01,ADI,0.0320120797742837,15.0,0.0,0.0,0.0,0.0,82.0,21.21,0.128475,0.102899,0.107419,0.128423,0.108773,0.095247,0.105404,0.108815,0.114544,3.772492275052169
2018-02,ADI,-0.0188288882085961,12.0,0.0,0.0,0.0,0.0,83.0,21.64,0.128475,0.102899,0.107419,0.128423,0.108773,0.095247,0.105404,0.108815,0.114544,3.7756806222655093
2018-03,ADI,0.0108709981774846,7.0,0.0,0.0,0.0,0.0,85.0,21.07,0.110879,0.107265,0.118885,0.111093,0.106327,0.099202,0.120228,0.117557,0.108564,3.7911585131219594
2018-04,ADI,-0.0364925156244277,12.0,1.0,0.996,0.0,0.996,87.0,21.0,0.110879,0.107265,0.118885,0.111093,0.106327,0.099202,0.120228,0.117557,0.108564,3.816947699135313
2018-05,ADI,0.1125355797042995,12.0,0.0,0.0,0.0,0.0,84.0,20.5,0.110879,0.107265,0.118885,0.111093,0.106327,0.099202,0.120228,0.117557,0.108564,3.8141150950323395
2018-06,ADI,-0.0129655651156271,12.0,1.0,0.997,0.0,0.997,75.0,19.71,0.110366,0.107063,0.121385,0.11078,0.105285,0.09939,0.120212,0.116894,0.108625,3.8614720641972755
2018-07,ADI,0.0070278891533099,14.0,0.0,0.0,0.0,0.0,76.0,19.5,0.110366,0.107063,0.121385,0.11078,0.105285,0.09939,0.120212,0.116894,0.108625,4.056512272213505
2018-08,ADI,0.0281880522250894,8.0,0.0,0.0,0.0,0.0,79.0,19.29,0.110366,0.107063,0.121385,0.11078,0.105285,0.09939,0.120212,0.116894,0.108625,4.145579191554888
2018-09,ADI,-0.0601396390565455,11.0,0.0,0.0,0.0,0.0,79.0,20.29,0.111721,0.106614,0.121789,0.110854,0.10553,0.098228,0.120299,0.115611,0.109355,4.288992572515683
2018-10,ADI,-0.0946354953083854,11.0,1.0,0.995,0.0,0.995,86.0,21.07,0.111721,0.106614,0.121789,0.110854,0.10553,0.098228,0.120299,0.115611,0.109355,4.262788171810512
2018-11,ADI,0.0980765507576391,9.0,1.0,0.995,0.0,0.995,81.0,21.29,0.111721,0.106614,0.121789,0.110854,0.10553,0.098228,0.120299,0.115611,0.109355,4.257660393584883
2018-12,ADI,-0.0612230334115089,9.0,0.0,0.0,0.0,0.0,75.0,20.07,0.129757,0.10453,0.10538,0.129277,0.107754,0.09326,0.106262,0.10872,0.115059,4.206597512194902
2019-01,ADI,0.1518119672361442,15.0,0.0,0.0,0.0,0.0,76.0,20.43,0.129757,0.10453,0.10538,0.129277,0.107754,0.09326,0.106262,0.10872,0.115059,4.177718276436941
2019-02,ADI,0.0819339863927044,13.0,1.0,0.995,0.0,0.995,80.0,21.64,0.129757,0.10453,0.10538,0.129277,0.107754,0.09326,0.106262,0.10872,0.115059,4.2098686582303
2019-03,ADI,-0.0107574098508574,11.0,0.0,0.0,0.0,0.0,78.0,21.64,0.11069,0.107165,0.121475,0.110941,0.105662,0.09955,0.11983,0.115702,0.108983,4.188473989214132
2019-04,ADI,0.1042082189519282,4.0,1.0,0.994,0.0,0.994,78.0,21.14,0.11069,0.107165,0.121475,0.110941,0.105662,0.09955,0.11983,0.115702,0.108983,4.141733437640807
2019-05,ADI,-0.1687886000392245,7.0,0.0,0.0,0.0,0.0,72.0,20.86,0.11069,0.107165,0.121475,0.110941,0.105662,0.09955,0.11983,0.115702,0.108983,4.088603367026712
2019-06,ADI,0.1746498176642208,6.0,0.0,0.0,0.0,0.0,72.0,20.64,0.11055,0.107379,0.121449,0.11088,0.105868,0.099586,0.120108,0.115281,0.1089,4.141200643693233
2019-07,ADI,0.0406662981821022,9.0,0.0,0.0,0.0,0.0,78.0,20.71,0.11055,0.107379,0.121449,0.11088,0.105868,0.099586,0.120108,0.115281,0.1089,4.127329612273865
2019-08,ADI,-0.0649584448154653,7.0,0.0,0.0,0.0,0.0,73.0,20.36,0.11055,0.107379,0.121449,0.11088,0.105868,0.099586,0.120108,0.115281,0.1089,4.094247394069595
2019-09,ADI,0.0224100647171809,9.0,0.0,0.0,0.0,0.0,74.0,21.43,0.110577,0.107106,0.121602,0.110962,0.105635,0.099574,0.120306,0.115428,0.10881,4.07572181937724
2019-10,ADI,-0.0456457196277184,10.0,0.0,0.0,0.0,0.0,72.0,21.79,0.110577,0.107106,0.121602,0.110962,0.105635,0.099574,0.120306,0.115428,0.10881,4.049789342462338
2019-11,ADI,0.0592703455829117,3.0,0.0,0.0,0.0,0.0,73.0,22.43,0.110577,0.107106,0.121602,0.110962,0.105635,0.099574,0.120306,0.115428,0.10881,4.005866821948589
2019-12,ADI,0.052147025746293,5.0,0.0,0.0,0.0,0.0,70.0,20.93,0.129793,0.103293,0.103839,0.130135,0.108283,0.092363,0.105933,0.108074,0.118286,3.9530228732951818
2020-01,ADI,-0.072109139450303,16.0,0.0,0.0,0.0,0.0,74.0,25.93,0.129793,0.103293,0.103839,0.130135,0.108283,0.092363,0.105933,0.108074,0.118286,3.9346921010818563
2020-02,ADI,-0.0063779151823257,13.0,0.0,0.0,0.0,0.0,73.0,25.07,0.129793,0.103293,0.103839,0.130135,0.108283,0.092363,0.105933,0.108074,0.118286,3.9270978974559614
2020-03,ADI,-0.1734377204504977,7.0,0.0,0.0,0.0,0.0,73.0,20.14,0.106631,0.107896,0.119856,0.110781,0.106579,0.10156,0.122564,0.116646,0.107487,3.868579411915174
2020-04,ADI,0.2225320122490364,11.0,0.0,0.0,0.0,0.0,80.0,20.79,0.106631,0.107896,0.119856,0.110781,0.106579,0.10156,0.122564,0.116646,0.107487,3.875556405713186
2020-05,ADI,0.0305655575333039,5.0,1.0,0.994,0.0,0.994,72.0,22.21,0.106631,0.107896,0.119856,0.110781,0.106579,0.10156,0.122564,0.116646,0.107487,3.8591334899045036
2020-06,ADI,0.0916922967914406,7.0,0.0,0.0,0.0,0.0,70.0,21.93,0.107027,0.112343,0.11598,0.113203,0.104693,0.101654,0.121153,0.114,0.109947,3.7900898068155016
2020-07,ADI,-0.0635192706945348,8.0,2.0,0.97,0.0,1.94,67.0,21.71,0.107027,0.112343,0.11598,0.113203,0.104693,0.101654,0.121153,0.114,0.109947,3.7332745113625068
2020-08,ADI,0.0176751209600389,6.0,4.0,0.712,0.0089,2.848,70.0,20.71,0.107027,0.112343,0.11598,0.113203,0.104693,0.101654,0.121153,0.114,0.109947,3.7702603823067626
2020-09,ADI,0.0039674317671569,13.0,1.0,0.844,0.1111,0.844,78.0,22.07,0.10781,0.11021,0.116388,0.113595,0.104018,0.101298,0.121194,0.116311,0.109175,3.951962666818253
2020-10,ADI,0.0153333983886871,3.0,0.0,0.0,0.0,0.0,73.0,20.5,0.10781,0.11021,0.116388,0.113595,0.104018,0.101298,0.121194,0.116311,0.109175,3.921327656161242
2020-11,ADI,0.1733736199939715,10.0,3.0,0.8067,0.0,2.4200999999999997,71.0,19.36,0.10781,0.11021,0.116388,0.113595,0.104018,0.101298,0.121194,0.116311,0.109175,3.893493238689411
2020-12,ADI,0.0621943545457412,3.0,2.0,0.0,0.0,0.0,76.0,19.07,0.129569,0.102577,0.104767,0.129879,0.110739,0.090299,0.106518,0.111835,0.113817,3.8654287809145784
2021-01,ADI,0.0017079474580441,19.0,1.0,1.0,0.0,1.0,68.0,18.93,0.129569,0.102577,0.104767,0.129879,0.110739,0.090299,0.106518,0.111835,0.113817,3.8549603490269155
2021-02,ADI,0.0576256370924266,10.0,18.0,0.5222,0.0,9.3996,73.0,20.0,0.129569,0.102577,0.104767,0.129879,0.110739,0.090299,0.106518,0.111835,0.113817,3.8324047802796986
2021-03,ADI,-0.0004853878219754,10.0,31.0,0.965,0.0086,29.915,77.0,19.79,0.108342,0.109968,0.117504,0.113169,0.103951,0.101285,0.121129,0.115749,0.108904,3.85188953463857
2021-04,ADI,-0.0123807189866683,8.0,27.0,0.964,0.0058,26.028,75.0,19.36,0.108342,0.109968,0.117504,0.113169,0.103951,0.101285,0.121129,0.115749,0.108904,3.851768646629577
2021-05,ADI,0.0746928759202212,6.0,31.0,0.7434,0.0,23.045399999999997,72.0,19.64,0.108342,0.109968,0.117504,0.113169,0.103951,0.101285,0.121129,0.115749,0.108904,3.8272421105019414
2021-06,ADI,0.050351958580816,14.0,49.0,0.9368,0.0,45.9032,74.0,20.21,0.108599,0.109673,0.11799,0.113214,0.103778,0.10087,0.121403,0.115989,0.108483,3.797874082506137
2021-07,ADI,-0.0275323662329106,1.0,11.0,0.9085,0.0,9.9935,70.0,19.43,0.108599,0.109673,0.11799,0.113214,0.103778,0.10087,0.121403,0.115989,0.108483,3.784934586140758
2021-08,ADI,-0.0266995667348693,13.0,36.0,0.7051,0.0,25.383599999999998,77.0,18.29,0.108599,0.109673,0.11799,0.113214,0.103778,0.10087,0.121403,0.115989,0.108483,3.7973860389305636
2021-09,ADI,0.0321424709128119,7.0,30.0,0.8358,0.0,25.073999999999998,73.0,19.5,0.108599,0.109673,0.11799,0.113214,0.103778,0.10087,0.121403,0.115989,0.108483,3.787455039293391
2021-10,ADI,0.035885208926969,5.0,25.0,0.736,0.0,18.4,69.0,19.64,0.108599,0.109673,0.11799,0.113214,0.103778,0.10087,0.121403,0.115989,0.108483,3.76371005361919
2021-11,ADI,0.0389645822155517,13.0,32.0,0.7389,0.0,23.6448,72.0,20.79,0.108599,0.109673,0.11799,0.113214,0.103778,0.10087,0.121403,0.115989,0.108483,3.7351152108303056
2021-12,ADI,-0.0248543584497717,5.0,62.0,0.9322,0.0,57.7964,68.0,19.29,0.130318,0.103601,0.103976,0.129903,0.109976,0.09101,0.106604,0.111006,0.113605,3.7343261504463188
2022-01,ADI,-0.0635600484199477,14.0,31.0,0.8244,0.0055,25.5564,74.0,24.86,0.130318,0.103601,0.103976,0.129903,0.109976,0.09101,0.106604,0.111006,0.113605,3.7786656147336264
2022-02,ADI,-0.0224432511031348,13.0,93.0,0.9081,0.0,84.4533,81.0,26.0,0.130318,0.103601,0.103976,0.129903,0.109976,0.09101,0.106604,0.111006,0.113605,3.822583770136416
2022-03,ADI,0.035536355013414,9.0,69.0,0.9362,0.0042,64.5978,86.0,27.36,0.11018,0.10845,0.11716,0.11375,0.103712,0.100302,0.120551,0.116533,0.109363,3.8910246015436916
2022-04,ADI,-0.0653832669530924,6.0,67.0,0.8742,0.0072,58.5714,79.0,26.71,0.11018,0.10845,0.11716,0.11375,0.103712,0.100302,0.120551,0.116533,0.109363,3.946300623413285
2022-05,ADI,0.0908150464741543,19.0,122.0,0.9,0.0,109.8,81.0,25.5,0.11018,0.10845,0.11716,0.11375,0.103712,0.100302,0.120551,0.116533,0.109363,3.996577710670656
2022-06,ADI,-0.1284434960813029,9.0,62.0,0.9054,0.0044,56.1348,78.0,25.64,0.115706,0.107122,0.115315,0.115991,0.103931,0.097497,0.120589,0.115366,0.108485,3.9955006410532845
2022-07,ADI,0.1770828981888297,10.0,28.0,0.7705,0.0072,21.573999999999998,76.0,23.43,0.115706,0.107122,0.115315,0.115991,0.103931,0.097497,0.120589,0.115366,0.108485,4.043894846343006
2022-08,ADI,-0.1188066995130581,6.0,39.0,0.3961,0.0061,15.4479,78.0,22.79,0.115706,0.107122,0.115315,0.115991,0.103931,0.097497,0.120589,0.115366,0.108485,4.067307347475967
2022-09,ADI,-0.0760206465753378,13.0,25.0,0.6889,0.0,17.2225,81.0,24.5,0.116037,0.107428,0.115517,0.116136,0.104101,0.096967,0.119248,0.115959,0.108607,4.080721255858202
2022-10,ADI,0.0235394653168961,17.0,27.0,0.7711,0.0,20.8197,77.0,24.57,0.116037,0.107428,0.115517,0.116136,0.104101,0.096967,0.119248,0.115959,0.108607,4.071864194274488
2022-11,ADI,0.2053716066477118,5.0,43.0,0.7483,0.0,32.176899999999996,79.0,25.79,0.116037,0.107428,0.115517,0.116136,0.104101,0.096967,0.119248,0.115959,0.108607,4.0676066928151196
2022-12,ADI,-0.0458382205942343,10.0,28.0,0.8708,0.007,24.3824,76.0,25.86,0.129572,0.101955,0.104598,0.130606,0.111132,0.091668,0.106015,0.11079,0.113664,4.093257493181988
2023-01,ADI,0.0500111179262441,16.0,18.0,0.8576,0.0121,15.4368,80.0,27.43,0.129572,0.101955,0.104598,0.130606,0.111132,0.091668,0.106015,0.11079,0.113664,4.142365107465525
2023-02,ADI,0.0699831394479555,7.0,50.0,0.8704,0.0,43.519999999999996,89.0,31.0,0.129572,0.101955,0.104598,0.130606,0.111132,0.091668,0.106015,0.11079,0.113664,4.133463181522748
2023-03,ADI,0.079946928029511,14.0,52.0,0.8993,0.0129,46.7636,83.0,30.57,0.115703,0.10726,0.11662,0.115391,0.104645,0.095999,0.12044,0.115344,0.108599,4.207617254795359
2023-04,ADI,-0.0879222388199139,4.0,30.0,0.9768,0.0075,29.304,88.0,30.14,0.115703,0.10726,0.11662,0.115391,0.104645,0.095999,0.12044,0.115344,0.108599,4.220012194467161
2023-05,ADI,-0.0121746646950605,7.0,43.0,0.6837,0.0058,29.399099999999997,83.0,31.29,0.115703,0.10726,0.11662,0.115391,0.104645,0.095999,0.12044,0.115344,0.108599,4.2274967472126495
2023-06,ADI,0.096347485560003,15.0,18.0,0.8374,0.0,15.0732,87.0,32.64,0.115089,0.108584,0.117679,0.113634,0.106544,0.09792,0.118829,0.113874,0.107847,4.217580334954997
2023-07,ADI,0.0291347185172681,11.0,19.0,0.9633,0.0,18.3027,77.0,30.57,0.115089,0.108584,0.117679,0.113634,0.106544,0.09792,0.118829,0.113874,0.107847,4.213330350074608
2023-08,ADI,-0.0889590779131525,10.0,28.0,0.6981,0.0,19.5468,78.0,29.57,0.115089,0.108584,0.117679,0.113634,0.106544,0.09792,0.118829,0.113874,0.107847,4.206291913572268
2023-09,ADI,-0.0368027782459308,5.0,15.0,0.806,0.0184,12.09,84.0,30.57,0.11529,0.107587,0.118793,0.113501,0.10453,0.09716,0.118649,0.115686,0.108804,4.239812331750958
2023-10,ADI,-0.0971622995830804,13.0,20.0,0.8993,0.0,17.986,81.0,31.0,0.11529,0.107587,0.118793,0.113501,0.10453,0.09716,0.118649,0.115686,0.108804,4.224161901955266
2023-11,ADI,0.1655755439227511,12.0,43.0,0.768,0.008,33.024,80.0,31.86,0.11529,0.107587,0.118793,0.113501,0.10453,0.09716,0.118649,0.115686,0.108804,4.249971273885836
2023-12,ADI,0.0827789268252763,12.0,12.0,0.9832,0.0217,11.798399999999999,87.0,30.79,0.128806,0.102658,0.103861,0.131845,0.11074,0.092013,0.106147,0.110211,0.113718,4.299093728345113
2024-01,ADI,-0.026660072605133,28.0,19.0,0.9171,0.0288,17.4249,92.0,32.79,0.128806,0.102658,0.103861,0.131845,0.11074,0.092013,0.106147,0.110211,0.113718,4.371348278158437
2024-02,ADI,-0.0028073443200529,9.0,40.0,0.8154,0.0101,32.616,89.0,36.07,0.128806,0.102658,0.103861,0.131845,0.11074,0.092013,0.106147,0.110211,0.113718,4.361387928134404
2024-03,ADI,0.0311229678149935,8.0,8.0,0.7214,0.0124,5.7712,89.0,35.86,0.118737,0.106359,0.115863,0.114779,0.105191,0.09693,0.118087,0.114778,0.109276,4.371911325667432
2024-04,ADI,0.0190369556102762,8.0,16.0,0.7712,0.006,12.3392,76.0,35.29,0.118737,0.106359,0.115863,0.114779,0.105191,0.09693,0.118087,0.114778,0.109276,4.345200924409937
2024-05,ADI,0.1688848146976109,12.0,33.0,0.821,0.0055,27.093,90.0,36.21,0.118737,0.106359,0.115863,0.114779,0.105191,0.09693,0.118087,0.114778,0.109276,4.32829500526129
2024-06,ADI,-0.0265683170327689,5.0,15.0,0.6417,0.0147,9.6255,84.0,34.0,0.118641,0.106555,0.115746,0.114678,0.105263,0.097371,0.118039,0.114588,0.109117,4.26962142088432
2024-07,ADI,0.0177007171856582,12.0,30.0,0.8318,0.0176,24.954,81.0,32.57,0.118641,0.106555,0.115746,0.114678,0.105263,0.097371,0.118039,0.114588,0.109117,4.287733174881446
2024-08,ADI,0.0149538033743834,11.0,40.0,0.8018,0.0118,32.071999999999996,79.0,33.07,0.118641,0.106555,0.115746,0.114678,0.105263,0.097371,0.118039,0.114588,0.109117,4.269952047145315
2024-09,ADI,-0.0198859087797924,11.0,27.0,0.8628,0.0367,23.2956,79.0,35.36,0.118641,0.106555,0.115746,0.114678,0.105263,0.097371,0.118039,0.114588,0.109117,4.337423701637121
2024-10,ADI,-0.026860640874634,18.0,19.0,0.8619,0.0349,16.3761,83.0,36.21,0.118641,0.106555,0.115746,0.114678,0.105263,0.097371,0.118039,0.114588,0.109117,4.399000647365136
2024-11,ADI,-0.0226794200806111,10.0,1.0,0.296,0.0,0.296,78.0,38.36,0.118641,0.106555,0.115746,0.114678,0.105263,0.097371,0.118039,0.114588,0.109117,4.3345472496912825
2024-12,ADI,-0.0256361841804491,10.0,12.0,0.9113,0.0179,10.9356,83.0,37.14,0.130317,0.105026,0.102384,0.131657,0.109408,0.092744,0.105139,0.110288,0.113037,4.383490444974148
2025-01,ADI,0.0015398358807647,31.0,24.0,0.925,0.0285,22.200000000000003,83.0,38.79,0.130317,0.105026,0.102384,0.131657,0.109408,0.092744,0.105139,0.110288,0.113037,4.42635785054127
2025-02,ADI,0.0857519383021216,7.0,48.0,0.8246,0.0147,39.580799999999996,87.0,41.43,0.130317,0.105026,0.102384,0.131657,0.109408,0.092744,0.105139,0.110288,0.113037,4.421254010635614
2025-03,ADI,-0.1234024488744752,11.0,14.0,0.9214,0.0314,12.8996,87.0,39.86,0.111093,0.10674,0.118761,0.113604,0.105536,0.097836,0.122267,0.113956,0.110208,4.4274905606845465
2025-04,ADI,-0.0292654392342571,17.0,34.0,0.7789,0.0277,26.4826,87.0,40.07,0.111093,0.10674,0.118761,0.113604,0.105536,0.097836,0.122267,0.113956,0.110208,4.48539984161514
2025-05,ADI,0.0977837215728845,8.0,69.0,0.7871,0.0048,54.3099,86.0,40.21,0.111093,0.10674,0.118761,0.113604,0.105536,0.097836,0.122267,0.113956,0.110208,4.472709288646818
2025-06,ADI,0.1123469827015142,9.0,67.0,0.6961,0.0089,46.6387,87.0,45.64,0.111714,0.107057,0.118298,0.113949,0.105063,0.097629,0.122687,0.113923,0.10968,4.459666996711574
2025-07,ADI,-0.051958857790288,5.0,83.0,0.9199,0.01,76.35170000000001,87.0,48.5,0.111714,0.107057,0.118298,0.113949,0.105063,0.097629,0.122687,0.113923,0.10968,4.435600541813746
2025-08,ADI,0.1187730259978208,10.0,181.0,0.8324,0.0124,150.6644,98.0,87.57,0.111714,0.107057,0.118298,0.113949,0.105063,0.097629,0.122687,0.113923,0.10968,4.43387861977698
2025-09,ADI,-0.022322983216526,10.0,94.0,0.7639,0.0079,71.8066,91.0,86.07,0.111714,0.107057,0.118298,0.113949,0.105063,0.097629,0.122687,0.113923,0.10968,4.400419247308782
2025-10,ADI,-0.0433213290955195,14.0,102.0,0.8792,0.0205,89.6784,94.0,86.86,0.111714,0.107057,0.118298,0.113949,0.105063,0.097629,0.122687,0.113923,0.10968,4.39673638568748
2025-11,ADI,0.1333019511927893,20.0,140.0,0.8968,0.0128,125.552,100.0,91.29,0.111714,0.107057,0.118298,0.113949,0.105063,0.097629,0.122687,0.113923,0.10968,4.406735374787579
2025-12,ADI,0.0220850580802443,10.0,67.0,0.9804,0.0216,65.6868,89.0,86.86,0.129594,0.105024,0.102145,0.13181,0.109532,0.092504,0.105582,0.110493,0.113316,4.368794161892336
2014-01,ADSK,0.0184817231879164,16.0,0.0,0.0,0.0,0.0,53.0,18.14,0.104548,0.105877,0.116216,0.113356,0.111286,0.098862,0.124895,0.115705,0.109255,0.11256224213970693
2014-02,ADSK,0.0239999910680259,1.0,0.0,0.0,0.0,0.0,63.0,18.14,0.104548,0.105877,0.116216,0.113356,0.111286,0.098862,0.124895,0.115705,0.109255,0.2332065358954532
2014-03,ADSK,-0.0628810835717458,2.0,0.0,0.0,0.0,0.0,47.0,17.14,0.113234,0.102813,0.121651,0.115473,0.111923,0.09787,0.114811,0.112421,0.109804,0.32226819641560817
2014-04,ADSK,-0.0235868206631554,6.0,0.0,0.0,0.0,0.0,39.0,17.21,0.113234,0.102813,0.121651,0.115473,0.111923,0.09787,0.114811,0.112421,0.109804,0.3903971680562657
2014-05,ADSK,0.0905872226708361,4.0,0.0,0.0,0.0,0.0,46.0,16.86,0.113234,0.102813,0.121651,0.115473,0.111923,0.09787,0.114811,0.112421,0.109804,0.465479890142416
2014-06,ADSK,0.0765705980144488,6.0,0.0,0.0,0.0,0.0,40.0,18.0,0.104272,0.107715,0.11742,0.113263,0.110573,0.10034,0.123715,0.115793,0.106909,0.5297119656037451
2014-07,ADSK,-0.0537425068568809,12.0,0.0,0.0,0.0,0.0,32.0,19.29,0.104272,0.107715,0.11742,0.113263,0.110573,0.10034,0.123715,0.115793,0.106909,0.583457212437197
2014-08,ADSK,0.0054358186283363,4.0,0.0,0.0,0.0,0.0,43.0,17.86,0.104272,0.107715,0.11742,0.113263,0.110573,0.10034,0.123715,0.115793,0.106909,0.6483138357928483
2014-09,ADSK,0.0272184769031598,3.0,0.0,0.0,0.0,0.0,38.0,17.64,0.103806,0.105615,0.117171,0.113858,0.111916,0.098827,0.125007,0.115732,0.108068,0.6997045539387847
2014-10,ADSK,0.0442831671320689,3.0,0.0,0.0,0.0,0.0,47.0,18.14,0.103806,0.105615,0.117171,0.113858,0.111916,0.098827,0.125007,0.115732,0.108068,0.7608818728779393
2014-11,ADSK,0.0775112793449592,6.0,0.0,0.0,0.0,0.0,48.0,18.36,0.103806,0.105615,0.117171,0.113858,0.111916,0.098827,0.125007,0.115732,0.108068,0.8389705055882755
2014-12,ADSK,-0.03129030043079,5.0,0.0,0.0,0.0,0.0,31.0,17.79,0.105514,0.104371,0.116056,0.112091,0.112242,0.099217,0.126151,0.114133,0.110225,0.8737692833964205
2015-01,ADSK,-0.100732649241135,14.0,0.0,0.0,0.0,0.0,31.0,17.21,0.105514,0.104371,0.116056,0.112091,0.112242,0.099217,0.126151,0.114133,0.110225,0.9006547504431232
2015-02,ADSK,0.1894093660461704,2.0,0.0,0.0,0.0,0.0,38.0,17.07,0.105514,0.104371,0.116056,0.112091,0.112242,0.099217,0.126151,0.114133,0.110225,0.9416308472207066
2015-03,ADSK,-0.0871730800177907,4.0,0.0,0.0,0.0,0.0,35.0,17.0,0.114137,0.101316,0.123462,0.116431,0.110578,0.096707,0.114714,0.112705,0.10995,0.9798712632947403
2015-04,ADSK,-0.0308662615524049,1.0,0.0,0.0,0.0,0.0,42.0,17.0,0.114137,0.101316,0.123462,0.116431,0.110578,0.096707,0.114714,0.112705,0.10995,1.0239436381402323
2015-05,ADSK,-0.0471581949467982,1.0,0.0,0.0,0.0,0.0,38.0,17.07,0.114137,0.101316,0.123462,0.116431,0.110578,0.096707,0.114714,0.112705,0.10995,1.0624154112627768
2015-06,ADSK,-0.0751615804272713,2.0,0.0,0.0,0.0,0.0,31.0,16.36,0.104861,0.104586,0.115848,0.112832,0.111351,0.098856,0.125868,0.114353,0.111445,1.0761526291599877
2015-07,ADSK,0.0099840251940634,9.0,0.0,0.0,0.0,0.0,33.0,16.71,0.104861,0.104586,0.115848,0.112832,0.111351,0.098856,0.125868,0.114353,0.111445,1.1016597117501772
2015-08,ADSK,-0.0757216625623602,5.0,0.0,0.0,0.0,0.0,43.0,15.43,0.104861,0.104586,0.115848,0.112832,0.111351,0.098856,0.125868,0.114353,0.111445,1.1469711603801682
2015-09,ADSK,-0.055828890060996,2.0,0.0,0.0,0.0,0.0,40.0,15.64,0.101165,0.104197,0.119474,0.113014,0.112889,0.101127,0.127927,0.114001,0.106206,1.1771298368638365
2015-10,ADSK,0.2503398139976402,5.0,0.0,0.0,0.0,0.0,47.0,16.36,0.101165,0.104197,0.119474,0.113014,0.112889,0.101127,0.127927,0.114001,0.106206,1.2347646887210937
2015-11,ADSK,0.1500272295710307,5.0,0.0,0.0,0.0,0.0,58.0,16.36,0.101165,0.104197,0.119474,0.113014,0.112889,0.101127,0.127927,0.114001,0.106206,1.2936012000287758
2015-12,ADSK,-0.0400189202249271,5.0,0.0,0.0,0.0,0.0,32.0,16.36,0.102764,0.106496,0.121361,0.113748,0.110115,0.101777,0.126547,0.114419,0.102772,1.3033562509206822
2016-01,ADSK,-0.2315772286177547,19.0,0.0,0.0,0.0,0.0,34.0,15.93,0.102764,0.106496,0.121361,0.113748,0.110115,0.101777,0.126547,0.114419,0.102772,1.3200974604909952
2016-02,ADSK,0.1050833407883697,2.0,0.0,0.0,0.0,0.0,43.0,16.14,0.102764,0.106496,0.121361,0.113748,0.110115,0.101777,0.126547,0.114419,0.102772,1.3568526440403479
2016-03,ADSK,0.1269810491242895,0.0,0.0,0.0,0.0,0.0,38.0,16.21,0.114464,0.10194,0.123685,0.114806,0.110032,0.097524,0.114653,0.112029,0.110866,1.3677571803333337
2016-04,ADSK,0.0258960433196775,1.0,0.0,0.0,0.0,0.0,42.0,16.21,0.114464,0.10194,0.123685,0.114806,0.110032,0.097524,0.114653,0.112029,0.110866,1.3929606524000713
2016-05,ADSK,-0.0259110539111998,6.0,0.0,0.0,0.0,0.0,40.0,17.0,0.114464,0.10194,0.123685,0.114806,0.110032,0.097524,0.114653,0.112029,0.110866,1.4182843582254265
2016-06,ADSK,-0.0708769698930896,9.0,0.0,0.0,0.0,0.0,34.0,16.14,0.103032,0.107509,0.120836,0.114628,0.10997,0.100929,0.126221,0.114659,0.102218,1.5258565627554832
2016-07,ADSK,0.0980790807749119,8.0,0.0,0.0,0.0,0.0,30.0,15.21,0.103032,0.107509,0.120836,0.114628,0.10997,0.100929,0.126221,0.114659,0.102218,1.5804319689638766
2016-08,ADSK,0.1337258311339737,9.0,0.0,0.0,0.0,0.0,48.0,14.79,0.103032,0.107509,0.120836,0.114628,0.10997,0.100929,0.126221,0.114659,0.102218,1.6367372553290713
2016-09,ADSK,0.0731454034653524,6.0,0.0,0.0,0.0,0.0,50.0,16.07,0.102412,0.10727,0.12238,0.113224,0.111368,0.100767,0.125156,0.114674,0.102748,1.6892217077371143
2016-10,ADSK,-0.0006913182703162,4.0,0.0,0.0,0.0,0.0,40.0,17.0,0.102412,0.10727,0.12238,0.113224,0.111368,0.100767,0.125156,0.114674,0.102748,1.6988053975323931
2016-11,ADSK,0.0045656037164905,4.0,0.0,0.0,0.0,0.0,54.0,17.93,0.102412,0.10727,0.12238,0.113224,0.111368,0.100767,0.125156,0.114674,0.102748,1.7380803550756776
2016-12,ADSK,0.019281111611495,6.0,1.0,0.941,0.0118,0.941,48.0,17.21,0.103503,0.107417,0.120399,0.113962,0.110341,0.101033,0.126114,0.11372,0.103509,1.8418192328025345
2017-01,ADSK,0.0990405889756333,24.0,0.0,0.0,0.0,0.0,39.0,17.64,0.103503,0.107417,0.120399,0.113962,0.110341,0.101033,0.126114,0.11372,0.103509,1.8602150113013232
2017-02,ADSK,0.0609786935969736,3.0,0.0,0.0,0.0,0.0,48.0,18.14,0.103503,0.107417,0.120399,0.113962,0.110341,0.101033,0.126114,0.11372,0.103509,1.8786613987662912
2017-03,ADSK,0.0019698512506813,6.0,0.0,0.0,0.0,0.0,52.0,19.21,0.109207,0.101446,0.118456,0.111617,0.112686,0.097211,0.116878,0.113539,0.11896,1.936149363927644
2017-04,ADSK,0.0416329180444046,1.0,0.0,0.0,0.0,0.0,42.0,19.07,0.109207,0.101446,0.118456,0.111617,0.112686,0.097211,0.116878,0.113539,0.11896,1.9130814669761198
2017-05,ADSK,0.2409236929251279,6.0,0.0,0.0,0.0,0.0,76.0,19.36,0.109207,0.101446,0.118456,0.111617,0.112686,0.097211,0.116878,0.113539,0.11896,1.9836299578132797
2017-06,ADSK,-0.097969019210143,2.0,0.0,0.0,0.0,0.0,46.0,20.14,0.102951,0.103819,0.118198,0.112191,0.111723,0.099605,0.124526,0.114798,0.112189,1.9786808581914572
2017-07,ADSK,0.0988891217107883,8.0,0.0,0.0,0.0,0.0,38.0,20.0,0.102951,0.103819,0.118198,0.112191,0.111723,0.099605,0.124526,0.114798,0.112189,1.9687326748809193
2017-08,ADSK,0.0331257165684431,17.0,0.0,0.0,0.0,0.0,49.0,19.0,0.102951,0.103819,0.118198,0.112191,0.111723,0.099605,0.124526,0.114798,0.112189,2.008341590300008
2017-09,ADSK,-0.0192206619416323,11.0,0.0,0.0,0.0,0.0,47.0,19.79,0.101638,0.107331,0.12166,0.113311,0.110958,0.102158,0.125537,0.114506,0.1029,2.0404202610548943
2017-10,ADSK,0.1131302040492605,7.0,0.0,0.0,0.0,0.0,52.0,20.64,0.101638,0.107331,0.12166,0.113311,0.110958,0.102158,0.125537,0.114506,0.1029,2.0819173403790465
2017-11,ADSK,-0.1221190960950211,4.0,1.0,0.995,0.0,0.995,78.0,22.0,0.101638,0.107331,0.12166,0.113311,0.110958,0.102158,0.125537,0.114506,0.1029,2.1899313609099873
2017-12,ADSK,-0.0443937580006061,8.0,1.0,0.997,0.0,0.997,58.0,20.64,0.102256,0.107592,0.120793,0.113839,0.110658,0.102829,0.124898,0.113618,0.103518,2.2587419156758046
2018-01,ADSK,0.1029285579229182,17.0,0.0,0.0,0.0,0.0,55.0,21.21,0.102256,0.107592,0.120793,0.113839,0.110658,0.102829,0.124898,0.113618,0.103518,2.2730154857329983
2018-02,ADSK,0.0160006783443513,2.0,2.0,0.996,0.0,1.992,45.0,21.64,0.102256,0.107592,0.120793,0.113839,0.110658,0.102829,0.124898,0.113618,0.103518,2.269148678038465
2018-03,ADSK,0.0690389080282247,1.0,0.0,0.0,0.0,0.0,79.0,21.07,0.108297,0.104529,0.113948,0.111338,0.112883,0.099458,0.117251,0.113762,0.118535,2.336150035523498
2018-04,ADSK,0.002548173993935,4.0,0.0,0.0,0.0,0.0,43.0,21.0,0.108297,0.104529,0.113948,0.111338,0.112883,0.099458,0.117251,0.113762,0.118535,2.301185855254902
2018-05,ADSK,0.0254170336684147,0.0,0.0,0.0,0.0,0.0,57.0,20.5,0.108297,0.104529,0.113948,0.111338,0.112883,0.099458,0.117251,0.113762,0.118535,2.295839741291079
2018-06,ADSK,0.0154143310634653,0.0,0.0,0.0,0.0,0.0,48.0,19.71,0.101681,0.108115,0.121501,0.113923,0.110795,0.102267,0.124101,0.114294,0.103322,2.304276778248248
2018-07,ADSK,-0.0202150733886199,5.0,1.0,0.996,0.0,0.996,42.0,19.5,0.101681,0.108115,0.121501,0.113923,0.110795,0.102267,0.124101,0.114294,0.103322,2.4748378777324063
2018-08,ADSK,0.2017284581875449,7.0,0.0,0.0,0.0,0.0,70.0,19.29,0.101681,0.108115,0.121501,0.113923,0.110795,0.102267,0.124101,0.114294,0.103322,2.6245523595778075
2018-09,ADSK,0.0114026202607053,5.0,0.0,0.0,0.0,0.0,48.0,20.29,0.101931,0.106815,0.121389,0.114059,0.111193,0.101882,0.124811,0.114766,0.103154,2.753588095248773
2018-10,ADSK,-0.1720581673520952,4.0,1.0,0.995,0.0,0.995,50.0,21.07,0.101931,0.106815,0.121389,0.114059,0.111193,0.101882,0.124811,0.114766,0.103154,2.723750590772129
2018-11,ADSK,0.1179883945841393,1.0,1.0,0.995,0.0,0.995,64.0,21.29,0.101931,0.106815,0.121389,0.114059,0.111193,0.101882,0.124811,0.114766,0.103154,2.7365675545106143
2018-12,ADSK,-0.1099653936999891,6.0,0.0,0.0,0.0,0.0,52.0,20.07,0.102955,0.109228,0.121441,0.113762,0.110217,0.102652,0.123907,0.113596,0.102241,2.707420264065173
2019-01,ADSK,0.1445454960708114,10.0,0.0,0.0,0.0,0.0,50.0,20.43,0.102955,0.109228,0.121441,0.113762,0.110217,0.102652,0.123907,0.113596,0.102241,2.6858597157600617
2019-02,ADSK,0.1074048769454307,3.0,1.0,0.996,0.0,0.996,62.0,21.64,0.102955,0.109228,0.121441,0.113762,0.110217,0.102652,0.123907,0.113596,0.102241,2.7160824320216572
2019-03,ADSK,-0.0441076463094762,4.0,0.0,0.0,0.0,0.0,52.0,21.64,0.110431,0.106069,0.114517,0.110732,0.111058,0.096911,0.116068,0.114645,0.119568,2.6909653526033424
2019-04,ADSK,0.1436914281685342,5.0,1.0,0.997,0.0,0.997,57.0,21.14,0.110431,0.106069,0.114517,0.110732,0.111058,0.096911,0.116068,0.114645,0.119568,2.6853182881684594
2019-05,ADSK,-0.0970764962684423,5.0,0.0,0.0,0.0,0.0,55.0,20.86,0.110431,0.106069,0.114517,0.110732,0.111058,0.096911,0.116068,0.114645,0.119568,2.6737016542837058
2019-06,ADSK,0.012367100796006,7.0,0.0,0.0,0.0,0.0,38.0,20.64,0.103517,0.103763,0.116748,0.113626,0.112675,0.100439,0.123476,0.115587,0.11017,2.7086203914426945
2019-07,ADSK,-0.0413136647004153,7.0,0.0,0.0,0.0,0.0,44.0,20.71,0.103517,0.103763,0.116748,0.113626,0.112675,0.100439,0.123476,0.115587,0.11017,2.6778795150478074
2019-08,ADSK,-0.0854837100675668,6.0,0.0,0.0,0.0,0.0,76.0,20.36,0.103517,0.103763,0.116748,0.113626,0.112675,0.100439,0.123476,0.115587,0.11017,2.7299700315871362
2019-09,ADSK,0.0341688095068168,3.0,0.0,0.0,0.0,0.0,52.0,21.43,0.104337,0.103988,0.117019,0.113574,0.112754,0.100168,0.123073,0.115393,0.109694,2.715689397174777
2019-10,ADSK,-0.0023019386927256,7.0,0.0,0.0,0.0,0.0,50.0,21.79,0.104337,0.103988,0.117019,0.113574,0.112754,0.100168,0.123073,0.115393,0.109694,2.7001084761412746
2019-11,ADSK,0.227605816688472,4.0,0.0,0.0,0.0,0.0,66.0,22.43,0.104337,0.103988,0.117019,0.113574,0.112754,0.100168,0.123073,0.115393,0.109694,2.716139541595854
2019-12,ADSK,0.0141515362286177,6.0,0.0,0.0,0.0,0.0,48.0,20.93,0.104761,0.103901,0.116494,0.113727,0.112633,0.100352,0.123337,0.114771,0.110024,2.683660285925806
2020-01,ADSK,0.0729859309911185,14.0,0.0,0.0,0.0,0.0,54.0,25.93,0.104761,0.103901,0.116494,0.113727,0.112633,0.100352,0.123337,0.114771,0.110024,2.6798056846170537
2020-02,ADSK,-0.0303276659161683,4.0,0.0,0.0,0.0,0.0,59.0,25.07,0.104761,0.103901,0.116494,0.113727,0.112633,0.100352,0.123337,0.114771,0.110024,2.6809270945819597
2020-03,ADSK,-0.1822087064627301,5.0,0.0,0.0,0.0,0.0,80.0,20.14,0.112492,0.103069,0.115673,0.113042,0.11307,0.094314,0.114319,0.115016,0.119005,2.7016858402316526
2020-04,ADSK,0.1987828159258351,6.0,0.0,0.0,0.0,0.0,63.0,20.79,0.112492,0.103069,0.115673,0.113042,0.11307,0.094314,0.114319,0.115016,0.119005,2.7209103217487773
2020-05,ADSK,0.1242451739076262,4.0,0.0,0.0,0.0,0.0,65.0,22.21,0.112492,0.103069,0.115673,0.113042,0.11307,0.094314,0.114319,0.115016,0.119005,2.735561282436233
2020-06,ADSK,0.1369426603761214,4.0,0.0,0.0,0.0,0.0,68.0,21.93,0.105304,0.106554,0.117461,0.115154,0.110834,0.101267,0.121997,0.113388,0.108043,2.720105372681214
2020-07,ADSK,-0.0115389846459034,8.0,0.0,0.0,0.0,0.0,55.0,21.71,0.105304,0.106554,0.117461,0.115154,0.110834,0.101267,0.121997,0.113388,0.108043,2.6850262415435324
2020-08,ADSK,0.0392082415921442,7.0,0.0,0.0,0.0,0.0,59.0,20.71,0.105304,0.106554,0.117461,0.115154,0.110834,0.101267,0.121997,0.113388,0.108043,2.6931476070687514
2020-09,ADSK,-0.0597883704675046,4.0,0.0,0.0,0.0,0.0,62.0,22.07,0.10552,0.106586,0.117544,0.115173,0.11088,0.101133,0.121901,0.113367,0.107898,2.67037418940663
2020-10,ADSK,0.0196095358946162,7.0,0.0,0.0,0.0,0.0,63.0,20.5,0.10552,0.106586,0.117544,0.115173,0.11088,0.101133,0.121901,0.113367,0.107898,2.690069054078871
2020-11,ADSK,0.1897343082875362,4.0,2.0,0.6355,0.0,1.271,70.0,19.36,0.10552,0.106586,0.117544,0.115173,0.11088,0.101133,0.121901,0.113367,0.107898,2.712889815727098
2020-12,ADSK,0.0896049115624078,2.0,0.0,0.0,0.0,0.0,63.0,19.07,0.106129,0.107823,0.117592,0.114688,0.10994,0.100969,0.122756,0.113689,0.106413,2.7147936768672474
2021-01,ADSK,-0.0914063142622955,10.0,2.0,0.9445,0.0,1.889,63.0,18.93,0.106129,0.107823,0.117592,0.114688,0.10994,0.100969,0.122756,0.113689,0.106413,2.750593387058085
2021-02,ADSK,-0.0051544271114637,2.0,9.0,0.699,0.0,6.2909999999999995,55.0,20.0,0.106129,0.107823,0.117592,0.114688,0.10994,0.100969,0.122756,0.113689,0.106413,2.724055812316392
2021-03,ADSK,0.0041666445524797,5.0,24.0,0.8958,0.0,21.499200000000002,47.0,19.79,0.111827,0.102433,0.114507,0.113105,0.114772,0.095492,0.114654,0.115415,0.117794,2.679332541735615
2021-04,ADSK,0.0532563957808993,6.0,16.0,0.8171,0.0,13.0736,50.0,19.36,0.111827,0.102433,0.114507,0.113105,0.114772,0.095492,0.114654,0.115415,0.117794,2.654567745341732
2021-05,ADSK,-0.020725628565816,9.0,27.0,0.8121,0.0,21.9267,43.0,19.64,0.111827,0.102433,0.114507,0.113105,0.114772,0.095492,0.114654,0.115415,0.117794,2.6243052972799936
2021-06,ADSK,0.0211292550704276,12.0,54.0,0.8381,0.0,45.2574,50.0,20.21,0.105728,0.107757,0.116861,0.115096,0.110491,0.100829,0.123039,0.11344,0.106758,2.6059644321527964
2021-07,ADSK,0.1001370729616866,11.0,17.0,0.6692,0.0,11.3764,48.0,19.43,0.105728,0.107757,0.116861,0.115096,0.110491,0.100829,0.123039,0.11344,0.106758,2.6142497161220644
2021-08,ADSK,-0.0343786266529364,5.0,28.0,0.7414,0.0,20.7592,77.0,18.29,0.105728,0.107757,0.116861,0.115096,0.110491,0.100829,0.123039,0.11344,0.106758,2.6762459335110775
2021-09,ADSK,-0.080363711194998,3.0,21.0,0.6419,0.0,13.4799,75.0,19.5,0.105842,0.107779,0.117909,0.114669,0.110128,0.100848,0.122856,0.113814,0.106154,2.7190600851787607
2021-10,ADSK,0.113756602715344,10.0,16.0,0.9254,0.0,14.8064,56.0,19.64,0.105842,0.107779,0.117909,0.114669,0.110128,0.100848,0.122856,0.113814,0.106154,2.725923355583895
2021-11,ADSK,-0.19967880682327,6.0,49.0,0.5653,0.0,27.6997,93.0,20.79,0.105842,0.107779,0.117909,0.114669,0.110128,0.100848,0.122856,0.113814,0.106154,2.787647979018311
2021-12,ADSK,0.106219755854575,2.0,26.0,0.759,0.0,19.734,63.0,19.29,0.106033,0.107757,0.117726,0.114659,0.109998,0.101007,0.12279,0.113726,0.106305,2.8037888801852815
2022-01,ADSK,-0.1116682985975523,17.0,36.0,0.8247,0.0,29.6892,63.0,24.86,0.106033,0.107757,0.117726,0.114659,0.109998,0.101007,0.12279,0.113726,0.106305,2.8162677989825218
2022-02,ADSK,-0.118339398507181,1.0,39.0,0.8916,0.0,34.7724,73.0,26.0,0.106033,0.107757,0.117726,0.114659,0.109998,0.101007,0.12279,0.113726,0.106305,2.833777662508603
2022-03,ADSK,-0.0266993131639432,5.0,22.0,0.6419,0.0,14.1218,66.0,27.36,0.11203,0.102939,0.113413,0.11314,0.114692,0.095116,0.114667,0.115449,0.118553,2.8483314892020375
2022-04,ADSK,-0.11695827669868,2.0,11.0,0.8271,0.0,9.098099999999999,55.0,26.71,0.11203,0.102939,0.113413,0.11314,0.114692,0.095116,0.114667,0.115449,0.118553,2.8313411483389053
2022-05,ADSK,0.0975803113895801,4.0,21.0,0.6754,0.0,14.1834,66.0,25.5,0.11203,0.102939,0.113413,0.11314,0.114692,0.095116,0.114667,0.115449,0.118553,2.833967145096133
2022-06,ADSK,-0.1722743359139966,13.0,18.0,0.5814,0.0,10.465200000000001,56.0,25.64,0.101277,0.105503,0.120395,0.114602,0.111689,0.102434,0.124318,0.114398,0.105383,2.815064757560528
2022-07,ADSK,0.2579669625401002,11.0,13.0,0.6792,0.0,8.829600000000001,49.0,23.43,0.101277,0.105503,0.120395,0.114602,0.111689,0.102434,0.124318,0.114398,0.105383,2.8096541857837742
2022-08,ADSK,-0.0674001541115071,8.0,30.0,0.7299,0.0,21.897,63.0,22.79,0.101277,0.105503,0.120395,0.114602,0.111689,0.102434,0.124318,0.114398,0.105383,2.8359560659145995
2022-09,ADSK,-0.0740557253623773,4.0,21.0,0.6052,0.0213,12.7092,51.0,24.5,0.101383,0.105257,0.120168,0.11457,0.11191,0.102748,0.124737,0.114452,0.104775,2.9362872999771814
2022-10,ADSK,0.1472162716848586,5.0,19.0,0.8969,0.0084,17.0411,56.0,24.57,0.101383,0.105257,0.120168,0.11457,0.11191,0.102748,0.124737,0.114452,0.104775,2.95296837410522
2022-11,ADSK,-0.0576295190277381,6.0,37.0,0.6734,0.0,24.9158,60.0,25.79,0.101383,0.105257,0.120168,0.11457,0.11191,0.102748,0.124737,0.114452,0.104775,2.9580090194492326
2022-12,ADSK,-0.0746719586973776,6.0,14.0,0.8357,0.0103,11.6998,41.0,25.86,0.101552,0.105172,0.119964,0.114572,0.111783,0.103054,0.124818,0.114208,0.104876,2.9515532170982564
2023-01,ADSK,0.1513887155997462,18.0,16.0,0.5082,0.0,8.1312,49.0,27.43,0.101552,0.105172,0.119964,0.114572,0.111783,0.103054,0.124818,0.114208,0.104876,2.907530707836468
2023-02,ADSK,-0.0765476898139854,0.0,39.0,0.4455,0.0,17.3745,64.0,31.0,0.101552,0.105172,0.119964,0.114572,0.111783,0.103054,0.124818,0.114208,0.104876,2.8751879557372586
2023-03,ADSK,0.0476621928850991,7.0,23.0,0.7613,0.0,17.5099,51.0,30.57,0.113184,0.102125,0.112382,0.112748,0.114107,0.095806,0.115824,0.11461,0.119213,2.855526154560661
2023-04,ADSK,-0.0642294876093445,5.0,22.0,0.7796,0.0047,17.1512,45.0,30.14,0.113184,0.102125,0.112382,0.112748,0.114107,0.095806,0.115824,0.11461,0.119213,2.825752137714837
2023-05,ADSK,0.0236152074647826,6.0,24.0,0.8551,0.0113,20.522399999999998,53.0,31.29,0.113184,0.102125,0.112382,0.112748,0.114107,0.095806,0.115824,0.11461,0.119213,2.8413698679755663
2023-06,ADSK,0.0261798547403684,6.0,18.0,0.8141,0.0104,14.6538,54.0,32.64,0.100783,0.106307,0.120544,0.114579,0.111495,0.10248,0.124276,0.114776,0.10476,2.8308692571025955
2023-07,ADSK,0.0360686421035039,2.0,12.0,0.871,0.0867,10.452,49.0,30.57,0.100783,0.106307,0.120544,0.114579,0.111495,0.10248,0.124276,0.114776,0.10476,2.999558627654252
2023-08,ADSK,0.0469361606227376,7.0,49.0,0.825,0.0077,40.425,59.0,29.57,0.100783,0.106307,0.120544,0.114579,0.111495,0.10248,0.124276,0.114776,0.10476,3.0318757012048216
2023-09,ADSK,-0.0677209994321096,4.0,18.0,0.9187,0.0,16.5366,44.0,30.57,0.102825,0.10503,0.121571,0.113252,0.110812,0.10267,0.123941,0.115058,0.104841,2.9615195343233243
2023-10,ADSK,-0.0448504113626686,7.0,13.0,0.9302,0.0121,12.092600000000001,50.0,31.0,0.102825,0.10503,0.121571,0.113252,0.110812,0.10267,0.123941,0.115058,0.104841,2.9658719166916065
2023-11,ADSK,0.1052471147045834,2.0,44.0,0.6718,0.0107,29.559199999999997,60.0,31.86,0.102825,0.10503,0.121571,0.113252,0.110812,0.10267,0.123941,0.115058,0.104841,2.9944849205086808
2023-12,ADSK,0.1146820669858277,2.0,18.0,0.7447,0.0,13.4046,52.0,30.79,0.102942,0.104934,0.121343,0.113331,0.110803,0.102878,0.124039,0.11481,0.10492,2.9403643146611436
2024-01,ADSK,0.0424264909328084,21.0,10.0,0.8943,0.007,8.943,58.0,32.79,0.102942,0.104934,0.121343,0.113331,0.110803,0.102878,0.124039,0.11481,0.10492,2.931687901649604
2024-02,ADSK,0.017178266857412,5.0,22.0,0.823,0.005,18.105999999999998,64.0,36.07,0.102942,0.104934,0.121343,0.113331,0.110803,0.102878,0.124039,0.11481,0.10492,2.919525707173678
2024-03,ADSK,0.0087151872137536,2.0,23.0,0.7589,0.0126,17.4547,67.0,35.86,0.113192,0.102139,0.112384,0.112738,0.114111,0.095806,0.115828,0.114605,0.119197,2.9463197975736652
2024-04,ADSK,-0.1826664805753082,4.0,16.0,0.7165,0.0187,11.464,71.0,35.29,0.113192,0.102139,0.112384,0.112738,0.114111,0.095806,0.115828,0.114605,0.119197,3.0138565557228794
2024-05,ADSK,-0.0528541211059622,12.0,17.0,0.7861,0.012,13.3637,64.0,36.21,0.113192,0.102139,0.112384,0.112738,0.114111,0.095806,0.115828,0.114605,0.119197,3.0238124802546107
2024-06,ADSK,0.227430503256949,2.0,55.0,0.6849,0.0121,37.6695,98.0,34.0,0.101724,0.105471,0.122016,0.113114,0.110628,0.102603,0.124237,0.115109,0.105099,3.065864433447917
2024-07,ADSK,0.000282915033672,6.0,37.0,0.8463,0.0154,31.313100000000002,55.0,32.57,0.101724,0.105471,0.122016,0.113114,0.110628,0.102603,0.124237,0.115109,0.105099,3.0695224196641253
2024-08,ADSK,0.0439560012775659,10.0,34.0,0.8308,0.0,28.2472,70.0,33.07,0.101724,0.105471,0.122016,0.113114,0.110628,0.102603,0.124237,0.115109,0.105099,3.0615713161155003
2024-09,ADSK,0.0660991389058858,9.0,15.0,0.9967,0.0157,14.9505,67.0,35.36,0.102825,0.104988,0.121532,0.113262,0.110848,0.102632,0.123994,0.115033,0.104886,3.085561647744161
2024-10,ADSK,0.0302017441369042,2.0,21.0,0.9801,0.0198,20.5821,70.0,36.21,0.102825,0.104988,0.121532,0.113262,0.110848,0.102632,0.123994,0.115033,0.104886,3.118817480651859
2024-11,ADSK,0.0285412489496812,3.0,5.0,0.671,0.0115,3.3550000000000004,94.0,38.36,0.102825,0.104988,0.121532,0.113262,0.110848,0.102632,0.123994,0.115033,0.104886,3.1826071924049004
2024-12,ADSK,0.0125728451677729,10.0,11.0,0.8544,0.0067,9.3984,64.0,37.14,0.102942,0.104934,0.121343,0.113331,0.110803,0.102878,0.124039,0.11481,0.10492,3.2114234308245337
2025-01,ADSK,0.0533544968125718,16.0,18.0,0.9949,0.0191,17.9082,62.0,38.79,0.102942,0.104934,0.121343,0.113331,0.110803,0.102878,0.124039,0.11481,0.10492,3.225940503100495
2025-02,ADSK,-0.119258705336773,2.0,39.0,0.708,0.0117,27.612,75.0,41.43,0.102942,0.104934,0.121343,0.113331,0.110803,0.102878,0.124039,0.11481,0.10492,3.228916995576105
2025-03,ADSK,-0.0452572993283595,9.0,37.0,0.7207,0.0165,26.6659,78.0,39.86,0.113387,0.102191,0.112095,0.112897,0.114395,0.09585,0.11606,0.114375,0.118749,3.2357728842746774
2025-04,ADSK,0.0475554346353779,5.0,22.0,0.7963,0.0173,17.5186,77.0,40.07,0.113387,0.102191,0.112095,0.112897,0.114395,0.09585,0.11606,0.114375,0.118749,3.2731024241790414
2025-05,ADSK,0.0797447406278486,9.0,60.0,0.8046,0.0076,48.275999999999996,76.0,40.21,0.113387,0.102191,0.112095,0.112897,0.114395,0.09585,0.11606,0.114375,0.118749,3.3087745610460866
2025-06,ADSK,0.0454208173335559,11.0,32.0,0.8737,0.0117,27.9584,68.0,45.64,0.102064,0.104811,0.121349,0.113612,0.111168,0.102855,0.124142,0.114941,0.105058,3.319896647801208
2025-07,ADSK,-0.0208677256188146,6.0,122.0,0.7989,0.0137,97.4658,74.0,48.5,0.102064,0.104811,0.121349,0.113612,0.111168,0.102855,0.124142,0.114941,0.105058,3.3454708394675916
2025-08,ADSK,0.0382370341314426,12.0,142.0,0.7379,0.0102,104.7818,100.0,87.57,0.102064,0.104811,0.121349,0.113612,0.111168,0.102855,0.124142,0.114941,0.105058,3.393140742051199
2025-09,ADSK,0.0094375630934175,8.0,41.0,0.9632,0.0134,39.4912,94.0,86.07,0.102752,0.105295,0.121318,0.113587,0.110769,0.101928,0.124493,0.114851,0.105007,3.433471721677743
2025-10,ADSK,-0.051405598261035,10.0,37.0,0.9004,0.0167,33.3148,69.0,86.86,0.102752,0.105295,0.121318,0.113587,0.110769,0.101928,0.124493,0.114851,0.105007,3.3969343671321233
2025-11,ADSK,0.0066370213854964,13.0,91.0,0.8648,0.0112,78.6968,70.0,91.29,0.102752,0.105295,0.121318,0.113587,0.110769,0.101928,0.124493,0.114851,0.105007,3.3612064582764787
2025-12,ADSK,-0.0241642601066717,13.0,33.0,0.9389,0.0185,30.9837,61.0,86.86,0.102877,0.105264,0.121077,0.113666,0.11071,0.102222,0.124566,0.114542,0.105075,3.3035361838081085
2014-01,AMAT,-0.0486428312268348,12.0,0.0,0.0,0.0,0.0,72.0,18.14,0.12477,0.107865,0.108056,0.121647,0.113469,0.094615,0.109857,0.106608,0.113112,0.14906814625124482
2014-02,AMAT,0.1272294138870593,5.0,0.0,0.0,0.0,0.0,70.0,18.14,0.12477,0.107865,0.108056,0.121647,0.113469,0.094615,0.109857,0.106608,0.113112,0.2886425420265758
2014-03,AMAT,0.0827423451813591,7.0,0.0,0.0,0.0,0.0,71.0,17.14,0.122764,0.105033,0.110615,0.119299,0.111706,0.094455,0.117095,0.10921,0.109824,0.43427023795527836
2014-04,AMAT,-0.0666014525902582,15.0,0.0,0.0,0.0,0.0,68.0,17.21,0.122764,0.105033,0.110615,0.119299,0.111706,0.094455,0.117095,0.10921,0.109824,0.5688721049657837
2014-05,AMAT,0.0592867984513594,11.0,0.0,0.0,0.0,0.0,71.0,16.86,0.122764,0.105033,0.110615,0.119299,0.111706,0.094455,0.117095,0.10921,0.109824,0.6928526113540048
2014-06,AMAT,0.1224686429409327,31.0,0.0,0.0,0.0,0.0,73.0,18.0,0.122938,0.105118,0.110694,0.119352,0.111369,0.094485,0.117083,0.109215,0.109746,0.8423180055224107
2014-07,AMAT,-0.0705104050710542,4.0,0.0,0.0,0.0,0.0,95.0,19.29,0.122938,0.105118,0.110694,0.119352,0.111369,0.094485,0.117083,0.109215,0.109746,1.0008817445802745
2014-08,AMAT,0.1025766464954034,9.0,0.0,0.0,0.0,0.0,70.0,17.86,0.122938,0.105118,0.110694,0.119352,0.111369,0.094485,0.117083,0.109215,0.109746,1.1088797970878177
2014-09,AMAT,-0.0606566665216353,6.0,0.0,0.0,0.0,0.0,80.0,17.64,0.122567,0.104361,0.111951,0.119596,0.111278,0.094239,0.117547,0.108835,0.109627,1.2333098229895465
2014-10,AMAT,0.0222121168902547,8.0,0.0,0.0,0.0,0.0,76.0,18.14,0.122567,0.104361,0.111951,0.119596,0.111278,0.094239,0.117547,0.108835,0.109627,1.3326471538055316
2014-11,AMAT,0.0887273486312802,8.0,0.0,0.0,0.0,0.0,73.0,18.36,0.122567,0.104361,0.111951,0.119596,0.111278,0.094239,0.117547,0.108835,0.109627,1.4411318396258346
2014-12,AMAT,0.0408048160242406,7.0,0.0,0.0,0.0,0.0,68.0,17.79,0.12517,0.10636,0.108326,0.121451,0.115574,0.091696,0.111418,0.106997,0.113009,1.5366169233759712
2015-01,AMAT,-0.0834670585895469,19.0,0.0,0.0,0.0,0.0,66.0,17.21,0.12517,0.10636,0.108326,0.121451,0.115574,0.091696,0.111418,0.106997,0.113009,1.6079908101125744
2015-02,AMAT,0.0967599524581432,3.0,0.0,0.0,0.0,0.0,69.0,17.07,0.12517,0.10636,0.108326,0.121451,0.115574,0.091696,0.111418,0.106997,0.113009,1.6840999336593985
2015-03,AMAT,-0.0956547884354541,4.0,0.0,0.0,0.0,0.0,64.0,17.0,0.122206,0.104816,0.110825,0.119137,0.110605,0.095944,0.117547,0.109661,0.109259,1.7514004692615388
2015-04,AMAT,-0.1227838336874778,9.0,0.0,0.0,0.0,0.0,68.0,17.0,0.122206,0.104816,0.110825,0.119137,0.110605,0.095944,0.117547,0.109661,0.109259,1.8256692019393095
2015-05,AMAT,0.0171804850233097,13.0,0.0,0.0,0.0,0.0,66.0,17.07,0.122206,0.104816,0.110825,0.119137,0.110605,0.095944,0.117547,0.109661,0.109259,1.9037726731467766
2015-06,AMAT,-0.0404538376002228,13.0,0.0,0.0,0.0,0.0,69.0,16.36,0.122651,0.105044,0.109415,0.119803,0.110338,0.094746,0.117872,0.109718,0.110413,1.9749776789241598
2015-07,AMAT,-0.0967738256626498,7.0,1.0,0.71,0.0,0.71,64.0,16.71,0.122651,0.105044,0.109415,0.119803,0.110338,0.094746,0.117872,0.109718,0.110413,2.031836066520289
2015-08,AMAT,-0.0731566859883294,4.0,0.0,0.0,0.0,0.0,64.0,15.43,0.122651,0.105044,0.109415,0.119803,0.110338,0.094746,0.117872,0.109718,0.110413,2.0735121564829995
2015-09,AMAT,-0.0816179799468529,8.0,0.0,0.0,0.0,0.0,71.0,15.64,0.122661,0.104894,0.109886,0.119564,0.110449,0.094522,0.117919,0.109805,0.1103,2.1375665968893633
2015-10,AMAT,0.1415930503256282,5.0,1.0,0.71,0.0,0.71,70.0,16.36,0.122661,0.104894,0.109886,0.119564,0.110449,0.094522,0.117919,0.109805,0.1103,2.209835048789695
2015-11,AMAT,0.1192604427601926,3.0,0.0,0.0,0.0,0.0,68.0,16.36,0.122661,0.104894,0.109886,0.119564,0.110449,0.094522,0.117919,0.109805,0.1103,2.2289522809620332
2015-12,AMAT,0.0003108073485247,7.0,0.0,0.0,0.0,0.0,60.0,16.36,0.126717,0.10548,0.108149,0.122643,0.116273,0.091413,0.110679,0.106607,0.112039,2.254608377950908
2016-01,AMAT,-0.0546328712008454,25.0,0.0,0.0,0.0,0.0,64.0,15.93,0.126717,0.10548,0.108149,0.122643,0.116273,0.091413,0.110679,0.106607,0.112039,2.291879599074062
2016-02,AMAT,0.0691218221558973,4.0,1.0,0.71,0.0,0.71,58.0,16.14,0.126717,0.10548,0.108149,0.122643,0.116273,0.091413,0.110679,0.106607,0.112039,2.326190657618548
2016-03,AMAT,0.1284871112586554,16.0,0.0,0.0,0.0,0.0,60.0,16.21,0.122797,0.104249,0.110146,0.119685,0.110513,0.095323,0.117828,0.109514,0.109944,2.3704101937178237
2016-04,AMAT,-0.0335222343642848,5.0,0.0,0.0,0.0,0.0,60.0,16.21,0.122797,0.104249,0.110146,0.119685,0.110513,0.095323,0.117828,0.109514,0.109944,2.395410982940902
2016-05,AMAT,0.1929652328033817,17.0,3.0,0.7037,0.0,2.1111,64.0,17.0,0.122797,0.104249,0.110146,0.119685,0.110513,0.095323,0.117828,0.109514,0.109944,2.5136470286796793
2016-06,AMAT,-0.0141222361892252,10.0,2.0,0.978,0.0116,1.956,59.0,16.14,0.1224,0.104205,0.110771,0.119554,0.110625,0.094943,0.117997,0.10993,0.109573,2.7146244609351338
2016-07,AMAT,0.09678756529954,9.0,2.0,0.9605,0.0063,1.921,57.0,15.21,0.1224,0.104205,0.110771,0.119554,0.110625,0.094943,0.117997,0.10993,0.109573,2.8294064782901973
2016-08,AMAT,0.1350325163563612,8.0,3.0,0.683,0.0,2.0490000000000004,64.0,14.79,0.1224,0.104205,0.110771,0.119554,0.110625,0.094943,0.117997,0.10993,0.109573,2.9226337233284023
2016-09,AMAT,0.0138667233951423,11.0,5.0,0.921,0.0114,4.605,71.0,16.07,0.123919,0.102965,0.109807,0.119653,0.1118,0.095587,0.116778,0.110722,0.108768,3.107227515015545
2016-10,AMAT,-0.0354893106524951,4.0,0.0,0.0,0.0,0.0,67.0,17.0,0.123919,0.102965,0.109807,0.119653,0.1118,0.095587,0.116778,0.110722,0.108768,3.106455423486741
2016-11,AMAT,0.1072903297766416,4.0,4.0,0.7595,0.0,3.038,63.0,17.93,0.123919,0.102965,0.109807,0.119653,0.1118,0.095587,0.116778,0.110722,0.108768,3.168136100896688
2016-12,AMAT,0.0053807988930687,10.0,1.0,0.772,0.0159,0.772,62.0,17.21,0.122981,0.105093,0.11067,0.121957,0.116625,0.092119,0.111204,0.108079,0.111272,3.2483178540754083
2017-01,AMAT,0.0613573714270019,9.0,0.0,0.0,0.0,0.0,61.0,17.64,0.122981,0.105093,0.11067,0.121957,0.116625,0.092119,0.111204,0.108079,0.111272,3.23414974233721
2017-02,AMAT,0.0575182133090852,5.0,4.0,0.699,0.0,2.796,65.0,18.14,0.122981,0.105093,0.11067,0.121957,0.116625,0.092119,0.111204,0.108079,0.111272,3.240103216142745
2017-03,AMAT,0.0770540789545137,5.0,4.0,0.912,0.0078,3.648,64.0,19.21,0.121622,0.102391,0.110188,0.119706,0.111603,0.097149,0.118022,0.111039,0.108281,3.3346396823693016
2017-04,AMAT,0.0439586644608926,3.0,0.0,0.0,0.0,0.0,62.0,19.07,0.121622,0.102391,0.110188,0.119706,0.111603,0.097149,0.118022,0.111039,0.108281,3.281203265709953
2017-05,AMAT,0.129770930656522,17.0,4.0,0.655,0.0,2.62,68.0,19.36,0.121622,0.102391,0.110188,0.119706,0.111603,0.097149,0.118022,0.111039,0.108281,3.3140234150052716
2017-06,AMAT,-0.0975899597956629,16.0,2.0,0.8845,0.0065,1.769,68.0,20.14,0.121307,0.102432,0.110307,0.120034,0.111566,0.097194,0.118366,0.110757,0.108037,3.374095016126555
2017-07,AMAT,0.0726212981106848,4.0,3.0,0.8807,0.0073,2.6421,66.0,20.0,0.121307,0.102432,0.110307,0.120034,0.111566,0.097194,0.118366,0.110757,0.108037,3.4297338396387196
2017-08,AMAT,0.0182804524147552,2.0,3.0,0.683,0.0,2.0490000000000004,68.0,19.0,0.121307,0.102432,0.110307,0.120034,0.111566,0.097194,0.118366,0.110757,0.108037,3.456692201554897
2017-09,AMAT,0.1571485026801278,6.0,5.0,0.9468,0.0248,4.734,70.0,19.79,0.121315,0.102309,0.1107,0.119863,0.11164,0.097069,0.118374,0.110793,0.107937,3.588708938009624
2017-10,AMAT,0.0833177226298789,5.0,0.0,0.0,0.0,0.0,72.0,20.64,0.121315,0.102309,0.1107,0.119863,0.11164,0.097069,0.118374,0.110793,0.107937,3.58953366626688
2017-11,AMAT,-0.0648591305954141,1.0,4.0,0.761,0.0,3.044,76.0,22.0,0.121315,0.102309,0.1107,0.119863,0.11164,0.097069,0.118374,0.110793,0.107937,3.6209153056066885
2017-12,AMAT,-0.0296175137240816,8.0,2.0,0.587,0.0121,1.174,70.0,20.64,0.123963,0.101747,0.107512,0.122611,0.116394,0.09348,0.112226,0.109896,0.112171,3.680006767383294
2018-01,AMAT,0.0490998963261357,17.0,1.0,0.859,0.0064,0.859,79.0,21.21,0.123963,0.101747,0.107512,0.122611,0.116394,0.09348,0.112226,0.109896,0.112171,3.722123461500039
2018-02,AMAT,0.0738394296275979,6.0,5.0,0.7594,0.0,3.7969999999999997,81.0,21.64,0.123963,0.101747,0.107512,0.122611,0.116394,0.09348,0.112226,0.109896,0.112171,3.737597876070385
2018-03,AMAT,-0.0326231943486364,7.0,1.0,0.991,0.0072,0.991,82.0,21.07,0.120016,0.101421,0.111004,0.120903,0.112372,0.096858,0.118172,0.110763,0.108491,3.8039821933776423
2018-04,AMAT,-0.1068153340135303,12.0,0.0,0.0,0.0,0.0,72.0,21.0,0.120016,0.101421,0.111004,0.120903,0.112372,0.096858,0.118172,0.110763,0.108491,3.7714426166892614
2018-05,AMAT,0.0223477074958444,6.0,4.0,0.7,0.0,2.8,89.0,20.5,0.120016,0.101421,0.111004,0.120903,0.112372,0.096858,0.118172,0.110763,0.108491,3.8292038673270614
2018-06,AMAT,-0.0867551485291948,13.0,3.0,0.9593,0.0382,2.8779000000000003,75.0,19.71,0.119929,0.101043,0.110934,0.121435,0.113093,0.097219,0.117744,0.110467,0.108136,4.015550623167153
2018-07,AMAT,0.0528250499274867,7.0,2.0,0.995,0.0304,1.99,72.0,19.5,0.119929,0.101043,0.110934,0.121435,0.113093,0.097219,0.117744,0.110467,0.108136,4.31114990791474
2018-08,AMAT,-0.1153603926812981,10.0,3.0,0.601,0.0,1.803,78.0,19.29,0.119929,0.101043,0.110934,0.121435,0.113093,0.097219,0.117744,0.110467,0.108136,4.4139341253286775
2018-09,AMAT,-0.0974559273378389,12.0,2.0,0.9715,0.0,1.943,76.0,20.29,0.11996,0.100948,0.111302,0.12128,0.113136,0.097082,0.117718,0.11052,0.108054,4.553111669995084
2018-10,AMAT,-0.1492886810249573,8.0,1.0,0.994,0.0,0.994,80.0,21.07,0.11996,0.100948,0.111302,0.12128,0.113136,0.097082,0.117718,0.11052,0.108054,4.4938451599187434
2018-11,AMAT,0.1338200156637734,2.0,5.0,0.8786,0.006,4.393000000000001,72.0,21.29,0.11996,0.100948,0.111302,0.12128,0.113136,0.097082,0.117718,0.11052,0.108054,4.505489492890059
2018-12,AMAT,-0.1168432169044085,9.0,2.0,0.9365,0.0,1.873,68.0,20.07,0.126435,0.101637,0.108938,0.122359,0.116528,0.090506,0.111857,0.109761,0.111978,4.501963641405242
2019-01,AMAT,0.1936469013409218,27.0,0.0,0.0,0.0,0.0,77.0,20.43,0.126435,0.101637,0.108938,0.122359,0.116528,0.090506,0.111857,0.109761,0.111978,4.467925830580889
2019-02,AMAT,-0.0189356451807931,2.0,5.0,0.7186,0.0,3.593,73.0,21.64,0.126435,0.101637,0.108938,0.122359,0.116528,0.090506,0.111857,0.109761,0.111978,4.475146913160407
2019-03,AMAT,0.0397201027755673,3.0,2.0,0.992,0.0069,1.984,74.0,21.64,0.120383,0.101302,0.11053,0.121686,0.113087,0.096362,0.11749,0.110603,0.108557,4.469879366641976
2019-04,AMAT,0.1111951996233056,9.0,0.0,0.0,0.0,0.0,70.0,21.14,0.120383,0.101302,0.11053,0.121686,0.113087,0.096362,0.11749,0.110603,0.108557,4.369928626085892
2019-05,AMAT,-0.1220784417476273,15.0,4.0,0.6933,0.0099,2.7732,69.0,20.86,0.120383,0.101302,0.11053,0.121686,0.113087,0.096362,0.11749,0.110603,0.108557,4.399396154182093
2019-06,AMAT,0.1667017910247121,11.0,2.0,0.8065,0.0071,1.613,72.0,20.64,0.120237,0.101043,0.111007,0.121714,0.113296,0.095696,0.117663,0.110826,0.108517,4.503164184901257
2019-07,AMAT,0.0993097526727906,8.0,3.0,0.9927,0.0167,2.9781,76.0,20.71,0.120237,0.101043,0.111007,0.121714,0.113296,0.095696,0.117663,0.110826,0.108517,4.73740939390605
2019-08,AMAT,-0.0273446981204187,8.0,3.0,0.601,0.0,1.803,84.0,20.36,0.120237,0.101043,0.111007,0.121714,0.113296,0.095696,0.117663,0.110826,0.108517,4.7595304622725925
2019-09,AMAT,0.0438415017417912,9.0,1.0,0.878,0.0103,0.878,76.0,21.43,0.120666,0.102483,0.107995,0.121215,0.112908,0.09579,0.11841,0.110771,0.109763,4.881252999820513
2019-10,AMAT,0.087374560700814,4.0,0.0,0.0,0.0,0.0,79.0,21.79,0.120666,0.102483,0.107995,0.121215,0.112908,0.09579,0.11841,0.110771,0.109763,4.815984972404954
2019-11,AMAT,0.0670846673848055,3.0,4.0,0.7608,0.0062,3.0432,82.0,22.43,0.120666,0.102483,0.107995,0.121215,0.112908,0.09579,0.11841,0.110771,0.109763,4.8498878804207
2019-12,AMAT,0.0578767575044101,8.0,2.0,0.8745,0.0065,1.749,67.0,20.93,0.123956,0.101505,0.110182,0.121381,0.117131,0.090992,0.112804,0.109696,0.112352,4.815778151057354
2020-01,AMAT,-0.0499672896803262,23.0,1.0,0.402,0.012,0.402,73.0,25.93,0.123956,0.101505,0.110182,0.121381,0.117131,0.090992,0.112804,0.109696,0.112352,4.8720957131757965
2020-02,AMAT,0.0022417789356843,6.0,2.0,0.7005,0.0,1.401,82.0,25.07,0.123956,0.101505,0.110182,0.121381,0.117131,0.090992,0.112804,0.109696,0.112352,4.872394631719528
2020-03,AMAT,-0.2091467057049703,11.0,4.0,0.9952,0.0068,3.9808,73.0,20.14,0.120844,0.103102,0.108259,0.121949,0.113104,0.096673,0.116882,0.110297,0.108889,4.993294360890429
2020-04,AMAT,0.0842426870548336,5.0,0.0,0.0,0.0,0.0,76.0,20.79,0.120844,0.103102,0.108259,0.121949,0.113104,0.096673,0.116882,0.110297,0.108889,4.917576020241629
2020-05,AMAT,0.1308374352112549,7.0,5.0,0.7898,0.0095,3.949,74.0,22.21,0.120844,0.103102,0.108259,0.121949,0.113104,0.096673,0.116882,0.110297,0.108889,4.918283781074063
2020-06,AMAT,0.0802900944455178,11.0,3.0,0.9463,0.0081,2.8389,78.0,21.93,0.109895,0.10858,0.112709,0.117305,0.110156,0.099268,0.121537,0.111476,0.109073,4.888480694795824
2020-07,AMAT,0.0641852414478105,4.0,6.0,0.892,0.0189,5.352,68.0,21.71,0.109895,0.10858,0.112709,0.117305,0.110156,0.099268,0.121537,0.111476,0.109073,4.900131341006765
2020-08,AMAT,-0.0424374897642462,8.0,7.0,0.8276,0.0189,5.7932,76.0,20.71,0.109895,0.10858,0.112709,0.117305,0.110156,0.099268,0.121537,0.111476,0.109073,4.961127856415385
2020-09,AMAT,-0.0316956333103143,9.0,3.0,-0.109,0.0122,-0.327,86.0,22.07,0.11067,0.107684,0.113204,0.117845,0.110196,0.098641,0.122234,0.111344,0.108182,4.898884343384642
2020-10,AMAT,-0.0037006531082814,9.0,7.0,0.4431,0.0233,3.1017,79.0,20.5,0.11067,0.107684,0.113204,0.117845,0.110196,0.098641,0.122234,0.111344,0.108182,4.928962423647224
2020-11,AMAT,0.3925374203831873,10.0,2.0,0.8705,0.0,1.741,86.0,19.36,0.11067,0.107684,0.113204,0.117845,0.110196,0.098641,0.122234,0.111344,0.108182,4.878263402192934
2020-12,AMAT,0.0494187659392688,4.0,8.0,0.5009,0.0186,4.0072,82.0,19.07,0.124289,0.101815,0.110446,0.121129,0.11659,0.090795,0.112465,0.109918,0.112553,4.95099997144246
2021-01,AMAT,0.1202779500068582,12.0,10.0,0.6888,0.0129,6.888,69.0,18.93,0.124289,0.101815,0.110446,0.121129,0.11659,0.090795,0.112465,0.109918,0.112553,4.951558741353711
2021-02,AMAT,0.2224866384240131,13.0,20.0,0.4231,0.0,8.462,89.0,20.0,0.124289,0.101815,0.110446,0.121129,0.11659,0.090795,0.112465,0.109918,0.112553,4.910881454660315
2021-03,AMAT,0.1325285478597415,11.0,97.0,0.614,0.0085,59.558,100.0,19.79,0.10958,0.108792,0.113375,0.117636,0.110124,0.09887,0.121965,0.111181,0.108477,4.934565934601304
2021-04,AMAT,-0.0066613302923309,4.0,53.0,0.8036,0.0115,42.5908,86.0,19.36,0.10958,0.108792,0.113375,0.117636,0.110124,0.09887,0.121965,0.111181,0.108477,4.916714812771894
2021-05,AMAT,0.0408404950802261,12.0,90.0,0.5943,0.005,53.487,81.0,19.64,0.10958,0.108792,0.113375,0.117636,0.110124,0.09887,0.121965,0.111181,0.108477,4.893201295935011
2021-06,AMAT,0.0327153525930106,15.0,88.0,0.624,0.0041,54.912,96.0,20.21,0.107912,0.107686,0.116121,0.116129,0.109052,0.099824,0.123075,0.11226,0.107941,4.8854322681026865
2021-07,AMAT,-0.0173454261316068,7.0,16.0,0.7606,0.0074,12.1696,72.0,19.43,0.107912,0.107686,0.116121,0.116129,0.109052,0.099824,0.123075,0.11226,0.107941,4.866691016204661
2021-08,AMAT,-0.0343025323661146,6.0,56.0,0.5853,0.0,32.7768,81.0,18.29,0.107912,0.107686,0.116121,0.116129,0.109052,0.099824,0.123075,0.11226,0.107941,4.820670705988827
2021-09,AMAT,-0.0456194591267855,8.0,45.0,0.5849,0.0292,26.3205,83.0,19.5,0.108283,0.107446,0.115718,0.116728,0.110012,0.099231,0.123107,0.111861,0.107615,4.900560021000005
2021-10,AMAT,0.0615240398679974,7.0,29.0,0.8587,0.0125,24.9023,78.0,19.64,0.108283,0.107446,0.115718,0.116728,0.110012,0.099231,0.123107,0.111861,0.107615,4.90624316800299
2021-11,AMAT,0.0771314773232221,6.0,76.0,0.7347,0.0,55.8372,96.0,20.79,0.108283,0.107446,0.115718,0.116728,0.110012,0.099231,0.123107,0.111861,0.107615,4.86242228124623
2021-12,AMAT,0.0708202401629962,8.0,59.0,0.6063,0.0045,35.771699999999996,76.0,19.29,0.124289,0.101815,0.110446,0.121129,0.11659,0.090795,0.112465,0.109918,0.112553,4.862922624115537
2022-01,AMAT,-0.1218861887942408,9.0,67.0,0.6668,0.0038,44.675599999999996,83.0,24.86,0.124289,0.101815,0.110446,0.121129,0.11659,0.090795,0.112465,0.109918,0.112553,4.85235283946913
2022-02,AMAT,-0.0288030074132938,7.0,68.0,0.6495,0.0047,44.166,91.0,26.0,0.124289,0.101815,0.110446,0.121129,0.11659,0.090795,0.112465,0.109918,0.112553,4.861238015495489
2022-03,AMAT,-0.0161131787722224,11.0,34.0,0.7916,0.0151,26.9144,85.0,27.36,0.10746,0.108175,0.114273,0.118311,0.109625,0.100501,0.121551,0.111656,0.108448,4.915129554736318
2022-04,AMAT,-0.162746445851152,8.0,23.0,0.8567,0.0168,19.7041,76.0,26.71,0.10746,0.108175,0.114273,0.118311,0.109625,0.100501,0.121551,0.111656,0.108448,4.93971178335774
2022-05,AMAT,0.0628907651867027,16.0,54.0,0.5824,0.0077,31.4496,88.0,25.5,0.10746,0.108175,0.114273,0.118311,0.109625,0.100501,0.121551,0.111656,0.108448,4.948236740575465
2022-06,AMAT,-0.2224190441344097,12.0,22.0,0.9007,0.0148,19.8154,93.0,25.64,0.10746,0.108175,0.114273,0.118311,0.109625,0.100501,0.121551,0.111656,0.108448,4.9682994358666175
2022-07,AMAT,0.1648713911034189,4.0,46.0,0.6993,0.0098,32.1678,68.0,23.43,0.10746,0.108175,0.114273,0.118311,0.109625,0.100501,0.121551,0.111656,0.108448,4.942187288386591
2022-08,AMAT,-0.1123796068863722,4.0,77.0,0.4717,0.0122,36.3209,71.0,22.79,0.10746,0.108175,0.114273,0.118311,0.109625,0.100501,0.121551,0.111656,0.108448,4.933634150206386
2022-09,AMAT,-0.1268255531155973,6.0,26.0,0.765,0.007,19.89,80.0,24.5,0.10746,0.108175,0.114273,0.118311,0.109625,0.100501,0.121551,0.111656,0.108448,4.91921127608633
2022-10,AMAT,0.0776272697349849,4.0,80.0,0.5112,0.0211,40.896,74.0,24.57,0.10746,0.108175,0.114273,0.118311,0.109625,0.100501,0.121551,0.111656,0.108448,4.94349704230201
2022-11,AMAT,0.2413634256377888,8.0,58.0,0.6595,0.0067,38.251,79.0,25.79,0.10746,0.108175,0.114273,0.118311,0.109625,0.100501,0.121551,0.111656,0.108448,4.9324615648801675
2022-12,AMAT,-0.1093328419931091,10.0,38.0,0.7803,0.0095,29.6514,81.0,25.86,0.123917,0.102246,0.109129,0.121376,0.116858,0.092243,0.112373,0.109162,0.112696,4.938444394175857
2023-01,AMAT,0.1448961663395183,6.0,28.0,0.6382,0.0,17.8696,76.0,27.43,0.123917,0.102246,0.109129,0.121376,0.116858,0.092243,0.112373,0.109162,0.112696,4.853206071795363
2023-02,AMAT,0.0417975436976303,4.0,75.0,0.545,0.007,40.875,73.0,31.0,0.123917,0.102246,0.109129,0.121376,0.116858,0.092243,0.112373,0.109162,0.112696,4.78597368154496
2023-03,AMAT,0.0599886112155743,11.0,47.0,0.8523,0.0219,40.058099999999996,75.0,30.57,0.123099,0.101559,0.110073,0.124222,0.110314,0.096918,0.117695,0.110294,0.105825,4.822052794560163
2023-04,AMAT,-0.0797851200655466,7.0,21.0,0.6645,0.0273,13.9545,60.0,30.14,0.123099,0.101559,0.110073,0.124222,0.110314,0.096918,0.117695,0.110294,0.105825,4.802854718235005
2023-05,AMAT,0.1793327403534148,13.0,77.0,0.6148,0.0105,47.339600000000004,75.0,31.29,0.123099,0.101559,0.110073,0.124222,0.110314,0.096918,0.117695,0.110294,0.105825,4.792473372203714
2023-06,AMAT,0.0871154480942295,14.0,47.0,0.68,0.0337,31.96,80.0,32.64,0.122429,0.099225,0.111131,0.122638,0.111457,0.095904,0.118574,0.111733,0.106909,4.8228318140797946
2023-07,AMAT,0.04877567270763,6.0,41.0,0.8282,0.0356,33.9562,57.0,30.57,0.122429,0.099225,0.111131,0.122638,0.111457,0.095904,0.118574,0.111733,0.106909,4.803333471745728
2023-08,AMAT,0.0077181526135865,3.0,83.0,0.5943,0.0122,49.3269,59.0,29.57,0.122429,0.099225,0.111131,0.122638,0.111457,0.095904,0.118574,0.111733,0.106909,4.743734778849562
2023-09,AMAT,-0.0917106298087535,12.0,47.0,0.9101,0.0047,42.7747,63.0,30.57,0.122429,0.099225,0.111131,0.122638,0.111457,0.095904,0.118574,0.111733,0.106909,4.670638192053123
2023-10,AMAT,-0.044059176017652,6.0,58.0,0.9019,0.0049,52.3102,68.0,31.0,0.122429,0.099225,0.111131,0.122638,0.111457,0.095904,0.118574,0.111733,0.106909,4.6160015106510865
2023-11,AMAT,0.1316962235543533,11.0,99.0,0.6315,0.0,62.518499999999996,72.0,31.86,0.122429,0.099225,0.111131,0.122638,0.111457,0.095904,0.118574,0.111733,0.106909,4.574756366477627
2023-12,AMAT,0.0843788053166818,7.0,25.0,0.7648,0.0293,19.12,60.0,30.79,0.125217,0.102944,0.108587,0.122158,0.115715,0.092376,0.111448,0.108821,0.112733,4.551929804073048
2024-01,AMAT,0.0137596909824362,11.0,27.0,0.8681,0.0234,23.4387,76.0,32.79,0.125217,0.102944,0.108587,0.122158,0.115715,0.092376,0.111448,0.108821,0.112733,4.544275799541707
2024-02,AMAT,0.2271451628535992,6.0,77.0,0.8214,0.0259,63.2478,78.0,36.07,0.125217,0.102944,0.108587,0.122158,0.115715,0.092376,0.111448,0.108821,0.112733,4.549643926648545
2024-03,AMAT,0.0245982279662198,13.0,30.0,0.719,0.0242,21.57,69.0,35.86,0.122429,0.099225,0.111131,0.122638,0.111457,0.095904,0.118574,0.111733,0.106909,4.550472907482152
2024-04,AMAT,-0.0367550977544811,12.0,45.0,0.7674,0.0209,34.533,66.0,35.29,0.122429,0.099225,0.111131,0.122638,0.111457,0.095904,0.118574,0.111733,0.106909,4.546891938438731
2024-05,AMAT,0.0827083305491607,23.0,53.0,0.7636,0.0159,40.4708,73.0,36.21,0.122429,0.099225,0.111131,0.122638,0.111457,0.095904,0.118574,0.111733,0.106909,4.52920426653231
2024-06,AMAT,0.0992202090380567,10.0,27.0,0.8874,0.0275,23.959799999999998,75.0,34.0,0.122429,0.099225,0.111131,0.122638,0.111457,0.095904,0.118574,0.111733,0.106909,4.490150619412981
2024-07,AMAT,-0.1008095257670164,3.0,32.0,0.881,0.0209,28.192,67.0,32.57,0.122429,0.099225,0.111131,0.122638,0.111457,0.095904,0.118574,0.111733,0.106909,4.454231475956745
2024-08,AMAT,-0.0704052623876344,7.0,56.0,0.8884,0.0432,49.7504,71.0,33.07,0.122429,0.099225,0.111131,0.122638,0.111457,0.095904,0.118574,0.111733,0.106909,4.498106515695079
2024-09,AMAT,0.0262456129324957,8.0,25.0,0.9489,0.0674,23.7225,72.0,35.36,0.122429,0.099225,0.111131,0.122638,0.111457,0.095904,0.118574,0.111733,0.106909,4.6219157560381845
2024-10,AMAT,-0.101311464366475,5.0,25.0,0.9711,0.0498,24.2775,77.0,36.21,0.122429,0.099225,0.111131,0.122638,0.111457,0.095904,0.118574,0.111733,0.106909,4.677059993595254
2024-11,AMAT,-0.0378344541074883,6.0,15.0,0.0101,0.0195,0.1515,74.0,38.36,0.122429,0.099225,0.111131,0.122638,0.111457,0.095904,0.118574,0.111733,0.106909,4.61616567092254
2024-12,AMAT,-0.0669541937136236,8.0,13.0,0.5212,0.0353,6.7756,66.0,37.14,0.130316,0.103275,0.10518,0.123802,0.112769,0.095275,0.109397,0.10687,0.113116,4.621216299839242
2025-01,AMAT,0.108958974008152,18.0,51.0,0.9193,0.0375,46.8843,69.0,38.79,0.130316,0.103275,0.10518,0.123802,0.112769,0.095275,0.109397,0.10687,0.113116,4.638141298342973
2025-02,AMAT,-0.1235374901424138,11.0,67.0,0.815,0.0208,54.605,68.0,41.43,0.130316,0.103275,0.10518,0.123802,0.112769,0.095275,0.109397,0.10687,0.113116,4.6042351310179646
2025-03,AMAT,-0.079811261998686,16.0,39.0,0.9147,0.0226,35.6733,63.0,39.86,0.125079,0.100452,0.108211,0.123975,0.108536,0.096468,0.118059,0.111863,0.107356,4.537992325707075
2025-04,AMAT,0.0385200615684464,5.0,54.0,0.8975,0.023,48.464999999999996,64.0,40.07,0.125079,0.100452,0.108211,0.123975,0.108536,0.096468,0.118059,0.111863,0.107356,4.500269397055994
2025-05,AMAT,0.0400767895174321,13.0,84.0,0.7885,0.0123,66.234,66.0,40.21,0.125079,0.100452,0.108211,0.123975,0.108536,0.096468,0.118059,0.111863,0.107356,4.466967840632536
2025-06,AMAT,0.1712318091223228,9.0,99.0,0.686,0.0159,67.914,59.0,45.64,0.125079,0.100452,0.108211,0.123975,0.108536,0.096468,0.118059,0.111863,0.107356,4.408640997511723
2025-07,AMAT,-0.0164418595348924,7.0,147.0,0.8025,0.0152,117.9675,70.0,48.5,0.125079,0.100452,0.108211,0.123975,0.108536,0.096468,0.118059,0.111863,0.107356,4.375035459772979
2025-08,AMAT,-0.1071865216590616,10.0,366.0,0.7093,0.014,259.60380000000004,96.0,87.57,0.125079,0.100452,0.108211,0.123975,0.108536,0.096468,0.118059,0.111863,0.107356,4.406746132859968
2025-09,AMAT,0.2772257419776553,11.0,208.0,0.8575,0.0169,178.36,81.0,86.07,0.125079,0.100452,0.108211,0.123975,0.108536,0.096468,0.118059,0.111863,0.107356,4.412987874387178
2025-10,AMAT,0.138517118993698,7.0,240.0,0.7908,0.0217,189.79199999999997,84.0,86.86,0.125079,0.100452,0.108211,0.123975,0.108536,0.096468,0.118059,0.111863,0.107356,4.4007852007288975
2025-11,AMAT,0.0821535867457197,5.0,246.0,0.7434,0.0206,182.8764,76.0,91.29,0.125079,0.100452,0.108211,0.123975,0.108536,0.096468,0.118059,0.111863,0.107356,4.366879397844104
2025-12,AMAT,0.0207879170046563,20.0,121.0,0.8415,0.0232,101.8215,71.0,86.86,0.130805,0.105062,0.106369,0.123031,0.110954,0.09358,0.108845,0.107507,0.113848,4.3198850365016455
2014-01,AMD,-0.1136950469801667,16.0,0.0,0.0,0.0,0.0,50.0,18.14,0.124541,0.108595,0.110579,0.117768,0.10972,0.093619,0.115287,0.111822,0.10807,0.10650163607910088
2014-02,AMD,0.0816326431312546,12.0,0.0,0.0,0.0,0.0,46.0,18.14,0.124541,0.108595,0.110579,0.117768,0.10972,0.093619,0.115287,0.111822,0.10807,0.2119460699755486
2014-03,AMD,0.0808625842722912,10.0,0.0,0.0,0.0,0.0,42.0,17.14,0.12234,0.107117,0.108053,0.11927,0.109435,0.094301,0.118548,0.112825,0.108111,0.30435152639257423
2014-04,AMD,0.0199501045236503,1.0,0.0,0.0,0.0,0.0,43.0,17.21,0.12234,0.107117,0.108053,0.11927,0.109435,0.094301,0.118548,0.112825,0.108111,0.3736928757855065
2014-05,AMD,-0.0220049264621529,8.0,0.0,0.0,0.0,0.0,42.0,16.86,0.12234,0.107117,0.108053,0.11927,0.109435,0.094301,0.118548,0.112825,0.108111,0.4456762413918961
2014-06,AMD,0.0475000143051147,8.0,0.0,0.0,0.0,0.0,43.0,18.0,0.122064,0.106786,0.107784,0.118711,0.110015,0.094983,0.11874,0.112835,0.108082,0.5196335853161465
2014-07,AMD,-0.0668257679155058,6.0,0.0,0.0,0.0,0.0,41.0,19.29,0.122064,0.106786,0.107784,0.118711,0.110015,0.094983,0.11874,0.112835,0.108082,0.5843343002529165
2014-08,AMD,0.0664961597841038,3.0,0.0,0.0,0.0,0.0,44.0,17.86,0.122064,0.106786,0.107784,0.118711,0.110015,0.094983,0.11874,0.112835,0.108082,0.6497408063459441
2014-09,AMD,-0.1822541910211907,7.0,0.0,0.0,0.0,0.0,42.0,17.64,0.120791,0.10736,0.111797,0.115189,0.109292,0.094067,0.119411,0.114031,0.108062,0.7173477310851014
2014-10,AMD,-0.1788856651497139,12.0,0.0,0.0,0.0,0.0,42.0,18.14,0.120791,0.10736,0.111797,0.115189,0.109292,0.094067,0.119411,0.114031,0.108062,0.7809643017599275
2014-11,AMD,-0.0035714252262698,7.0,0.0,0.0,0.0,0.0,46.0,18.36,0.120791,0.10736,0.111797,0.115189,0.109292,0.094067,0.119411,0.114031,0.108062,0.8546453710658177
2014-12,AMD,-0.0430107122579965,4.0,0.0,0.0,0.0,0.0,48.0,17.79,0.124539,0.110748,0.110929,0.117547,0.108505,0.09401,0.114258,0.11309,0.106374,0.928977194917389
2015-01,AMD,-0.0374532360276,11.0,0.0,0.0,0.0,0.0,45.0,17.21,0.124539,0.110748,0.110929,0.117547,0.108505,0.09401,0.114258,0.11309,0.106374,0.9824010459351856
2015-02,AMD,0.2101167221322302,4.0,0.0,0.0,0.0,0.0,41.0,17.07,0.124539,0.110748,0.110929,0.117547,0.108505,0.09401,0.114258,0.11309,0.106374,1.0312452719333927
2015-03,AMD,-0.138263615062075,4.0,0.0,0.0,0.0,0.0,39.0,17.0,0.121257,0.11039,0.113536,0.11571,0.107695,0.094066,0.117089,0.113261,0.106996,1.0742121143877679
2015-04,AMD,-0.1567164424746246,2.0,0.0,0.0,0.0,0.0,42.0,17.0,0.121257,0.11039,0.113536,0.11571,0.107695,0.094066,0.117089,0.113261,0.106996,1.1144388194857884
2015-05,AMD,0.0088495491198714,3.0,0.0,0.0,0.0,0.0,41.0,17.07,0.121257,0.11039,0.113536,0.11571,0.107695,0.094066,0.117089,0.113261,0.106996,1.1576628334817816
2015-06,AMD,0.0526316339839756,5.0,0.0,0.0,0.0,0.0,42.0,16.36,0.125021,0.110905,0.111323,0.115918,0.109068,0.093226,0.115528,0.113083,0.105929,1.196103243949497
2015-07,AMD,-0.1958333871430799,0.0,6.0,0.963,0.0178,5.778,45.0,16.71,0.125021,0.110905,0.111323,0.115918,0.109068,0.093226,0.115528,0.113083,0.105929,1.443264499444275
2015-08,AMD,-0.0621761699635448,0.0,3.0,0.9957,0.0386,2.9871,44.0,15.43,0.125021,0.110905,0.111323,0.115918,0.109068,0.093226,0.115528,0.113083,0.105929,1.755655865040325
2015-09,AMD,-0.0497237110577486,1.0,11.0,0.9973,0.0054,10.9703,39.0,15.64,0.124154,0.110307,0.111679,0.113672,0.107604,0.094495,0.115726,0.11544,0.106924,2.0191471665995766
2015-10,AMD,0.2325580524972752,5.0,8.0,0.9915,0.0102,7.932,39.0,16.36,0.124154,0.110307,0.111679,0.113672,0.107604,0.094495,0.115726,0.11544,0.106924,2.2681239382765495
2015-11,AMD,0.1132075577793962,2.0,5.0,0.9876,0.013,4.938000000000001,45.0,16.36,0.124154,0.110307,0.111679,0.113672,0.107604,0.094495,0.115726,0.11544,0.106924,2.3838750963232602
2015-12,AMD,0.216101700480181,4.0,4.0,0.9965,0.0097,3.986,46.0,16.36,0.125412,0.10898,0.110548,0.116147,0.110854,0.092778,0.114935,0.11269,0.107657,2.5290035216189333
2016-01,AMD,-0.2334494301712659,6.0,6.0,0.9925,0.0128,5.955,37.0,15.93,0.125412,0.10898,0.110548,0.116147,0.110854,0.092778,0.114935,0.11269,0.107657,2.574750999749254
2016-02,AMD,-0.0272727006723079,1.0,6.0,0.992,0.0155,5.952,37.0,16.14,0.125412,0.10898,0.110548,0.116147,0.110854,0.092778,0.114935,0.11269,0.107657,2.7312801971578073
2016-03,AMD,0.3317755910858639,2.0,10.0,0.9959,0.0213,9.959,36.0,16.21,0.123899,0.108625,0.113716,0.114588,0.108623,0.09405,0.115463,0.114733,0.106303,2.9879539293156254
2016-04,AMD,0.2456140600376484,4.0,6.0,0.9895,0.0067,5.937,35.0,16.21,0.123899,0.108625,0.113716,0.114588,0.108623,0.09405,0.115463,0.114733,0.106303,3.053146669964942
2016-05,AMD,0.2873240093086673,4.0,4.0,0.9812,0.0432,3.9248,39.0,17.0,0.123899,0.108625,0.113716,0.114588,0.108623,0.09405,0.115463,0.114733,0.106303,3.3137775488053416
2016-06,AMD,0.1247264055609436,5.0,8.0,0.995,0.0,7.96,41.0,16.14,0.123841,0.108067,0.11279,0.115286,0.109651,0.095063,0.116162,0.11428,0.104861,3.435070692020868
2016-07,AMD,0.3346304108378966,3.0,8.0,0.9932,0.0108,7.9456,38.0,15.21,0.123841,0.108067,0.11279,0.115286,0.109651,0.095063,0.116162,0.11428,0.104861,3.576201471318077
2016-08,AMD,0.0787171940733451,6.0,6.0,0.9958,0.0,5.9748,38.0,14.79,0.123841,0.108067,0.11279,0.115286,0.109651,0.095063,0.116162,0.11428,0.104861,3.685143796660702
2016-09,AMD,-0.0662162488703309,2.0,10.0,0.9943,0.0,9.943,37.0,16.07,0.125875,0.107402,0.1124,0.115742,0.109536,0.094133,0.11473,0.114818,0.105364,3.775779036164598
2016-10,AMD,0.046309721957696,3.0,9.0,0.995,0.0059,8.955,38.0,17.0,0.125875,0.107402,0.1124,0.115742,0.109536,0.094133,0.11473,0.114818,0.105364,3.890307494837298
2016-11,AMD,0.2323651208722834,3.0,5.0,0.9862,0.0214,4.931,38.0,17.93,0.125875,0.107402,0.1124,0.115742,0.109536,0.094133,0.11473,0.114818,0.105364,3.96622387771617
2016-12,AMD,0.272727311648784,1.0,6.0,0.9978,0.0137,5.986800000000001,42.0,17.21,0.125971,0.109768,0.107986,0.118094,0.110598,0.093951,0.114495,0.111925,0.107212,4.0731146861838035
2017-01,AMD,-0.0855379412677914,5.0,5.0,0.9936,0.0087,4.968,40.0,17.64,0.125971,0.109768,0.107986,0.118094,0.110598,0.093951,0.114495,0.111925,0.107212,4.09990047913222
2017-02,AMD,0.3944069621720525,6.0,4.0,0.9948,0.0,3.9792,48.0,18.14,0.125971,0.109768,0.107986,0.118094,0.110598,0.093951,0.114495,0.111925,0.107212,4.031861971074677
2017-03,AMD,0.0062240769260346,3.0,6.0,0.9898,0.0,5.9388000000000005,44.0,19.21,0.125971,0.109768,0.107986,0.118094,0.110598,0.093951,0.114495,0.111925,0.107212,4.0623134046689735
2017-04,AMD,-0.0859106517947658,0.0,6.0,0.9832,0.0,5.8991999999999996,41.0,19.07,0.125971,0.109768,0.107986,0.118094,0.110598,0.093951,0.114495,0.111925,0.107212,4.115631954048239
2017-05,AMD,-0.1586466601573017,1.0,6.0,0.9872,0.0,5.9232,39.0,19.36,0.125971,0.109768,0.107986,0.118094,0.110598,0.093951,0.114495,0.111925,0.107212,4.0605692729316125
2017-06,AMD,0.11528150225443,2.0,5.0,0.9972,0.0071,4.986,41.0,20.14,0.125249,0.109937,0.112338,0.115876,0.109608,0.093879,0.114885,0.113212,0.105016,4.041977147692724
2017-07,AMD,0.0905448842859837,2.0,8.0,0.9925,0.0063,7.94,40.0,20.0,0.125249,0.109937,0.112338,0.115876,0.109608,0.093879,0.114885,0.113212,0.105016,4.12303290672487
2017-08,AMD,-0.0448199612097691,6.0,7.0,0.9919,0.0,6.9433,39.0,19.0,0.125249,0.109937,0.112338,0.115876,0.109608,0.093879,0.114885,0.113212,0.105016,4.190209614624355
2017-09,AMD,-0.0192307692307692,1.0,0.0,0.0,0.0,0.0,37.0,19.79,0.1247365,0.109357506,0.1127895,0.114407,0.1093255,0.092328,0.1170685,0.1152165,0.1047705,4.045405155575202
2017-10,AMD,-0.138039233637791,3.0,5.0,0.9942,0.0099,4.971,37.0,20.64,0.1247365,0.109357506,0.1127895,0.114407,0.1093255,0.092328,0.1170685,0.1152165,0.1047705,4.045769987084061
2017-11,AMD,-0.0090991291972735,5.0,7.0,0.989,0.0,6.923,42.0,22.0,0.1247365,0.109357506,0.1127895,0.114407,0.1093255,0.092328,0.1170685,0.1152165,0.1047705,4.0217067634773995
2017-12,AMD,-0.0560147466593595,5.0,4.0,0.9955,0.0063,3.982,41.0,20.64,0.126655,0.110434,0.106671,0.118966,0.109888,0.092977,0.114955,0.112008,0.107446,4.108798655653798
2018-01,AMD,0.3365758879399252,6.0,9.0,0.8302,0.0065,7.4718,44.0,21.21,0.126655,0.110434,0.106671,0.118966,0.109888,0.092977,0.114955,0.112008,0.107446,4.130454584550284
2018-02,AMD,-0.1186317424740588,1.0,13.0,0.4481,0.0134,5.8253,37.0,21.64,0.126655,0.110434,0.106671,0.118966,0.109888,0.092977,0.114955,0.112008,0.107446,4.095018121887055
2018-03,AMD,-0.1701073100201563,7.0,8.0,0.2985,0.0,2.388,36.0,21.07,0.125004,0.108124,0.111682,0.114796,0.109738,0.092268,0.118383,0.114789,0.105218,4.018353139080202
2018-04,AMD,0.0825870555177934,2.0,10.0,0.9906,0.0,9.906,33.0,21.0,0.125004,0.108124,0.111682,0.114796,0.109738,0.092268,0.118383,0.114789,0.105218,4.060897230338574
2018-05,AMD,0.2619484740641347,7.0,4.0,0.9788,0.0087,3.9152,33.0,20.5,0.125004,0.108124,0.111682,0.114796,0.109738,0.092268,0.118383,0.114789,0.105218,4.018577832689021
2018-06,AMD,0.0917698667800981,3.0,8.0,0.9925,0.0,7.94,34.0,19.71,0.125187,0.108968,0.112161,0.114209,0.109251,0.092217,0.117936,0.114891,0.10518,4.077062490121688
2018-07,AMD,0.2228152237215641,1.0,3.0,0.9887,0.0061,2.9661,32.0,19.5,0.125187,0.108968,0.112161,0.114209,0.109251,0.092217,0.117936,0.114891,0.10518,4.148096982175799
2018-08,AMD,0.3731587660151469,0.0,6.0,0.9935,0.0,5.961,35.0,19.29,0.125187,0.108968,0.112161,0.114209,0.109251,0.092217,0.117936,0.114891,0.10518,4.16592388389502
2018-09,AMD,0.2272546402867039,2.0,3.0,0.9867,0.0,2.9601,39.0,20.29,0.125109,0.108975,0.112153,0.114237,0.109395,0.092226,0.117887,0.114855,0.105164,4.201636873762454
2018-10,AMD,-0.410488849327235,6.0,7.0,0.9929,0.0,6.9503,38.0,21.07,0.125109,0.108975,0.112153,0.114237,0.109395,0.092226,0.117887,0.114855,0.105164,4.218828879076465
2018-11,AMD,0.1696870020835243,1.0,11.0,0.9921,0.0121,10.9131,39.0,21.29,0.125109,0.108975,0.112153,0.114237,0.109395,0.092226,0.117887,0.114855,0.105164,4.283488823147188
2018-12,AMD,-0.1333333452729183,3.0,4.0,0.9938,0.0,3.9752,37.0,20.07,0.127641,0.109489,0.11024,0.116724,0.111165,0.089817,0.115718,0.113082,0.106124,4.290911227811469
2019-01,AMD,0.3223185838586635,6.0,10.0,0.9465,0.0051,9.465,39.0,20.43,0.127641,0.109489,0.11024,0.116724,0.111165,0.089817,0.115718,0.113082,0.106124,4.370071137660335
2019-02,AMD,-0.0360507646975629,2.0,4.0,0.9828,0.0175,3.9312,36.0,21.64,0.127641,0.109489,0.11024,0.116724,0.111165,0.089817,0.115718,0.113082,0.106124,4.384946170319054
2019-03,AMD,0.0845728734826425,3.0,3.0,0.9977,0.0349,2.9931,34.0,21.64,0.124542,0.109321,0.112018,0.115743,0.11002,0.094649,0.116293,0.113304,0.10411,4.416515712049403
2019-04,AMD,0.082680198477858,2.0,7.0,0.9933,0.0047,6.9531,33.0,21.14,0.124542,0.109321,0.112018,0.115743,0.11002,0.094649,0.116293,0.113304,0.10411,4.450343372050901
2019-05,AMD,-0.0079623351442905,5.0,6.0,0.9748,0.0,5.8488,35.0,20.86,0.124542,0.109321,0.112018,0.115743,0.11002,0.094649,0.116293,0.113304,0.10411,4.40020889705491
2019-06,AMD,0.1079898215359076,6.0,6.0,0.9713,0.0058,5.8278,39.0,20.64,0.125254,0.111602,0.11178,0.114813,0.109515,0.094367,0.116448,0.112843,0.103378,4.4825734811940805
2019-07,AMD,0.0026341758806509,3.0,4.0,0.99,0.0056,3.96,40.0,20.71,0.125254,0.111602,0.11178,0.114813,0.109515,0.094367,0.116448,0.112843,0.103378,4.575167204734357
2019-08,AMD,0.0328407216730548,2.0,2.0,0.9955,0.0,1.991,39.0,20.36,0.125254,0.111602,0.11178,0.114813,0.109515,0.094367,0.116448,0.112843,0.103378,4.475857883454876
2019-09,AMD,-0.0782194255053928,0.0,3.0,0.9837,0.0,2.9511000000000003,35.0,21.43,0.121269,0.111568,0.110877,0.118239,0.109985,0.097055,0.116788,0.111656,0.102563,4.508546672390747
2019-10,AMD,0.1704036072114489,5.0,5.0,0.9918,0.0,4.959,35.0,21.79,0.121269,0.111568,0.110877,0.118239,0.109985,0.097055,0.116788,0.111656,0.102563,4.474605884048471
2019-11,AMD,0.1538461884395223,1.0,6.0,0.9892,0.0,5.9352,41.0,22.43,0.121269,0.111568,0.110877,0.118239,0.109985,0.097055,0.116788,0.111656,0.102563,4.471618462326074
2019-12,AMD,0.1713920516717533,6.0,7.0,0.989,0.0,6.923,41.0,20.93,0.126552,0.110193,0.10952,0.117784,0.110838,0.092814,0.114498,0.11222,0.10558,4.523327795039959
2020-01,AMD,0.0248582506427423,6.0,7.0,0.8509,0.0,5.9563,43.0,25.93,0.126552,0.110193,0.10952,0.117784,0.110838,0.092814,0.114498,0.11222,0.10558,4.5808165499409785
2020-02,AMD,-0.0323404352715674,1.0,5.0,0.9858,0.0,4.929,41.0,25.07,0.126552,0.110193,0.10952,0.117784,0.110838,0.092814,0.114498,0.11222,0.10558,4.620038467511412
2020-03,AMD,0.0,1.0,3.0,0.997,0.0168,2.991,43.0,20.14,0.119428,0.113287,0.111335,0.119202,0.108838,0.097268,0.116272,0.110712,0.103657,4.659469406059784
2020-04,AMD,0.1519349146209849,2.0,9.0,0.9892,0.0,8.9028,49.0,20.79,0.119428,0.113287,0.111335,0.119202,0.108838,0.097268,0.116272,0.110712,0.103657,4.663943797173258
2020-05,AMD,0.0269135305180152,3.0,5.0,0.982,0.006,4.91,50.0,22.21,0.119428,0.113287,0.111335,0.119202,0.108838,0.097268,0.116272,0.110712,0.103657,4.612277871137372
2020-06,AMD,-0.0221189338956206,1.0,7.0,0.9971,0.0062,6.9797,48.0,21.93,0.119902,0.113411,0.110955,0.118923,0.108743,0.096484,0.116181,0.111429,0.103973,4.566397672888545
2020-07,AMD,0.4717734158311457,0.0,7.0,0.9926,0.0,6.9482,54.0,21.71,0.119902,0.113411,0.110955,0.118923,0.108743,0.096484,0.116181,0.111429,0.103973,4.458025102570309
2020-08,AMD,0.1729303801740187,1.0,5.0,0.9518,0.0,4.759,49.0,20.71,0.119902,0.113411,0.110955,0.118923,0.108743,0.096484,0.116181,0.111429,0.103973,4.353378885986513
2020-09,AMD,-0.0972253012632183,4.0,9.0,0.8387,0.0,7.5483,52.0,22.07,0.121285,0.113038,0.112659,0.117413,0.107974,0.09603,0.11535,0.112691,0.103559,4.251169889022883
2020-10,AMD,-0.0817172475034645,1.0,16.0,0.8023,0.0,12.8368,54.0,20.5,0.121285,0.113038,0.112659,0.117413,0.107974,0.09603,0.11535,0.112691,0.103559,4.2219971390276685
2020-11,AMD,0.2307079630145116,8.0,7.0,0.9216,0.0144,6.4512,55.0,19.36,0.121285,0.113038,0.112659,0.117413,0.107974,0.09603,0.11535,0.112691,0.103559,4.21810795891013
2020-12,AMD,-0.0102525851509889,3.0,9.0,0.9863,0.0089,8.8767,48.0,19.07,0.125152,0.111233,0.10882,0.117097,0.111026,0.093518,0.114995,0.112513,0.105646,4.193837379298844
2021-01,AMD,-0.0661868908016587,7.0,32.0,0.8472,0.0067,27.1104,48.0,18.93,0.125152,0.111233,0.10882,0.117097,0.111026,0.093518,0.114995,0.112513,0.105646,4.191712436755195
2021-02,AMD,-0.0131947368224123,1.0,13.0,0.7447,0.0359,9.6811,46.0,20.0,0.125152,0.111233,0.10882,0.117097,0.111026,0.093518,0.114995,0.112513,0.105646,4.256622231751541
2021-03,AMD,-0.0711158677589703,2.0,89.0,0.7326,0.0106,65.2014,44.0,19.79,0.119473,0.113477,0.111661,0.11595,0.109259,0.095625,0.116802,0.113904,0.103848,4.187769614795573
2021-04,AMD,0.0397452579182424,1.0,173.0,0.5358,0.0166,92.69340000000001,41.0,19.36,0.119473,0.113477,0.111661,0.11595,0.109259,0.095625,0.116802,0.113904,0.103848,4.1266739323089965
2021-05,AMD,-0.0188679351103284,2.0,108.0,0.7513,0.0085,81.1404,38.0,19.64,0.119473,0.113477,0.111661,0.11595,0.109259,0.095625,0.116802,0.113904,0.103848,4.044694470279611
2021-06,AMD,0.1729520249430129,8.0,155.0,0.7415,0.0056,114.9325,41.0,20.21,0.121283,0.111874,0.1107,0.116522,0.10977,0.095835,0.11631,0.113498,0.104208,3.9821936122485604
2021-07,AMD,0.1305227520110516,1.0,210.0,0.5468,0.0103,114.82799999999999,41.0,19.43,0.121283,0.111874,0.1107,0.116522,0.10977,0.095835,0.11631,0.113498,0.104208,3.9656158344236063
2021-08,AMD,0.0426593716465582,3.0,127.0,0.67,0.0064,85.09,42.0,18.29,0.121283,0.111874,0.1107,0.116522,0.10977,0.095835,0.11631,0.113498,0.104208,3.921969098651638
2021-09,AMD,-0.0706286091817888,7.0,149.0,0.5785,0.0075,86.1965,37.0,19.5,0.120976,0.11157,0.111037,0.115973,0.110013,0.09614,0.116657,0.113263,0.104371,3.8708876806223365
2021-10,AMD,0.1684159531008002,1.0,234.0,0.5381,0.0085,125.9154,41.0,19.64,0.120976,0.11157,0.111037,0.115973,0.110013,0.09614,0.116657,0.113263,0.104371,3.844309560154515
2021-11,AMD,0.3172252407498115,4.0,223.0,0.7881,0.0086,175.74630000000002,42.0,20.79,0.120976,0.11157,0.111037,0.115973,0.110013,0.09614,0.116657,0.113263,0.104371,3.8214282494650944
2021-12,AMD,-0.0913683252310255,3.0,257.0,0.7174,0.0057,184.3718,39.0,19.29,0.122595,0.111051,0.109527,0.118241,0.111207,0.093401,0.117746,0.111743,0.104489,3.8343026933529645
2022-01,AMD,-0.2060458315086054,4.0,331.0,0.6897,0.0072,228.2907,48.0,24.86,0.122595,0.111051,0.109527,0.118241,0.111207,0.093401,0.117746,0.111743,0.104489,3.8940485874920183
2022-02,AMD,0.0795623311850382,4.0,311.0,0.6756,0.0079,210.11159999999998,50.0,26.0,0.122595,0.111051,0.109527,0.118241,0.111207,0.093401,0.117746,0.111743,0.104489,3.946519581215173
2022-03,AMD,-0.113507381349736,1.0,251.0,0.7696,0.0089,193.16959999999997,51.0,27.36,0.118528,0.111345,0.111838,0.115618,0.109384,0.096238,0.120338,0.113884,0.102827,3.9786243552261014
2022-04,AMD,-0.2178525744706801,2.0,176.0,0.6215,0.0121,109.38400000000001,45.0,26.71,0.118528,0.111345,0.111838,0.115618,0.109384,0.096238,0.120338,0.113884,0.102827,3.977289822323148
2022-05,AMD,0.1910664711024627,5.0,245.0,0.6937,0.0061,169.9565,43.0,25.5,0.118528,0.111345,0.111838,0.115618,0.109384,0.096238,0.120338,0.113884,0.102827,3.972185042038398
2022-06,AMD,-0.2492636877823478,5.0,181.0,0.6298,0.0113,113.99380000000001,44.0,25.64,0.118353,0.111082,0.112402,0.11619,0.109968,0.095794,0.120362,0.112725,0.103124,3.9421926187718532
2022-07,AMD,0.235386422291919,7.0,184.0,0.5045,0.0156,92.82799999999999,42.0,23.43,0.118353,0.111082,0.112402,0.11619,0.109968,0.095794,0.120362,0.112725,0.103124,3.966891604280908
2022-08,AMD,-0.1016195443005588,3.0,198.0,0.5142,0.0123,101.8116,43.0,22.79,0.118353,0.111082,0.112402,0.11619,0.109968,0.095794,0.120362,0.112725,0.103124,3.965071364954313
2022-09,AMD,-0.2534464644764812,2.0,169.0,0.5752,0.0313,97.20880000000001,43.0,24.5,0.118091,0.11132,0.112758,0.116277,0.10938,0.095801,0.119707,0.112576,0.10409,4.079269907109027
2022-10,AMD,-0.0520833207902684,4.0,238.0,0.302,0.0156,71.876,40.0,24.57,0.118091,0.11132,0.112758,0.116277,0.10938,0.095801,0.119707,0.112576,0.10409,4.053948746884799
2022-11,AMD,0.292540717255801,10.0,199.0,0.6033,0.0076,120.05669999999999,46.0,25.79,0.118091,0.11132,0.112758,0.116277,0.10938,0.095801,0.119707,0.112576,0.10409,4.051638169223201
2022-12,AMD,-0.1656576203187402,2.0,128.0,0.6075,0.0189,77.76,42.0,25.86,0.121101,0.11018,0.110881,0.117534,0.112363,0.092263,0.118341,0.112502,0.104834,4.055541458441176
2023-01,AMD,0.1602594630352458,6.0,198.0,0.4865,0.0173,96.327,44.0,27.43,0.121101,0.11018,0.110881,0.117534,0.112363,0.092263,0.118341,0.112502,0.104834,4.087485024866756
2023-02,AMD,0.0456420523690157,7.0,166.0,0.5009,0.0344,83.1494,42.0,31.0,0.121101,0.11018,0.110881,0.117534,0.112363,0.092263,0.118341,0.112502,0.104834,4.140361452009041
2023-03,AMD,0.2472639329654109,3.0,188.0,0.5691,0.0169,106.99080000000001,41.0,30.57,0.121101,0.11018,0.110881,0.117534,0.112363,0.092263,0.118341,0.112502,0.104834,4.12070275348564
2023-04,AMD,-0.0881542618235957,3.0,128.0,0.6995,0.0213,89.536,38.0,30.14,0.121101,0.11018,0.110881,0.117534,0.112363,0.092263,0.118341,0.112502,0.104834,4.096250890140285
2023-05,AMD,0.3227033171260993,8.0,266.0,0.5034,0.0422,133.90439999999998,40.0,31.29,0.121101,0.11018,0.110881,0.117534,0.112363,0.092263,0.118341,0.112502,0.104834,4.174115607845981
2023-06,AMD,-0.0363759026788462,10.0,300.0,0.6486,0.0779,194.57999999999998,42.0,32.64,0.118897,0.110891,0.112482,0.117891,0.109454,0.095691,0.118472,0.112703,0.103518,4.3023269505567265
2023-07,AMD,0.0043016227549514,4.0,169.0,0.7175,0.0467,121.25750000000001,42.0,30.57,0.118897,0.110891,0.112482,0.117891,0.109454,0.095691,0.118472,0.112703,0.103518,4.323395960971981
2023-08,AMD,-0.0758741275297294,1.0,241.0,0.6615,0.0399,159.42149999999998,45.0,29.57,0.118897,0.110891,0.112482,0.117891,0.109454,0.095691,0.118472,0.112703,0.103518,4.375532088095664
2023-09,AMD,-0.0274309637948717,4.0,197.0,0.6147,0.0452,121.0959,44.0,30.57,0.120325,0.109775,0.111126,0.118002504,0.109018505,0.096047,0.119086,0.1123845,0.104235,4.421888877077154
2023-10,AMD,-0.0420151693021418,12.0,271.0,0.5949,0.0494,161.2179,43.0,31.0,0.120325,0.109775,0.111126,0.118002504,0.109018505,0.096047,0.119086,0.1123845,0.104235,4.529185154344631
2023-11,AMD,0.2300507986000952,8.0,286.0,0.6137,0.0427,175.5182,44.0,31.86,0.120325,0.109775,0.111126,0.118002504,0.109018505,0.096047,0.119086,0.1123845,0.104235,4.603502889063013
2023-12,AMD,0.2166556553861283,8.0,304.0,0.6739,0.066,204.86560000000003,48.0,30.79,0.123064,0.111708,0.110576,0.117792,0.112029,0.092148,0.115484,0.112088,0.10511,4.723729320707366
2024-01,AMD,0.1375754580793737,13.0,409.0,0.6825,0.0636,279.1425,52.0,32.79,0.123064,0.111708,0.110576,0.117792,0.112029,0.092148,0.115484,0.112088,0.10511,4.85424238381982
2024-02,AMD,0.1481304548645954,5.0,282.0,0.6956,0.0627,196.1592,52.0,36.07,0.123064,0.111708,0.110576,0.117792,0.112029,0.092148,0.115484,0.112088,0.10511,4.932572177554494
2024-03,AMD,-0.0625356742454178,5.0,234.0,0.691,0.0593,161.694,55.0,35.86,0.119753,0.112675,0.11328,0.115199,0.110108,0.094373,0.117164,0.113343,0.104106,5.027263273522684
2024-04,AMD,-0.1224998611415575,8.0,239.0,0.6614,0.0642,158.0746,47.0,35.29,0.119753,0.112675,0.11328,0.115199,0.110108,0.094373,0.117164,0.113343,0.104106,5.115240527923477
2024-05,AMD,0.0537946000189601,11.0,261.0,0.6858,0.0612,178.9938,46.0,36.21,0.119753,0.112675,0.11328,0.115199,0.110108,0.094373,0.117164,0.113343,0.104106,5.165731843528935
2024-06,AMD,-0.0281005833081458,3.0,292.0,0.7372,0.0768,215.26239999999999,47.0,34.0,0.119956,0.111867,0.113701,0.115489,0.110301,0.093957,0.115813,0.114931,0.103985,5.219308857443528
2024-07,AMD,-0.1093028188920751,7.0,282.0,0.7059,0.0654,199.0638,51.0,32.57,0.119956,0.111867,0.113701,0.115489,0.110301,0.093957,0.115813,0.114931,0.103985,5.2910603758984935
2024-08,AMD,0.0282392161662903,9.0,223.0,0.7007,0.0696,156.2561,56.0,33.07,0.119956,0.111867,0.113701,0.115489,0.110301,0.093957,0.115813,0.114931,0.103985,5.369075820218037
2024-09,AMD,0.1044696050586542,9.0,127.0,0.8353,0.0627,106.0831,49.0,35.36,0.120706,0.112077,0.114323,0.113692,0.109945,0.094004,0.115181,0.115666,0.104405,5.397934086010751
2024-10,AMD,-0.121952671157569,13.0,136.0,0.769,0.0695,104.584,54.0,36.21,0.120706,0.112077,0.114323,0.113692,0.109945,0.094004,0.115181,0.115666,0.104405,5.449201560592923
2024-11,AMD,-0.0478240737014196,27.0,33.0,0.2883,0.0734,9.5139,62.0,38.36,0.120706,0.112077,0.114323,0.113692,0.109945,0.094004,0.115181,0.115666,0.104405,5.492687411619363
2024-12,AMD,-0.1194780043398231,8.0,46.0,0.3376,0.0459,15.5296,63.0,37.14,0.124739,0.111383,0.110142,0.116319,0.111244,0.091556,0.114679,0.114205,0.105733,5.49479018640613
2025-01,AMD,-0.0400695747214203,19.0,187.0,0.6555,0.0735,122.57849999999999,61.0,38.79,0.124739,0.111383,0.110142,0.116319,0.111244,0.091556,0.114679,0.114205,0.105733,5.572537143794083
2025-02,AMD,-0.1387666818574637,6.0,228.0,0.6685,0.059,152.418,65.0,41.43,0.124739,0.111383,0.110142,0.116319,0.111244,0.091556,0.114679,0.114205,0.105733,5.61623061857834
2025-03,AMD,0.0288403488465374,11.0,218.0,0.7076,0.0589,154.2568,64.0,39.86,0.1211,0.111831,0.114141,0.113511,0.110321,0.092862,0.115742,0.115173,0.105319,5.640454238024992
2025-04,AMD,-0.0524625219166875,10.0,267.0,0.5852,0.0524,156.2484,55.0,40.07,0.1211,0.111831,0.114141,0.113511,0.110321,0.092862,0.115742,0.115173,0.105319,5.673601452443081
2025-05,AMD,0.1374422711097356,9.0,419.0,0.7725,0.0625,323.6775,56.0,40.21,0.1211,0.111831,0.114141,0.113511,0.110321,0.092862,0.115742,0.115173,0.105319,5.755781096034956
2025-06,AMD,0.28149543569574,18.0,538.0,0.7796,0.0567,419.4248,57.0,45.64,0.12104,0.11197,0.112461,0.115263,0.110697,0.094431,0.115749,0.113773,0.104617,5.845932481539455
2025-07,AMD,0.2424947508257919,15.0,1000.0,0.8137,0.0611,813.6999999999999,62.0,48.5,0.12104,0.11197,0.112461,0.115263,0.110697,0.094431,0.115749,0.113773,0.104617,6.044943366716714
2025-08,AMD,-0.0775905669854877,6.0,1000.0,0.8165,0.0308,816.5,88.0,87.57,0.12104,0.11197,0.112461,0.115263,0.110697,0.094431,0.115749,0.113773,0.104617,6.167478336001885
2025-09,AMD,-0.0051651698423361,8.0,1000.0,0.8859,0.0552,885.9,81.0,86.07,0.120552,0.112727,0.112124,0.116274,0.110312,0.094555,0.11594,0.113125,0.104392,6.3798428093541455
2025-10,AMD,0.5830397783886911,15.0,1000.0,0.9127,0.0715,912.6999999999999,100.0,86.86,0.120552,0.112727,0.112124,0.116274,0.110312,0.094555,0.11594,0.113125,0.104392,6.609661459788311
2025-11,AMD,-0.1506715487802262,20.0,1000.0,0.8377,0.037,837.7,95.0,91.29,0.120552,0.112727,0.112124,0.116274,0.110312,0.094555,0.11594,0.113125,0.104392,6.75597191461294
2025-12,AMD,-0.0154920936702925,21.0,966.0,0.8685,0.0792,838.971,82.0,86.86,0.09968,0.103523,0.11532,0.1142,0.109108,0.110981,0.122675,0.115834,0.10868,6.968742370390619
2014-01,AMZN,-0.1005542258730379,37.0,0.0,0.0,0.0,0.0,12.0,18.14,0.109612,0.115183,0.107615,0.114196,0.110797,0.103835,0.129993,0.10024,0.108528,0.039593114241001565
2014-02,AMZN,0.0095068055480667,7.0,0.0,0.0,0.0,0.0,13.0,18.14,0.109612,0.115183,0.107615,0.114196,0.110797,0.103835,0.129993,0.10024,0.108528,0.07357915969938933
2014-03,AMZN,-0.0710576667199733,12.0,0.0,0.0,0.0,0.0,9.0,17.14,0.105371,0.11203,0.117814,0.112356,0.107122,0.097247,0.12527,0.114782,0.108009,0.10600861857390391
2014-04,AMZN,-0.0958468600450591,5.0,0.0,0.0,0.0,0.0,17.0,17.21,0.105371,0.11203,0.117814,0.112356,0.107122,0.097247,0.12527,0.114782,0.108009,0.1402560600660432
2014-05,AMZN,0.0276854980106515,5.0,0.0,0.0,0.0,0.0,13.0,16.86,0.105371,0.11203,0.117814,0.112356,0.107122,0.097247,0.12527,0.114782,0.108009,0.1623895182302528
2014-06,AMZN,0.0391297876481062,20.0,0.0,0.0,0.0,0.0,14.0,18.0,0.105371,0.11203,0.117814,0.112356,0.107122,0.097247,0.12527,0.114782,0.108009,0.20285390577522466
2014-07,AMZN,-0.036301521991122,8.0,0.0,0.0,0.0,0.0,15.0,19.29,0.105371,0.11203,0.117814,0.112356,0.107122,0.097247,0.12527,0.114782,0.108009,0.2329346570477287
2014-08,AMZN,0.0832294820925929,6.0,0.0,0.0,0.0,0.0,10.0,17.86,0.105371,0.11203,0.117814,0.112356,0.107122,0.097247,0.12527,0.114782,0.108009,0.24887507560961306
2014-09,AMZN,-0.0489617708908799,10.0,0.0,0.0,0.0,0.0,7.0,17.64,0.105371,0.11203,0.117814,0.112356,0.107122,0.097247,0.12527,0.114782,0.108009,0.26675864278647987
2014-10,AMZN,-0.0526609596062547,14.0,0.0,0.0,0.0,0.0,13.0,18.14,0.105371,0.11203,0.117814,0.112356,0.107122,0.097247,0.12527,0.114782,0.108009,0.2983250921504516
2014-11,AMZN,0.1086230255185467,11.0,0.0,0.0,0.0,0.0,9.0,18.36,0.105371,0.11203,0.117814,0.112356,0.107122,0.097247,0.12527,0.114782,0.108009,0.31692530665312574
2014-12,AMZN,-0.083540004082348,18.0,0.0,0.0,0.0,0.0,8.0,17.79,0.109702,0.114156,0.107792,0.114387,0.112112,0.103311,0.129083,0.101441,0.108016,0.34454660660593794
2015-01,AMZN,0.1423553822877341,55.0,0.0,0.0,0.0,0.0,12.0,17.21,0.109702,0.114156,0.107792,0.114387,0.112112,0.103311,0.129083,0.101441,0.108016,0.38336244307651207
2015-02,AMZN,0.0722928888760248,12.0,0.0,0.0,0.0,0.0,10.0,17.07,0.109702,0.114156,0.107792,0.114387,0.112112,0.103311,0.129083,0.101441,0.108016,0.4156529073537244
2015-03,AMZN,-0.021201593551299,14.0,0.0,0.0,0.0,0.0,7.0,17.0,0.105257,0.112196,0.11798,0.112316,0.107567,0.097383,0.124385,0.114351,0.108565,0.43552967715553625
2015-04,AMZN,0.1335125622566606,11.0,0.0,0.0,0.0,0.0,13.0,17.0,0.105257,0.112196,0.11798,0.112316,0.107567,0.097383,0.124385,0.114351,0.108565,0.45559873223459746
2015-05,AMZN,0.0176632108466261,10.0,0.0,0.0,0.0,0.0,7.0,17.07,0.105257,0.112196,0.11798,0.112316,0.107567,0.097383,0.124385,0.114351,0.108565,0.45610774279697236
2015-06,AMZN,0.0113226022699772,20.0,0.0,0.0,0.0,0.0,6.0,16.36,0.105284,0.11228,0.118055,0.112004,0.107504,0.097493,0.12451,0.114371,0.108498,0.4700508659014217
2015-07,AMZN,0.2351125616453366,13.0,0.0,0.0,0.0,0.0,19.0,16.71,0.105284,0.11228,0.118055,0.112004,0.107504,0.097493,0.12451,0.114371,0.108498,0.5077093845759906
2015-08,AMZN,-0.0433833841425995,8.0,0.0,0.0,0.0,0.0,13.0,15.43,0.105284,0.11228,0.118055,0.112004,0.107504,0.097493,0.12451,0.114371,0.108498,0.5192138464087087
2015-09,AMZN,-0.001949780381022,9.0,0.0,0.0,0.0,0.0,10.0,15.64,0.105284,0.11228,0.118055,0.112004,0.107504,0.097493,0.12451,0.114371,0.108498,0.5327134870984472
2015-10,AMZN,0.2227236546930227,11.0,1.0,0.989,0.0,0.989,16.0,16.36,0.105284,0.11228,0.118055,0.112004,0.107504,0.097493,0.12451,0.114371,0.108498,0.5710939721852731
2015-11,AMZN,0.0621505543195763,7.0,0.0,0.0,0.0,0.0,15.0,16.36,0.105284,0.11228,0.118055,0.112004,0.107504,0.097493,0.12451,0.114371,0.108498,0.5855055769376794
2015-12,AMZN,0.0166816106238625,25.0,0.0,0.0,0.0,0.0,15.0,16.36,0.108679,0.114468,0.108585,0.114492,0.112376,0.103902,0.128979,0.100993,0.107525,0.643985665345342
2016-01,AMZN,-0.1315154320029574,71.0,1.0,0.983,0.0,0.983,27.0,15.93,0.108679,0.114468,0.108585,0.114492,0.112376,0.103902,0.128979,0.100993,0.107525,0.7282914812553773
2016-02,AMZN,-0.0587393835904203,9.0,0.0,0.0,0.0,0.0,21.0,16.14,0.108679,0.114468,0.108585,0.114492,0.112376,0.103902,0.128979,0.100993,0.107525,0.7689411944940916
2016-03,AMZN,0.0744226379765782,11.0,0.0,0.0,0.0,0.0,14.0,16.21,0.105444,0.113311,0.118026,0.112147,0.10688,0.096582,0.125244,0.114136,0.10823,0.7810911778634643
2016-04,AMZN,0.1110942894178326,12.0,0.0,0.0,0.0,0.0,21.0,16.21,0.105444,0.113311,0.118026,0.112147,0.10688,0.096582,0.125244,0.114136,0.10823,0.8235399078271872
2016-05,AMZN,0.09581709440582,16.0,1.0,0.997,0.0048,0.997,24.0,17.0,0.105444,0.113311,0.118026,0.112147,0.10688,0.096582,0.125244,0.114136,0.10823,0.9137532960412481
2016-06,AMZN,-0.0099199335258159,19.0,1.0,0.999,0.0064,0.999,18.0,16.14,0.105444,0.113311,0.118026,0.112147,0.10688,0.096582,0.125244,0.114136,0.10823,1.0747206963402882
2016-07,AMZN,0.0603532665072741,12.0,0.0,0.0,0.0,0.0,24.0,15.21,0.105444,0.113311,0.118026,0.112147,0.10688,0.096582,0.125244,0.114136,0.10823,1.1493254078341688
2016-08,AMZN,0.0136398269272262,19.0,1.0,0.926,0.0,0.926,15.0,14.79,0.105444,0.113311,0.118026,0.112147,0.10688,0.096582,0.125244,0.114136,0.10823,1.206359413987076
2016-09,AMZN,0.0886031828092828,12.0,0.0,0.0,0.0,0.0,17.0,16.07,0.105444,0.113311,0.118026,0.112147,0.10688,0.096582,0.125244,0.114136,0.10823,1.2169569639802629
2016-10,AMZN,-0.0567173494891474,13.0,0.0,0.0,0.0,0.0,25.0,17.0,0.105444,0.113311,0.118026,0.112147,0.10688,0.096582,0.125244,0.114136,0.10823,1.2302374725666039
2016-11,AMZN,-0.0496949044026711,23.0,0.0,0.0,0.0,0.0,27.0,17.93,0.105444,0.113311,0.118026,0.112147,0.10688,0.096582,0.125244,0.114136,0.10823,1.2704488081133263
2016-12,AMZN,-0.0009326204826226,24.0,0.0,0.0,0.0,0.0,20.0,17.21,0.108885,0.113916,0.108498,0.114085,0.112639,0.104506,0.128496,0.100988,0.107986,1.2903422988426232
2017-01,AMZN,0.0981636831579693,74.0,0.0,0.0,0.0,0.0,24.0,17.64,0.108885,0.113916,0.108498,0.114085,0.112639,0.104506,0.128496,0.100988,0.107986,1.3346733768920778
2017-02,AMZN,0.0261815495357073,8.0,0.0,0.0,0.0,0.0,30.0,18.14,0.108885,0.113916,0.108498,0.114085,0.112639,0.104506,0.128496,0.100988,0.107986,1.3569445991311002
2017-03,AMZN,0.0491101206308208,15.0,0.0,0.0,0.0,0.0,20.0,19.21,0.1053,0.113897,0.117585,0.112198,0.106775,0.096819,0.125409,0.114018,0.108,1.3973970739564099
2017-04,AMZN,0.0433708715886678,13.0,1.0,0.998,0.0,0.998,33.0,19.07,0.1053,0.113897,0.117585,0.112198,0.106775,0.096819,0.125409,0.114018,0.108,1.443621896077855
2017-05,AMZN,0.0752764613149639,19.0,1.0,0.994,0.0,0.994,35.0,19.36,0.1053,0.113897,0.117585,0.112198,0.106775,0.096819,0.125409,0.114018,0.108,1.4807318827601819
2017-06,AMZN,-0.0267639398764241,20.0,0.0,0.0,0.0,0.0,45.0,20.14,0.105243,0.113506,0.117308,0.112598,0.107052,0.096977,0.124767,0.114244,0.108305,1.5364597395624473
2017-07,AMZN,0.0204338508658337,29.0,0.0,0.0,0.0,0.0,45.0,20.0,0.105243,0.113506,0.117308,0.112598,0.107052,0.096977,0.124767,0.114244,0.108305,1.6271531167257645
2017-08,AMZN,-0.0072688485312847,18.0,1.0,1.0,0.0,1.0,39.0,19.0,0.105243,0.113506,0.117308,0.112598,0.107052,0.096977,0.124767,0.114244,0.108305,1.6924858330080563
2017-09,AMZN,-0.0196307920690396,22.0,0.0,0.0,0.0,0.0,24.0,19.79,0.105243,0.113506,0.117308,0.112598,0.107052,0.096977,0.124767,0.114244,0.108305,1.70900815633399
2017-10,AMZN,0.1497165176249049,18.0,1.0,0.997,0.0,0.997,39.0,20.64,0.105243,0.113506,0.117308,0.112598,0.107052,0.096977,0.124767,0.114244,0.108305,1.773236860188696
2017-11,AMZN,0.0646623767888814,24.0,2.0,0.9975,0.0113,1.995,37.0,22.0,0.105243,0.113506,0.117308,0.112598,0.107052,0.096977,0.124767,0.114244,0.108305,1.910551691515946
2017-12,AMZN,-0.0061865684018398,37.0,0.0,0.0,0.0,0.0,31.0,20.64,0.107911,0.111784,0.109359,0.114853,0.113298,0.102727,0.129535,0.102887,0.107645,1.948843252215898
2018-01,AMZN,0.2406389754181057,136.0,0.0,0.0,0.0,0.0,49.0,21.21,0.107911,0.111784,0.109359,0.114853,0.113298,0.102727,0.129535,0.102887,0.107645,2.04941813297139
2018-02,AMZN,0.0424290636020012,16.0,1.0,0.996,0.0,0.996,76.0,21.64,0.107911,0.111784,0.109359,0.114853,0.113298,0.102727,0.129535,0.102887,0.107645,2.1514657116713836
2018-03,AMZN,-0.0430493688856892,19.0,2.0,0.987,0.0,1.974,62.0,21.07,0.105243,0.113506,0.117308,0.112598,0.107052,0.096977,0.124767,0.114244,0.108305,2.276929999358591
2018-04,AMZN,0.0820747964716301,28.0,2.0,0.998,0.0,1.996,82.0,21.0,0.105243,0.113506,0.117308,0.112598,0.107052,0.096977,0.124767,0.114244,0.108305,2.420011470048588
2018-05,AMZN,0.0405394108803862,24.0,0.0,0.0,0.0,0.0,50.0,20.5,0.105243,0.113506,0.117308,0.112598,0.107052,0.096977,0.124767,0.114244,0.108305,2.437931461864356
2018-06,AMZN,0.0430651923177398,34.0,0.0,0.0,0.0,0.0,49.0,19.71,0.105046,0.113592,0.117749,0.111989,0.107288,0.096679,0.124912,0.114422,0.108325,2.5066766694513616
2018-07,AMZN,0.0456760075509372,40.0,3.0,0.9893,0.0,2.9678999999999998,72.0,19.5,0.105046,0.113592,0.117749,0.111989,0.107288,0.096679,0.124912,0.114422,0.108325,2.8522211192466624
2018-08,AMZN,0.1323644812853974,37.0,2.0,0.9965,0.0161,1.993,68.0,19.29,0.105046,0.113592,0.117749,0.111989,0.107288,0.096679,0.124912,0.114422,0.108325,3.157994701650596
2018-09,AMZN,-0.0048243068342539,18.0,0.0,0.0,0.0,0.0,65.0,20.29,0.105046,0.113592,0.117749,0.111989,0.107288,0.096679,0.124912,0.114422,0.108325,3.3357647271258912
2018-10,AMZN,-0.2021917501830787,37.0,1.0,0.996,0.0,0.996,100.0,21.07,0.105046,0.113592,0.117749,0.111989,0.107288,0.096679,0.124912,0.114422,0.108325,3.4392114035824557
2018-11,AMZN,0.0576717524524197,27.0,1.0,0.98,0.0058,0.98,85.0,21.29,0.105046,0.113592,0.117749,0.111989,0.107288,0.096679,0.124912,0.114422,0.108325,3.5678352053721043
2018-12,AMZN,-0.1113497000640443,48.0,1.0,0.997,0.0,0.997,73.0,20.07,0.107763,0.110432,0.110553,0.116152,0.113187,0.102621,0.128274,0.10284,0.108177,3.679125996720958
2019-01,AMZN,0.1443170900523207,205.0,0.0,0.0,0.0,0.0,73.0,20.43,0.107763,0.110432,0.110553,0.116152,0.113187,0.102621,0.128274,0.10284,0.108177,3.807601474930327
2019-02,AMZN,-0.0459059848796181,19.0,2.0,0.9895,0.0,1.979,72.0,21.64,0.107763,0.110432,0.110553,0.116152,0.113187,0.102621,0.128274,0.10284,0.108177,3.8795662799245263
2019-03,AMZN,0.0859357073135327,17.0,2.0,0.997,0.0,1.994,85.0,21.64,0.105046,0.113592,0.117749,0.111989,0.107288,0.096679,0.124912,0.114422,0.108325,3.949394562820146
2019-04,AMZN,0.0818587454691699,54.0,1.0,0.995,0.0122,0.995,98.0,21.14,0.105046,0.113592,0.117749,0.111989,0.107288,0.096679,0.124912,0.114422,0.108325,4.0950859628436165
2019-05,AMZN,-0.0786131967477928,39.0,0.0,0.0,0.0,0.0,91.0,20.86,0.105046,0.113592,0.117749,0.111989,0.107288,0.096679,0.124912,0.114422,0.108325,4.144149825198216
2019-06,AMZN,0.0667917465500809,41.0,0.0,0.0,0.0,0.0,74.0,20.64,0.105046,0.113592,0.117749,0.111989,0.107288,0.096679,0.124912,0.114422,0.108325,4.250521510681988
2019-07,AMZN,-0.0141791834936947,43.0,1.0,0.99,0.0,0.99,58.0,20.71,0.105046,0.113592,0.117749,0.111989,0.107288,0.096679,0.124912,0.114422,0.108325,4.295823342700204
2019-08,AMZN,-0.048473822697145,34.0,2.0,0.974,0.0,1.948,53.0,20.36,0.105046,0.113592,0.117749,0.111989,0.107288,0.096679,0.124912,0.114422,0.108325,4.367011119813339
2019-09,AMZN,-0.0227327431597064,45.0,0.0,0.0,0.0,0.0,43.0,21.43,0.105046,0.113592,0.117749,0.111989,0.107288,0.096679,0.124912,0.114422,0.108325,4.314355102053171
2019-10,AMZN,0.0234747012691118,48.0,0.0,0.0,0.0,0.0,48.0,21.79,0.105046,0.113592,0.117749,0.111989,0.107288,0.096679,0.124912,0.114422,0.108325,4.292772998918368
2019-11,AMZN,0.0135873012274039,52.0,0.0,0.0,0.0,0.0,38.0,22.43,0.105046,0.113592,0.117749,0.111989,0.107288,0.096679,0.124912,0.114422,0.108325,4.250845608021342
2019-12,AMZN,0.026121694264473,42.0,1.0,0.998,0.0,0.998,39.0,20.93,0.107833,0.111131,0.110835,0.115541,0.114103,0.102611,0.127976,0.102163,0.107806,4.221597749469371
2020-01,AMZN,0.0870638027865227,255.0,0.0,0.0,0.0,0.0,52.0,25.93,0.107833,0.111131,0.110835,0.115541,0.114103,0.102611,0.127976,0.102163,0.107806,4.271930401471714
2020-02,AMZN,-0.0622137201336305,16.0,0.0,0.0,0.0,0.0,59.0,25.07,0.107833,0.111131,0.110835,0.115541,0.114103,0.102611,0.127976,0.102163,0.107806,4.217495534308096
2020-03,AMZN,0.0350205713182232,28.0,2.0,0.991,0.0,1.982,75.0,20.14,0.106588,0.115943,0.116246,0.11293,0.106172,0.09635,0.12376,0.11434,0.107671,4.303077479487917
2020-04,AMZN,0.2689001176660717,76.0,17.0,0.7242,0.0,12.311399999999999,78.0,20.79,0.106588,0.115943,0.116246,0.11293,0.106172,0.09635,0.12376,0.11434,0.107671,4.567107798071816
2020-05,AMZN,-0.0127849412400917,31.0,9.0,0.7469,0.0,6.7221,59.0,22.21,0.106588,0.115943,0.116246,0.11293,0.106172,0.09635,0.12376,0.11434,0.107671,4.6004830117453315
2020-06,AMZN,0.1295667285339112,52.0,17.0,0.8568,0.0,14.5656,56.0,21.93,0.106588,0.115943,0.116246,0.11293,0.106172,0.09635,0.12376,0.11434,0.107671,4.737309257214747
2020-07,AMZN,0.1471136218500213,71.0,30.0,0.9163,0.0,27.489,94.0,21.71,0.106588,0.115943,0.116246,0.11293,0.106172,0.09635,0.12376,0.11434,0.107671,4.958157619228643
2020-08,AMZN,0.090461033692982,41.0,35.0,0.9573,0.0061,33.5055,66.0,20.71,0.106588,0.115943,0.116246,0.11293,0.106172,0.09635,0.12376,0.11434,0.107671,5.166709243273369
2020-09,AMZN,-0.0875785918526055,50.0,50.0,0.8329,0.0,41.644999999999996,70.0,22.07,0.106588,0.115943,0.116246,0.11293,0.106172,0.09635,0.12376,0.11434,0.107671,5.350902539576673
2020-10,AMZN,-0.0357540853352055,72.0,31.0,0.899,0.0,27.869,62.0,20.5,0.106588,0.115943,0.116246,0.11293,0.106172,0.09635,0.12376,0.11434,0.107671,5.470552174215609
2020-11,AMZN,0.0434398688653248,60.0,49.0,0.9572,0.0,46.9028,58.0,19.36,0.106588,0.115943,0.116246,0.11293,0.106172,0.09635,0.12376,0.11434,0.107671,5.606332101611383
2020-12,AMZN,0.0280583830144842,54.0,66.0,0.6824,0.0,45.0384,48.0,19.07,0.109102,0.112883,0.11018,0.115086,0.113007,0.104346,0.127232,0.101822,0.106341,5.706066111906202
2021-01,AMZN,-0.0155760122365283,306.0,91.0,0.7198,0.0,65.5018,47.0,18.93,0.109102,0.112883,0.11018,0.115086,0.113007,0.104346,0.127232,0.101822,0.106341,5.857203638882461
2021-02,AMZN,-0.0353284137674236,36.0,231.0,0.707,0.0,163.31699999999998,58.0,20.0,0.109102,0.112883,0.11018,0.115086,0.113007,0.104346,0.127232,0.101822,0.106341,5.94380963285316
2021-03,AMZN,0.0003717841485171,49.0,667.0,0.6684,0.0,445.8228,42.0,19.79,0.10698,0.115731,0.116184,0.112719,0.105916,0.096909,0.123977,0.114182,0.107401,6.007978049124406
2021-04,AMZN,0.1206627370956834,37.0,936.0,0.6203,0.0098,580.6007999999999,49.0,19.36,0.10698,0.115731,0.116184,0.112719,0.105916,0.096909,0.123977,0.114182,0.107401,6.0904600597699785
2021-05,AMZN,-0.0704702552586937,107.0,862.0,0.596,0.0,513.752,38.0,19.64,0.10698,0.115731,0.116184,0.112719,0.105916,0.096909,0.123977,0.114182,0.107401,6.17050275522761
2021-06,AMZN,0.0673549873709398,72.0,1000.0,0.6036,0.0,603.6,36.0,20.21,0.10698,0.115731,0.116184,0.112719,0.105916,0.096909,0.123977,0.114182,0.107401,6.195257478363506
2021-07,AMZN,-0.0327222827222827,72.0,841.0,0.5607,0.0,471.5487,51.0,19.43,0.10698,0.115731,0.116184,0.112719,0.105916,0.096909,0.123977,0.114182,0.107401,6.330846806150316
2021-08,AMZN,0.0430341694999938,58.0,646.0,0.6047,0.0,390.63620000000003,40.0,18.29,0.10698,0.115731,0.116184,0.112719,0.105916,0.096909,0.123977,0.114182,0.107401,6.367628941006118
2021-09,AMZN,-0.0535181087629258,48.0,738.0,0.5715,0.0049,421.767,31.0,19.5,0.106075,0.11562,0.115756,0.112892,0.105773,0.096413,0.124861,0.114019,0.10859,6.413533030237955
2021-10,AMZN,0.0266024575966432,107.0,952.0,0.5272,0.0,501.8944,37.0,19.64,0.106075,0.11562,0.115756,0.112892,0.105773,0.096413,0.124861,0.114019,0.10859,6.504317236730825
2021-11,AMZN,0.039923701306487,47.0,933.0,0.5956,0.0,555.6948,34.0,20.79,0.106075,0.11562,0.115756,0.112892,0.105773,0.096413,0.124861,0.114019,0.10859,6.507438669463708
2021-12,AMZN,-0.0492519687882848,81.0,856.0,0.5735,0.0055,490.916,32.0,19.29,0.107382,0.109176,0.112717,0.118711,0.113035,0.102732,0.127025,0.104197,0.105026,6.62711004498386
2022-01,AMZN,-0.1028299102184566,256.0,845.0,0.5807,0.0,490.6915,37.0,24.86,0.107382,0.109176,0.112717,0.118711,0.113035,0.102732,0.127025,0.104197,0.105026,6.722320886318933
2022-02,AMZN,0.0266725182655884,33.0,856.0,0.5551,0.0,475.16560000000004,53.0,26.0,0.107382,0.109176,0.112717,0.118711,0.113035,0.102732,0.127025,0.104197,0.105026,6.767478648273855
2022-03,AMZN,0.0614372850300157,57.0,822.0,0.5165,0.0,424.563,48.0,27.36,0.106827,0.115336,0.115602,0.112964,0.105271,0.097769,0.124442,0.114158,0.107631,6.885869596710572
2022-04,AMZN,-0.2375250931362105,109.0,883.0,0.5064,0.0,447.15119999999996,51.0,26.71,0.106827,0.115336,0.115602,0.112964,0.105271,0.097769,0.124442,0.114158,0.107631,7.023719757135286
2022-05,AMZN,-0.0327643176031664,52.0,812.0,0.4944,0.0,401.4528,66.0,25.5,0.106827,0.115336,0.115602,0.112964,0.105271,0.097769,0.124442,0.114158,0.107631,7.068532008272216
2022-06,AMZN,-0.1164592126224128,97.0,903.0,0.5339,0.0,482.11170000000004,69.0,25.64,0.106492,0.115251,0.116086,0.112831,0.104971,0.097371,0.124472,0.114665,0.107862,7.206090847389107
2022-07,AMZN,0.2705959712975005,67.0,1000.0,0.4538,0.0,453.79999999999995,53.0,23.43,0.106492,0.115251,0.116086,0.112831,0.104971,0.097371,0.124472,0.114665,0.107862,7.317010841068031
2022-08,AMZN,-0.0606150462405203,81.0,790.0,0.5346,0.0,422.33399999999995,51.0,22.79,0.106492,0.115251,0.116086,0.112831,0.104971,0.097371,0.124472,0.114665,0.107862,7.421926813791706
2022-09,AMZN,-0.1086218900978376,73.0,686.0,0.5488,0.0,376.47679999999997,36.0,24.5,0.105972,0.114494,0.116318,0.113238,0.104887,0.097674,0.124241,0.115314,0.107861,7.482663367438775
2022-10,AMZN,-0.0934513058282632,77.0,728.0,0.5265,0.0,383.292,51.0,24.57,0.105972,0.114494,0.116318,0.113238,0.104887,0.097674,0.124241,0.115314,0.107861,7.534951126936004
2022-11,AMZN,-0.0575947030970991,78.0,790.0,0.5173,0.0,408.667,51.0,25.79,0.105972,0.114494,0.116318,0.113238,0.104887,0.097674,0.124241,0.115314,0.107861,7.603076422743621
2022-12,AMZN,-0.1298943525647971,55.0,663.0,0.5681,0.0,376.6503,39.0,25.86,0.108358,0.10891,0.112908,0.118863,0.112476,0.102553,0.126205,0.104306,0.10542,7.59140644784144
2023-01,AMZN,0.2277380625406901,355.0,684.0,0.4808,0.0,328.8672,48.0,27.43,0.108358,0.10891,0.112908,0.118863,0.112476,0.102553,0.126205,0.104306,0.10542,7.67322828008582
2023-02,AMZN,-0.0862987892321446,54.0,633.0,0.5136,0.0,325.1088,52.0,31.0,0.108358,0.10891,0.112908,0.118863,0.112476,0.102553,0.126205,0.104306,0.10542,7.710205632710809
2023-03,AMZN,0.0961476943206232,48.0,568.0,0.6007,0.0155,341.1976,36.0,30.57,0.105434,0.114868,0.11773,0.111068,0.106512,0.094548,0.123809,0.118199,0.107832,7.729415538690699
2023-04,AMZN,0.0209119567583442,95.0,653.0,0.6145,0.0128,401.2685,46.0,30.14,0.105434,0.114868,0.11773,0.111068,0.106512,0.094548,0.123809,0.118199,0.107832,7.8204379740160705
2023-05,AMZN,0.1434803728845883,106.0,434.0,0.6598,0.0107,286.3532,43.0,31.29,0.105434,0.114868,0.11773,0.111068,0.106512,0.094548,0.123809,0.118199,0.107832,7.867159632713856
2023-06,AMZN,0.08110796675057,125.0,684.0,0.5831,0.0187,398.8404,45.0,32.64,0.105434,0.114868,0.11773,0.111068,0.106512,0.094548,0.123809,0.118199,0.107832,7.905461533771985
2023-07,AMZN,0.0254678739635265,76.0,657.0,0.6324,0.0138,415.48679999999996,41.0,30.57,0.105434,0.114868,0.11773,0.111068,0.106512,0.094548,0.123809,0.118199,0.107832,7.9250233772743925
2023-08,AMZN,0.0323907994336623,90.0,705.0,0.6852,0.0096,483.06600000000003,47.0,29.57,0.105434,0.114868,0.11773,0.111068,0.106512,0.094548,0.123809,0.118199,0.107832,7.978898558616767
2023-09,AMZN,-0.078907268992859,108.0,841.0,0.5713,0.0127,480.4633,35.0,30.57,0.105722,0.115036,0.117263,0.111095,0.107018,0.094355,0.123861,0.117998,0.107651,8.036385385943372
2023-10,AMZN,0.0469634476268063,130.0,870.0,0.5999,0.0141,521.913,40.0,31.0,0.105722,0.115036,0.117263,0.111095,0.107018,0.094355,0.123861,0.117998,0.107651,8.125134658640032
2023-11,AMZN,0.0976782655173829,70.0,1000.0,0.6507,0.0122,650.6999999999999,41.0,31.86,0.105722,0.115036,0.117263,0.111095,0.107018,0.094355,0.123861,0.117998,0.107651,8.155316204885013
2023-12,AMZN,0.0400438513940761,93.0,747.0,0.668,0.0142,498.99600000000004,36.0,30.79,0.10816,0.108719,0.112816,0.118882,0.112756,0.102799,0.126291,0.104283,0.105294,8.127375287821646
2024-01,AMZN,0.0214558013324577,274.0,721.0,0.7178,0.0159,517.5338,38.0,32.79,0.10816,0.108719,0.112816,0.118882,0.112756,0.102799,0.126291,0.104283,0.105294,8.146585652662926
2024-02,AMZN,0.1389175127740745,87.0,698.0,0.7641,0.0201,533.3418,55.0,36.07,0.10816,0.108719,0.112816,0.118882,0.112756,0.102799,0.126291,0.104283,0.105294,8.214907301033007
2024-03,AMZN,0.0204798058863742,113.0,403.0,0.747,0.0286,301.041,38.0,35.86,0.105722,0.115036,0.117263,0.111095,0.107018,0.094355,0.123861,0.117998,0.107651,8.21768028956956
2024-04,AMZN,-0.029825949313549,101.0,525.0,0.7556,0.0307,396.69,48.0,35.29,0.105722,0.115036,0.117263,0.111095,0.107018,0.094355,0.123861,0.117998,0.107651,8.324222802648912
2024-05,AMZN,0.0082285853794643,139.0,603.0,0.747,0.0259,450.441,46.0,36.21,0.105722,0.115036,0.117263,0.111095,0.107018,0.094355,0.123861,0.117998,0.107651,8.357191587257017
2024-06,AMZN,0.0952731655293201,111.0,514.0,0.7781,0.0456,399.9434,37.0,34.0,0.105722,0.115036,0.117263,0.111095,0.107018,0.094355,0.123861,0.117998,0.107651,8.352432765539467
2024-07,AMZN,-0.0324450415133813,110.0,563.0,0.7384,0.0357,415.71919999999994,50.0,32.57,0.105722,0.115036,0.117263,0.111095,0.107018,0.094355,0.123861,0.117998,0.107651,8.413527728728642
2024-08,AMZN,-0.0453524222981363,128.0,491.0,0.6832,0.0273,335.45120000000003,57.0,33.07,0.105722,0.115036,0.117263,0.111095,0.107018,0.094355,0.123861,0.117998,0.107651,8.44889209251148
2024-09,AMZN,0.0438655564764969,59.0,402.0,0.7439,0.0473,299.0478,38.0,35.36,0.105722,0.115036,0.117263,0.111095,0.107018,0.094355,0.123861,0.117998,0.107651,8.46518727371807
2024-10,AMZN,0.0003756349741956,140.0,389.0,0.7698,0.0275,299.4522,44.0,36.21,0.105722,0.115036,0.117263,0.111095,0.107018,0.094355,0.123861,0.117998,0.107651,8.474140532574848
2024-11,AMZN,0.1152897328156477,95.0,112.0,0.3688,0.0494,41.3056,55.0,38.36,0.105722,0.115036,0.117263,0.111095,0.107018,0.094355,0.123861,0.117998,0.107651,8.52342648215793
2024-12,AMZN,0.0553177162622697,112.0,98.0,0.3891,0.0284,38.1318,48.0,37.14,0.108038,0.108958,0.113063,0.118797,0.11273,0.102651,0.126343,0.104119,0.105301,8.541231139645042
2025-01,AMZN,0.083367488659539,241.0,335.0,0.6943,0.0428,232.59050000000002,42.0,38.79,0.108038,0.108958,0.113063,0.118797,0.11273,0.102651,0.126343,0.104119,0.105301,8.575780692331422
2025-02,AMZN,-0.1068663525715117,71.0,560.0,0.7053,0.0378,394.968,57.0,41.43,0.108038,0.108958,0.113063,0.118797,0.11273,0.102651,0.126343,0.104119,0.105301,8.642432449798205
2025-03,AMZN,-0.1037309421475675,78.0,488.0,0.7166,0.0417,349.7008,47.0,39.86,0.105794,0.114575,0.117373,0.111305,0.106724,0.094879,0.124544,0.117865,0.106942,8.628554650695541
2025-04,AMZN,-0.0306948202801551,113.0,788.0,0.5981,0.0266,471.3028,65.0,40.07,0.105794,0.114575,0.117373,0.111305,0.106724,0.094879,0.124544,0.117865,0.106942,8.716232938329226
2025-05,AMZN,0.1116473080052216,93.0,754.0,0.7416,0.0247,559.1664000000001,54.0,40.21,0.105794,0.114575,0.117373,0.111305,0.106724,0.094879,0.124544,0.117865,0.106942,8.787344508314122
2025-06,AMZN,0.0701429455544568,93.0,1000.0,0.7742,0.0422,774.2,40.0,45.64,0.105794,0.114575,0.117373,0.111305,0.106724,0.094879,0.124544,0.117865,0.106942,8.86926649141895
2025-07,AMZN,0.0670951331494358,90.0,1000.0,0.8006,0.0419,800.6,48.0,48.5,0.105794,0.114575,0.117373,0.111305,0.106724,0.094879,0.124544,0.117865,0.106942,8.973665396669304
2025-08,AMZN,-0.0218273486695536,100.0,1000.0,0.7955,0.0203,795.5,63.0,87.57,0.105794,0.114575,0.117373,0.111305,0.106724,0.094879,0.124544,0.117865,0.106942,9.014874661402347
2025-09,AMZN,-0.041179007317822,82.0,1000.0,0.7632,0.0352,763.2,59.0,86.07,0.105794,0.114575,0.117373,0.111305,0.106724,0.094879,0.124544,0.117865,0.106942,9.09139949985946
2025-10,AMZN,0.1122648498166054,129.0,1000.0,0.7632,0.0464,763.2,80.0,86.86,0.105794,0.114575,0.117373,0.111305,0.106724,0.094879,0.124544,0.117865,0.106942,9.197260694220626
2025-11,AMZN,-0.0450413559291534,100.0,1000.0,0.7903,0.0416,790.3,61.0,91.29,0.105794,0.114575,0.117373,0.111305,0.106724,0.094879,0.124544,0.117865,0.106942,9.284565294227537
2025-12,AMZN,-0.0102906864073514,126.0,1000.0,0.8257,0.0652,825.7,48.0,86.86,0.108038,0.108958,0.113063,0.118797,0.11273,0.102651,0.126343,0.104119,0.105301,9.394509002306142
2014-01,ASML,-0.0967981810542419,14.0,0.0,0.0,0.0,0.0,5.0,18.14,0.10688,0.115387,0.119729,0.108581,0.112162,0.100463,0.117654,0.109427,0.109716,0.014653578033859726
2014-02,ASML,0.0178420919335424,1.0,0.0,0.0,0.0,0.0,5.0,18.14,0.10688,0.115387,0.119729,0.108581,0.112162,0.100463,0.117654,0.109427,0.109716,0.0236213456852467
2014-03,ASML,0.0838168033443913,10.0,0.0,0.0,0.0,0.0,4.0,17.14,0.10688,0.115387,0.119729,0.108581,0.112162,0.100463,0.117654,0.109427,0.109716,0.04487622658456924
2014-04,ASML,-0.1282132152900958,13.0,0.0,0.0,0.0,0.0,5.0,17.21,0.10688,0.115387,0.119729,0.108581,0.112162,0.100463,0.117654,0.109427,0.109716,0.0709107665489482
2014-05,ASML,0.0657392302797339,5.0,0.0,0.0,0.0,0.0,4.0,16.86,0.10688,0.115387,0.119729,0.108581,0.112162,0.100463,0.117654,0.109427,0.109716,0.07837957594316664
2014-06,ASML,0.086050081956337,4.0,0.0,0.0,0.0,0.0,4.0,18.0,0.10688,0.115387,0.119729,0.108581,0.112162,0.100463,0.117654,0.109427,0.109716,0.08475640559918914
2014-07,ASML,0.0095423995639767,6.0,0.0,0.0,0.0,0.0,5.0,19.29,0.10688,0.115387,0.119729,0.108581,0.112162,0.100463,0.117654,0.109427,0.109716,0.09726915646576907
2014-08,ASML,0.0208154449871702,3.0,0.0,0.0,0.0,0.0,4.0,17.86,0.10688,0.115387,0.119729,0.108581,0.112162,0.100463,0.117654,0.109427,0.109716,0.10305600678350957
2014-09,ASML,0.0280902974230248,6.0,0.0,0.0,0.0,0.0,5.0,17.64,0.10688,0.115387,0.119729,0.108581,0.112162,0.100463,0.117654,0.109427,0.109716,0.11727191757050505
2014-10,ASML,0.0087024783152271,5.0,0.0,0.0,0.0,0.0,4.0,18.14,0.10688,0.115387,0.119729,0.108581,0.112162,0.100463,0.117654,0.109427,0.109716,0.12463225828603237
2014-11,ASML,0.0601925895210471,1.0,0.0,0.0,0.0,0.0,5.0,18.36,0.10688,0.115387,0.119729,0.108581,0.112162,0.100463,0.117654,0.109427,0.109716,0.12864247813298713
2014-12,ASML,0.0203444261279601,4.0,0.0,0.0,0.0,0.0,4.0,17.79,0.104885,0.115056,0.121031,0.108541,0.112334,0.099231,0.118478,0.10919,0.111254,0.13507973803685042
2015-01,ASML,-0.0360753144654834,6.0,0.0,0.0,0.0,0.0,5.0,17.21,0.104885,0.115056,0.121031,0.108541,0.112334,0.099231,0.118478,0.10919,0.111254,0.1401344753550731
2015-02,ASML,0.0359823383436292,1.0,0.0,0.0,0.0,0.0,5.0,17.07,0.104885,0.115056,0.121031,0.108541,0.112334,0.099231,0.118478,0.10919,0.111254,0.14431138321757192
2015-03,ASML,-0.0617571483113208,30.0,0.0,0.0,0.0,0.0,5.0,17.0,0.104885,0.115056,0.121031,0.108541,0.112334,0.099231,0.118478,0.10919,0.111254,0.20719239500352415
2015-04,ASML,0.0594874781310623,4.0,0.0,0.0,0.0,0.0,5.0,17.0,0.104885,0.115056,0.121031,0.108541,0.112334,0.099231,0.118478,0.10919,0.111254,0.2108844903999102
2015-05,ASML,0.0570275958821402,2.0,0.0,0.0,0.0,0.0,4.0,17.07,0.104885,0.115056,0.121031,0.108541,0.112334,0.099231,0.118478,0.10919,0.111254,0.2088797985569072
2015-06,ASML,-0.0727515342471308,8.0,0.0,0.0,0.0,0.0,4.0,16.36,0.104885,0.115056,0.121031,0.108541,0.112334,0.099231,0.118478,0.10919,0.111254,0.21532621093651427
2015-07,ASML,-0.0476328491418452,6.0,3.0,0.8127,0.0,2.4381,5.0,16.71,0.104885,0.115056,0.121031,0.108541,0.112334,0.099231,0.118478,0.10919,0.111254,0.29162969371854724
2015-08,ASML,-0.0821822152089726,2.0,0.0,0.0,0.0,0.0,4.0,15.43,0.104885,0.115056,0.121031,0.108541,0.112334,0.099231,0.118478,0.10919,0.111254,0.2852617767161666
2015-09,ASML,-0.0333989513213118,18.0,2.0,0.7255,0.0,1.451,5.0,15.64,0.104885,0.115056,0.121031,0.108541,0.112334,0.099231,0.118478,0.10919,0.111254,0.3469285772540044
2015-10,ASML,0.054671277413435,8.0,1.0,0.999,0.0,0.999,5.0,16.36,0.104885,0.115056,0.121031,0.108541,0.112334,0.099231,0.118478,0.10919,0.111254,0.3636856650453697
2015-11,ASML,-0.0007545135098517,5.0,0.0,0.0,0.0,0.0,4.0,16.36,0.104885,0.115056,0.121031,0.108541,0.112334,0.099231,0.118478,0.10919,0.111254,0.362321176174502
2015-12,ASML,-0.0426012115114127,4.0,1.0,0.985,0.0,0.985,4.0,16.36,0.105522,0.114424,0.120721,0.109309,0.111449,0.100779,0.118167,0.1092,0.110429,0.3925147867191755
2016-01,ASML,0.0345837551717325,9.0,2.0,0.5995,0.0,1.199,4.0,15.93,0.105522,0.114424,0.120721,0.109309,0.111449,0.100779,0.118167,0.1092,0.110429,0.3969237380054209
2016-02,ASML,-0.0089287096966876,2.0,2.0,0.991,0.0,1.982,4.0,16.14,0.105522,0.114424,0.120721,0.109309,0.111449,0.100779,0.118167,0.1092,0.110429,0.4112996524837026
2016-03,ASML,0.1029444386313696,40.0,0.0,0.0,0.0,0.0,4.0,16.21,0.105522,0.114424,0.120721,0.109309,0.111449,0.100779,0.118167,0.1092,0.110429,0.4851616407731242
2016-04,ASML,-0.0377525046496399,4.0,3.0,0.7323,0.0,2.1969,4.0,16.21,0.105522,0.114424,0.120721,0.109309,0.111449,0.100779,0.118167,0.1092,0.110429,0.5196672245007847
2016-05,ASML,0.0349894340946119,5.0,0.0,0.0,0.0,0.0,4.0,17.0,0.105522,0.114424,0.120721,0.109309,0.111449,0.100779,0.118167,0.1092,0.110429,0.503503332082852
2016-06,ASML,0.0040950837064983,3.0,1.0,0.998,0.0088,0.998,5.0,16.14,0.105522,0.114424,0.120721,0.109309,0.111449,0.100779,0.118167,0.1092,0.110429,0.6402642306188238
2016-07,ASML,0.1049289371615578,5.0,8.0,0.4187,0.0,3.3496,4.0,15.21,0.105522,0.114424,0.120721,0.109309,0.111449,0.100779,0.118167,0.1092,0.110429,0.7355822142396458
2016-08,ASML,-0.0280057530281053,2.0,0.0,0.0,0.0,0.0,4.0,14.79,0.105522,0.114424,0.120721,0.109309,0.111449,0.100779,0.118167,0.1092,0.110429,0.7031445594837265
2016-09,ASML,0.028437115623269,8.0,1.0,0.318,0.0,0.318,5.0,16.07,0.105522,0.114424,0.120721,0.109309,0.111449,0.100779,0.118167,0.1092,0.110429,0.7040982636084832
2016-10,ASML,-0.0361378274747016,14.0,4.0,0.7712,0.0,3.0848,5.0,17.0,0.105522,0.114424,0.120721,0.109309,0.111449,0.100779,0.118167,0.1092,0.110429,0.7655159874594882
2016-11,ASML,-0.0235753297562297,5.0,3.0,0.991,0.0172,2.973,5.0,17.93,0.105522,0.114424,0.120721,0.109309,0.111449,0.100779,0.118167,0.1092,0.110429,0.874356640811282
2016-12,ASML,0.0879476430658903,6.0,0.0,0.0,0.0,0.0,4.0,17.21,0.103633,0.114713,0.121593,0.109198,0.112115,0.101231,0.117393,0.110021,0.110103,0.8383262516452927
2017-01,ASML,0.0819961958233095,9.0,2.0,0.6,0.0,1.2,6.0,17.64,0.103633,0.114713,0.121593,0.109198,0.112115,0.101231,0.117393,0.110021,0.110103,0.8425614412340382
2017-02,ASML,0.0023887883041373,1.0,2.0,0.988,0.0049,1.976,5.0,18.14,0.103633,0.114713,0.121593,0.109198,0.112115,0.101231,0.117393,0.110021,0.110103,0.8576579790060396
2017-03,ASML,0.091297730748217,36.0,0.0,0.0,0.0,0.0,5.0,19.21,0.103633,0.114713,0.121593,0.109198,0.112115,0.101231,0.117393,0.110021,0.110103,0.9463751940385735
2017-04,ASML,-0.0071537622297935,4.0,5.0,0.816,0.0,4.08,6.0,19.07,0.103633,0.114713,0.121593,0.109198,0.112115,0.101231,0.117393,0.110021,0.110103,1.0443120140618491
2017-05,ASML,0.011000984024388,7.0,0.0,0.0,0.0,0.0,5.0,19.36,0.103633,0.114713,0.121593,0.109198,0.112115,0.101231,0.117393,0.110021,0.110103,1.0000548960921034
2017-06,ASML,-0.012728497732243,5.0,2.0,0.7325,0.0,1.465,5.0,20.14,0.103633,0.114713,0.121593,0.109198,0.112115,0.101231,0.117393,0.110021,0.110103,0.9788756436276483
2017-07,ASML,0.1536335514680546,7.0,4.0,0.695,0.0072,2.78,6.0,20.0,0.103633,0.114713,0.121593,0.109198,0.112115,0.101231,0.117393,0.110021,0.110103,1.0377141618252266
2017-08,ASML,0.0397795828831224,2.0,4.0,0.422,0.0,1.688,5.0,19.0,0.103633,0.114713,0.121593,0.109198,0.112115,0.101231,0.117393,0.110021,0.110103,1.0329722030069912
2017-09,ASML,0.0952587136631488,6.0,5.0,0.537,0.0,2.685,6.0,19.79,0.103633,0.114713,0.121593,0.109198,0.112115,0.101231,0.117393,0.110021,0.110103,1.0368049091912497
2017-10,ASML,0.0557830212964449,13.0,6.0,0.5178,0.0,3.1068000000000002,7.0,20.64,0.103633,0.114713,0.121593,0.109198,0.112115,0.101231,0.117393,0.110021,0.110103,1.0829238639070051
2017-11,ASML,-0.0289348019853347,1.0,4.0,0.422,0.0,1.688,7.0,22.0,0.103633,0.114713,0.121593,0.109198,0.112115,0.101231,0.117393,0.110021,0.110103,1.0830176409512924
2017-12,ASML,-0.0096854528664482,5.0,5.0,0.5992,0.0,2.9959999999999996,5.0,20.64,0.10476,0.112668,0.122398,0.105446,0.110546,0.101523,0.117124,0.113477,0.112059,1.1842039315108435
2018-01,ASML,0.1676444589156638,13.0,4.0,0.7085,0.0,2.834,10.0,21.21,0.10476,0.112668,0.122398,0.105446,0.110546,0.101523,0.117124,0.113477,0.112059,1.1816839728037571
2018-02,ASML,-0.0372979593529344,10.0,6.0,0.6115,0.0,3.6690000000000005,8.0,21.64,0.10476,0.112668,0.122398,0.105446,0.110546,0.101523,0.117124,0.113477,0.112059,1.1915519545994702
2018-03,ASML,0.0162238009623996,32.0,6.0,0.6125,0.0,3.6750000000000003,7.0,21.07,0.10476,0.112668,0.122398,0.105446,0.110546,0.101523,0.117124,0.113477,0.112059,1.304729621737387
2018-04,ASML,-0.0509160953760504,15.0,8.0,0.6375,0.0,5.1,8.0,21.0,0.10476,0.112668,0.122398,0.105446,0.110546,0.101523,0.117124,0.113477,0.112059,1.360045596273234
2018-05,ASML,0.0527552644093249,4.0,3.0,0.422,0.0,1.266,7.0,20.5,0.10476,0.112668,0.122398,0.105446,0.110546,0.101523,0.117124,0.113477,0.112059,1.3223683320917177
2018-06,ASML,0.0067126480553112,8.0,4.0,0.422,0.0,1.688,8.0,19.71,0.10476,0.112668,0.122398,0.105446,0.110546,0.101523,0.117124,0.113477,0.112059,1.3234807974620593
2018-07,ASML,0.0809715474097847,6.0,6.0,0.5182,0.0,3.1092,7.0,19.5,0.10476,0.112668,0.122398,0.105446,0.110546,0.101523,0.117124,0.113477,0.112059,1.467206302878093
2018-08,ASML,-0.041822332097935,3.0,4.0,0.422,0.0,1.688,7.0,19.29,0.10476,0.112668,0.122398,0.105446,0.110546,0.101523,0.117124,0.113477,0.112059,1.5089465678301124
2018-09,ASML,-0.0830529437878861,11.0,4.0,0.422,0.0,1.688,8.0,20.29,0.10476,0.112668,0.122398,0.105446,0.110546,0.101523,0.117124,0.113477,0.112059,1.62022261489839
2018-10,ASML,-0.0832891369939781,15.0,7.0,0.5864,0.0,4.1048,9.0,21.07,0.10476,0.112668,0.122398,0.105446,0.110546,0.101523,0.117124,0.113477,0.112059,1.66391861732329
2018-11,ASML,-0.0058596470701002,3.0,5.0,0.5376,0.0,2.6879999999999997,8.0,21.29,0.10476,0.112668,0.122398,0.105446,0.110546,0.101523,0.117124,0.113477,0.112059,1.6274748661651524
2018-12,ASML,-0.0918004037438554,4.0,4.0,0.1298,0.0026,0.5192,8.0,20.07,0.105316,0.112934,0.122032,0.106204,0.109894,0.10244,0.116594,0.113217,0.111369,1.5837584857668232
2019-01,ASML,0.1247269420933616,19.0,5.0,0.7584,0.0,3.792,10.0,20.43,0.105316,0.112934,0.122032,0.106204,0.109894,0.10244,0.116594,0.113217,0.111369,1.5991665665315251
2019-02,ASML,0.0447920167582323,2.0,7.0,0.5846,0.0,4.0922,8.0,21.64,0.105316,0.112934,0.122032,0.106204,0.109894,0.10244,0.116594,0.113217,0.111369,1.5990270936627726
2019-03,ASML,0.0283263627183998,29.0,5.0,0.4708,0.0,2.354,7.0,21.64,0.105316,0.112934,0.122032,0.106204,0.109894,0.10244,0.116594,0.113217,0.111369,1.639321607760623
2019-04,ASML,0.1104494653139853,6.0,7.0,0.5591,0.0,3.9137000000000004,10.0,21.14,0.105316,0.112934,0.122032,0.106204,0.109894,0.10244,0.116594,0.113217,0.111369,1.678234507118918
2019-05,ASML,-0.0889219404997079,2.0,1.0,0.999,0.0,0.999,8.0,20.86,0.105316,0.112934,0.122032,0.106204,0.109894,0.10244,0.116594,0.113217,0.111369,1.634249120298275
2019-06,ASML,0.1057164385383826,10.0,0.0,0.0,0.0,0.0,7.0,20.64,0.105316,0.112934,0.122032,0.106204,0.109894,0.10244,0.116594,0.113217,0.111369,1.642032334941979
2019-07,ASML,0.0715626740653507,9.0,3.0,0.988,0.0047,2.964,8.0,20.71,0.105316,0.112934,0.122032,0.106204,0.109894,0.10244,0.116594,0.113217,0.111369,1.7616833362192277
2019-08,ASML,-0.000897701514028,9.0,4.0,0.324,0.0031,1.296,6.0,20.36,0.105316,0.112934,0.122032,0.106204,0.109894,0.10244,0.116594,0.113217,0.111369,1.7530454107482394
2019-09,ASML,0.1159426197352107,12.0,4.0,0.2547,0.0,1.0188,7.0,21.43,0.105316,0.112934,0.122032,0.106204,0.109894,0.10244,0.116594,0.113217,0.111369,1.7536996660835846
2019-10,ASML,0.0545449211091344,13.0,6.0,0.2517,0.0,1.5101999999999998,10.0,21.79,0.105316,0.112934,0.122032,0.106204,0.109894,0.10244,0.116594,0.113217,0.111369,1.7357695269765667
2019-11,ASML,0.0330188886763551,11.0,3.0,0.103,0.0,0.309,9.0,22.43,0.105316,0.112934,0.122032,0.106204,0.109894,0.10244,0.116594,0.113217,0.111369,1.682692897310829
2019-12,ASML,0.0983119085336703,7.0,4.0,0.103,0.0,0.412,7.0,20.93,0.095511,0.114604,0.119798,0.102295,0.107836,0.109348,0.125643,0.112529,0.112436,1.6211831820021583
2020-01,ASML,-0.051632134924144,18.0,3.0,0.6987,0.0,2.0961,12.0,25.93,0.095511,0.114604,0.119798,0.102295,0.107836,0.109348,0.125643,0.112529,0.112436,1.633101034251598
2020-02,ASML,-0.014073987309939,6.0,6.0,0.3913,0.0,2.3478,11.0,25.07,0.095511,0.114604,0.119798,0.102295,0.107836,0.109348,0.125643,0.112529,0.112436,1.6691926998652324
2020-03,ASML,-0.0544611811790295,26.0,6.0,0.3928,0.0,2.3568,13.0,20.14,0.095511,0.114604,0.119798,0.102295,0.107836,0.109348,0.125643,0.112529,0.112436,1.7749647207448798
2020-04,ASML,0.1023923052465682,3.0,3.0,0.9753,0.0,2.9259,10.0,20.79,0.095511,0.114604,0.119798,0.102295,0.107836,0.109348,0.125643,0.112529,0.112436,1.7441987899453233
2020-05,ASML,0.1482109660115593,9.0,1.0,0.985,0.0,0.985,10.0,22.21,0.095511,0.114604,0.119798,0.102295,0.107836,0.109348,0.125643,0.112529,0.112436,1.6909563496894464
2020-06,ASML,0.1169010647715704,8.0,0.0,0.0,0.0,0.0,11.0,21.93,0.095511,0.114604,0.119798,0.102295,0.107836,0.109348,0.125643,0.112529,0.112436,1.6184455163237819
2020-07,ASML,-0.0388827769988989,5.0,1.0,1.0,0.0,1.0,16.0,21.71,0.095511,0.114604,0.119798,0.102295,0.107836,0.109348,0.125643,0.112529,0.112436,1.5638095591205554
2020-08,ASML,0.0578424658406124,7.0,1.0,0.998,0.0,0.998,12.0,20.71,0.095511,0.114604,0.119798,0.102295,0.107836,0.109348,0.125643,0.112529,0.112436,1.524476691161725
2020-09,ASML,-0.0131222243729494,16.0,12.0,0.2593,0.0049,3.1115999999999997,12.0,22.07,0.095511,0.114604,0.119798,0.102295,0.107836,0.109348,0.125643,0.112529,0.112436,1.513635347324477
2020-10,ASML,-0.0218267599402176,8.0,19.0,0.3447,0.0086,6.549300000000001,12.0,20.5,0.095511,0.114604,0.119798,0.102295,0.107836,0.109348,0.125643,0.112529,0.112436,1.5235466714412838
2020-11,ASML,0.2118436478639143,7.0,6.0,0.408,0.0,2.448,11.0,19.36,0.095511,0.114604,0.119798,0.102295,0.107836,0.109348,0.125643,0.112529,0.112436,1.4785113102486258
2020-12,ASML,0.1185256177400337,3.0,3.0,0.103,0.0,0.309,11.0,19.07,0.110483,0.118476,0.1279,0.107307,0.100067,0.098081,0.114116,0.112331,0.111239,1.4162496740884183
2021-01,ASML,0.095218682792697,13.0,11.0,0.5927,0.0406,6.5197,17.0,18.93,0.110483,0.118476,0.1279,0.107307,0.100067,0.098081,0.114116,0.112331,0.111239,1.5832220989927597
2021-02,ASML,0.0616482698287659,37.0,16.0,0.6509,0.017,10.4144,17.0,20.0,0.110483,0.118476,0.1279,0.107307,0.100067,0.098081,0.114116,0.112331,0.111239,1.721473042067175
2021-03,ASML,0.0886453146783932,5.0,45.0,0.6298,0.0192,28.341,18.0,19.79,0.110483,0.118476,0.1279,0.107307,0.100067,0.098081,0.114116,0.112331,0.111239,1.7755808822951868
2021-04,ASML,0.049792604332242,6.0,53.0,0.695,0.013,36.835,20.0,19.36,0.110483,0.118476,0.1279,0.107307,0.100067,0.098081,0.114116,0.112331,0.111239,1.7774178157615617
2021-05,ASML,0.0422311454153676,11.0,35.0,0.4965,0.0209,17.3775,17.0,19.64,0.110483,0.118476,0.1279,0.107307,0.100067,0.098081,0.114116,0.112331,0.111239,1.8023333065356493
2021-06,ASML,0.0257141260787576,8.0,56.0,0.6882,0.0087,38.5392,16.0,20.21,0.110483,0.118476,0.1279,0.107307,0.100067,0.098081,0.114116,0.112331,0.111239,1.8060512732069587
2021-07,ASML,0.1098662658631606,7.0,41.0,0.377,0.0091,15.457,21.0,19.43,0.110483,0.118476,0.1279,0.107307,0.100067,0.098081,0.114116,0.112331,0.111239,1.815263746952311
2021-08,ASML,0.0864699251490968,9.0,32.0,0.762,0.0,24.384,20.0,18.29,0.110483,0.118476,0.1279,0.107307,0.100067,0.098081,0.114116,0.112331,0.111239,1.7808559971320272
2021-09,ASML,-0.1055530855473226,16.0,55.0,0.7242,0.0079,39.830999999999996,28.0,19.5,0.110483,0.118476,0.1279,0.107307,0.100067,0.098081,0.114116,0.112331,0.111239,1.828424745618889
2021-10,ASML,0.0909528368752365,9.0,54.0,0.4145,0.0148,22.383,33.0,19.64,0.110483,0.118476,0.1279,0.107307,0.100067,0.098081,0.114116,0.112331,0.111239,1.8966489812308953
2021-11,ASML,-0.0262891119302686,4.0,26.0,0.5358,0.0178,13.930800000000001,27.0,20.79,0.110483,0.118476,0.1279,0.107307,0.100067,0.098081,0.114116,0.112331,0.111239,1.9349709131335557
2021-12,ASML,0.0084523531715112,9.0,42.0,0.7536,0.0051,31.651200000000003,24.0,19.29,0.10801,0.11558,0.131021,0.107993,0.101877,0.104216,0.111992,0.109591,0.109721,1.9530089622588873
2022-01,ASML,-0.14939582980812,39.0,85.0,0.4182,0.0064,35.547000000000004,32.0,24.86,0.10801,0.11558,0.131021,0.107993,0.101877,0.104216,0.111992,0.109591,0.109721,2.0214172602297116
2022-02,ASML,-0.0157856274305107,3.0,42.0,0.6117,0.0037,25.6914,27.0,26.0,0.10801,0.11558,0.131021,0.107993,0.101877,0.104216,0.111992,0.109591,0.109721,2.0089641511385627
2022-03,ASML,0.0021304831281379,11.0,36.0,0.4294,0.0195,15.458400000000001,25.0,27.36,0.10801,0.11558,0.131021,0.107993,0.101877,0.104216,0.111992,0.109591,0.109721,2.090642026491214
2022-04,ASML,-0.155944623115223,8.0,50.0,0.3845,0.0069,19.225,22.0,26.71,0.10801,0.11558,0.131021,0.107993,0.101877,0.104216,0.111992,0.109591,0.109721,2.077463740801491
2022-05,ASML,0.0222076835336428,20.0,29.0,0.4751,0.0144,13.7779,21.0,25.5,0.10801,0.11558,0.131021,0.107993,0.101877,0.104216,0.111992,0.109591,0.109721,2.1195042352208064
2022-06,ASML,-0.1685600443728782,8.0,32.0,0.5137,0.0189,16.4384,21.0,25.64,0.10801,0.11558,0.131021,0.107993,0.101877,0.104216,0.111992,0.109591,0.109721,2.1408484182128755
2022-07,ASML,0.2071111731759989,9.0,75.0,0.2825,0.0247,21.187499999999996,24.0,23.43,0.10801,0.11558,0.131021,0.107993,0.101877,0.104216,0.111992,0.109591,0.109721,2.238841312138629
2022-08,ASML,-0.1470999034406591,7.0,37.0,0.3615,0.028,13.375499999999999,22.0,22.79,0.10801,0.11558,0.131021,0.107993,0.101877,0.104216,0.111992,0.109591,0.109721,2.3261613930615677
2022-09,ASML,-0.1502113345106326,6.0,36.0,0.4906,0.0108,17.6616,23.0,24.5,0.10801,0.11558,0.131021,0.107993,0.101877,0.104216,0.111992,0.109591,0.109721,2.327107057804574
2022-10,ASML,0.137402249468826,5.0,79.0,0.331,0.0187,26.149,28.0,24.57,0.10801,0.11558,0.131021,0.107993,0.101877,0.104216,0.111992,0.109591,0.109721,2.3628040418784364
2022-11,ASML,0.2872445106130408,16.0,52.0,0.7155,0.0144,37.206,25.0,25.79,0.10801,0.11558,0.131021,0.107993,0.101877,0.104216,0.111992,0.109591,0.109721,2.4029142198248366
2022-12,ASML,-0.0987875778801644,9.0,36.0,0.4573,0.021,16.462799999999998,22.0,25.86,0.109698,0.114119,0.134997,0.107136,0.108264,0.100116,0.111258,0.107864,0.106548,2.439595287321293
2023-01,ASML,0.2094437842418111,22.0,75.0,0.5634,0.0126,42.255,28.0,27.43,0.109698,0.114119,0.134997,0.107136,0.108264,0.100116,0.111258,0.107864,0.106548,2.4676457345250116
2023-02,ASML,-0.0652350179072783,5.0,45.0,0.406,0.0212,18.27,27.0,31.0,0.109698,0.114119,0.134997,0.107136,0.108264,0.100116,0.111258,0.107864,0.106548,2.484563939994976
2023-03,ASML,0.1043456976167953,4.0,47.0,0.5344,0.0255,25.116799999999998,25.0,30.57,0.109698,0.114119,0.134997,0.107136,0.108264,0.100116,0.111258,0.107864,0.106548,2.5043714059443474
2023-04,ASML,-0.064418036983917,19.0,77.0,0.5578,0.0177,42.950599999999994,24.0,30.14,0.109698,0.114119,0.134997,0.107136,0.108264,0.100116,0.111258,0.107864,0.106548,2.5305808695665735
2023-05,ASML,0.1351476503811772,6.0,38.0,0.6558,0.0206,24.9204,23.0,31.29,0.109698,0.114119,0.134997,0.107136,0.108264,0.100116,0.111258,0.107864,0.106548,2.514272590225081
2023-06,ASML,0.0054504878469439,8.0,40.0,0.4998,0.0467,19.992,22.0,32.64,0.109698,0.114119,0.134997,0.107136,0.108264,0.100116,0.111258,0.107864,0.106548,2.532858625924902
2023-07,ASML,-0.0115071099352435,4.0,81.0,0.5576,0.0432,45.1656,25.0,30.57,0.109698,0.114119,0.134997,0.107136,0.108264,0.100116,0.111258,0.107864,0.106548,2.566409975814158
2023-08,ASML,-0.0780000307724155,8.0,29.0,0.6032,0.047,17.4928,22.0,29.57,0.109698,0.114119,0.134997,0.107136,0.108264,0.100116,0.111258,0.107864,0.106548,2.644794086649411
2023-09,ASML,-0.1068206134533746,15.0,57.0,0.4568,0.0255,26.037599999999998,26.0,30.57,0.109698,0.114119,0.134997,0.107136,0.108264,0.100116,0.111258,0.107864,0.106548,2.6547019846829096
2023-10,ASML,0.0172424719970658,7.0,94.0,0.4063,0.0351,38.1922,24.0,31.0,0.109698,0.114119,0.134997,0.107136,0.108264,0.100116,0.111258,0.107864,0.106548,2.700308305524762
2023-11,ASML,0.1418648047011927,15.0,55.0,0.6571,0.0245,36.1405,21.0,31.86,0.109698,0.114119,0.134997,0.107136,0.108264,0.100116,0.111258,0.107864,0.106548,2.716792831936273
2023-12,ASML,0.1098322062668328,9.0,36.0,0.8314,0.0359,29.930400000000002,21.0,30.79,0.109588,0.116037,0.12669,0.108527,0.10722,0.105503,0.11181,0.106673,0.107952,2.722582386219625
2024-01,ASML,0.1491572674707779,14.0,108.0,0.6798,0.0399,73.41839999999999,32.0,32.79,0.109588,0.116037,0.12669,0.108527,0.10722,0.105503,0.11181,0.106673,0.107952,2.7819888952208855
2024-02,ASML,0.0941114076298808,7.0,66.0,0.7545,0.0466,49.797,38.0,36.07,0.109588,0.116037,0.12669,0.108527,0.10722,0.105503,0.11181,0.106673,0.107952,2.85813701632189
2024-03,ASML,0.021528585010478,3.0,50.0,0.7063,0.0473,35.315000000000005,36.0,35.86,0.109588,0.116037,0.12669,0.108527,0.10722,0.105503,0.11181,0.106673,0.107952,2.9307212670576623
2024-04,ASML,-0.1009820211240491,20.0,92.0,0.4797,0.051,44.132400000000004,37.0,35.29,0.109588,0.116037,0.12669,0.108527,0.10722,0.105503,0.11181,0.106673,0.107952,3.0458281707024963
2024-05,ASML,0.103014661272536,4.0,37.0,0.7433,0.0559,27.5021,28.0,36.21,0.109588,0.116037,0.12669,0.108527,0.10722,0.105503,0.11181,0.106673,0.107952,3.0938520200349733
2024-06,ASML,0.0649555173551077,10.0,57.0,0.7569,0.0624,43.1433,33.0,34.0,0.109588,0.116037,0.12669,0.108527,0.10722,0.105503,0.11181,0.106673,0.107952,3.1497649900253193
2024-07,ASML,-0.0841179904432003,6.0,105.0,0.4669,0.0516,49.024499999999996,44.0,32.57,0.109588,0.116037,0.12669,0.108527,0.10722,0.105503,0.11181,0.106673,0.107952,3.231367422471143
2024-08,ASML,-0.0332606409550688,6.0,53.0,0.4839,0.0683,25.6467,40.0,33.07,0.109588,0.116037,0.12669,0.108527,0.10722,0.105503,0.11181,0.106673,0.107952,3.3310749451559407
2024-09,ASML,-0.0781308080543152,8.0,60.0,0.6734,0.059,40.403999999999996,38.0,35.36,0.109588,0.116037,0.12669,0.108527,0.10722,0.105503,0.11181,0.106673,0.107952,3.4037280155969505
2024-10,ASML,-0.192859261652674,10.0,116.0,0.5629,0.0556,65.29639999999999,71.0,36.21,0.109588,0.116037,0.12669,0.108527,0.10722,0.105503,0.11181,0.106673,0.107952,3.553040294462946
2024-11,ASML,0.0232750697856753,16.0,23.0,0.2177,0.0301,5.0071,52.0,38.36,0.109588,0.116037,0.12669,0.108527,0.10722,0.105503,0.11181,0.106673,0.107952,3.5572822437309046
2024-12,ASML,0.0094232649529129,8.0,20.0,0.2372,0.0827,4.744,47.0,37.14,0.109455,0.116669,0.127683,0.108769,0.108394,0.103304,0.111456,0.10662,0.107651,3.666174536752169
2025-01,ASML,0.0667020976580305,33.0,98.0,0.6829,0.073,66.9242,66.0,38.79,0.109455,0.116669,0.127683,0.108769,0.108394,0.103304,0.111456,0.10662,0.107651,3.837197173899172
2025-02,ASML,-0.0408892964477337,9.0,50.0,0.733,0.0396,36.65,43.0,41.43,0.109455,0.116669,0.127683,0.108769,0.108394,0.103304,0.111456,0.10662,0.107651,3.8218116954508234
2025-03,ASML,-0.0635316692128703,2.0,46.0,0.817,0.0538,37.582,42.0,39.86,0.109455,0.116669,0.127683,0.108769,0.108394,0.103304,0.111456,0.10662,0.107651,3.81768192199241
2025-04,ASML,0.0082248984435586,19.0,130.0,0.4209,0.0368,54.717,53.0,40.07,0.109455,0.116669,0.127683,0.108769,0.108394,0.103304,0.111456,0.10662,0.107651,3.8664188695007446
2025-05,ASML,0.1062324434926835,9.0,59.0,0.8243,0.0361,48.633700000000005,37.0,40.21,0.109455,0.116669,0.127683,0.108769,0.108394,0.103304,0.111456,0.10662,0.107651,3.837055283270853
2025-06,ASML,0.0877070778417317,16.0,105.0,0.8111,0.0251,85.16550000000001,38.0,45.64,0.109455,0.116669,0.127683,0.108769,0.108394,0.103304,0.111456,0.10662,0.107651,3.8054425238627174
2025-07,ASML,-0.1331187320485963,6.0,375.0,0.6193,0.0334,232.23749999999998,63.0,48.5,0.109455,0.116669,0.127683,0.108769,0.108394,0.103304,0.111456,0.10662,0.107651,3.867240785977905
2025-08,ASML,0.071675651380699,7.0,204.0,0.835,0.0359,170.34,78.0,87.57,0.109455,0.116669,0.127683,0.108769,0.108394,0.103304,0.111456,0.10662,0.107651,3.94030530913253
2025-09,ASML,0.3036140976727952,13.0,318.0,0.7742,0.0389,246.1956,89.0,86.07,0.109455,0.116669,0.127683,0.108769,0.108394,0.103304,0.111456,0.10662,0.107651,4.095790313405965
2025-10,ASML,0.0941442511197869,4.0,451.0,0.7476,0.0298,337.1676,100.0,86.86,0.109455,0.116669,0.127683,0.108769,0.108394,0.103304,0.111456,0.10662,0.107651,4.189565225512766
2025-11,ASML,0.002502322285764,22.0,199.0,0.8556,0.0368,170.2644,62.0,91.29,0.109455,0.116669,0.127683,0.108769,0.108394,0.103304,0.111456,0.10662,0.107651,4.222825899904719
2025-12,ASML,0.0093018971867109,8.0,205.0,0.9071,0.0335,185.9555,59.0,86.86,0.109194,0.115129,0.129695,0.109665,0.105577,0.103842,0.110457,0.108296,0.108145,4.192045786092567
2014-01,AVGO,0.0381287356734392,19.0,0.0,0.0,0.0,0.0,1.0,18.14,0.125873,0.101862,0.109499,0.123892,0.116227,0.092007,0.111782,0.107669,0.111189,0.00892018779342723
2014-02,AVGO,0.1292092661272124,14.0,0.0,0.0,0.0,0.0,1.0,18.14,0.125873,0.101862,0.109499,0.123892,0.116227,0.092007,0.111782,0.107669,0.111189,0.03235116005413669
2014-03,AVGO,0.0439225491149692,4.0,0.0,0.0,0.0,0.0,1.0,17.14,0.110469,0.105387,0.119564,0.113436,0.106751,0.098142,0.120404,0.11817,0.107678,0.03698704186377954
2014-04,AVGO,-0.0099127875018629,8.0,0.0,0.0,0.0,0.0,1.0,17.21,0.110469,0.105387,0.119564,0.113436,0.106751,0.098142,0.120404,0.11817,0.107678,0.04750954391415433
2014-05,AVGO,0.1129134349845475,14.0,0.0,0.0,0.0,0.0,2.0,16.86,0.110469,0.105387,0.119564,0.113436,0.106751,0.098142,0.120404,0.11817,0.107678,0.0616417358831594
2014-06,AVGO,0.0198103570546812,17.0,0.0,0.0,0.0,0.0,2.0,18.0,0.109344,0.105547,0.119327,0.114013,0.10768,0.098583,0.120901,0.116887,0.107718,0.07871096710201055
2014-07,AVGO,-0.0333698387105079,9.0,0.0,0.0,0.0,0.0,1.0,19.29,0.109344,0.105547,0.119327,0.114013,0.10768,0.098583,0.120901,0.116887,0.107718,0.08743194610530845
2014-08,AVGO,0.18319388131,10.0,0.0,0.0,0.0,0.0,2.0,17.86,0.109344,0.105547,0.119327,0.114013,0.10768,0.098583,0.120901,0.116887,0.107718,0.10044671257611214
2014-09,AVGO,0.0598123073070613,23.0,0.0,0.0,0.0,0.0,2.0,17.64,0.110491,0.105184,0.119348,0.114362,0.107846,0.098119,0.120664,0.116568,0.107417,0.1396238866087283
2014-10,AVGO,-0.0049989669255785,10.0,0.0,0.0,0.0,0.0,2.0,18.14,0.110491,0.105184,0.119348,0.114362,0.107846,0.098119,0.120664,0.116568,0.107417,0.14925534872470883
2014-11,AVGO,0.082898717189217,16.0,0.0,0.0,0.0,0.0,2.0,18.36,0.110491,0.105184,0.119348,0.114362,0.107846,0.098119,0.120664,0.116568,0.107417,0.16696294577625712
2014-12,AVGO,0.0769806410161506,8.0,0.0,0.0,0.0,0.0,2.0,17.79,0.131524,0.103025,0.10735,0.126957,0.1106,0.092956,0.107427,0.110563,0.109597,0.1725611714903447
2015-01,AVGO,0.0264565098472586,10.0,0.0,0.0,0.0,0.0,2.0,17.21,0.131524,0.103025,0.10735,0.126957,0.1106,0.092956,0.107427,0.110563,0.109597,0.17120227550285602
2015-02,AVGO,0.2404744652655004,15.0,0.0,0.0,0.0,0.0,2.0,17.07,0.131524,0.103025,0.10735,0.126957,0.1106,0.092956,0.107427,0.110563,0.109597,0.20501490192610788
2015-03,AVGO,-0.0050148047974543,12.0,0.0,0.0,0.0,0.0,2.0,17.0,0.110342,0.104822,0.120058,0.113689,0.108556,0.097272,0.120591,0.117631,0.107039,0.2204371199536211
2015-04,AVGO,-0.0768229562363763,11.0,0.0,0.0,0.0,0.0,2.0,17.0,0.110342,0.104822,0.120058,0.113689,0.108556,0.097272,0.120591,0.117631,0.107039,0.2263879164522158
2015-05,AVGO,0.2668552334958065,18.0,0.0,0.0,0.0,0.0,3.0,17.07,0.110342,0.104822,0.120058,0.113689,0.108556,0.097272,0.120591,0.117631,0.107039,0.23806128106737667
2015-06,AVGO,-0.1022488146870101,10.0,0.0,0.0,0.0,0.0,3.0,16.36,0.108938,0.107352,0.119196,0.114999,0.109418,0.097422,0.118437,0.11627,0.107967,0.2432946992854237
2015-07,AVGO,-0.0559428388628241,5.0,0.0,0.0,0.0,0.0,3.0,16.71,0.108938,0.107352,0.119196,0.114999,0.109418,0.097422,0.118437,0.11627,0.107967,0.24379592631507468
2015-08,AVGO,0.0066323936035097,5.0,3.0,0.466,0.0,1.3980000000000001,3.0,15.43,0.108938,0.107352,0.119196,0.114999,0.109418,0.097422,0.118437,0.11627,0.107967,0.28461345235215707
2015-09,AVGO,-0.0076210368097135,9.0,1.0,0.077,0.0,0.077,2.0,15.64,0.109315,0.107468,0.11911,0.115303,0.10892,0.096917,0.118287,0.116402,0.108278,0.2941937519969282
2015-10,AVGO,-0.0119505262983123,7.0,1.0,0.968,0.0,0.968,2.0,16.36,0.109315,0.107468,0.11911,0.115303,0.10892,0.096917,0.118287,0.116402,0.108278,0.30441621070359604
2015-11,AVGO,0.0594494799544109,6.0,2.0,0.209,0.0,0.418,2.0,16.36,0.109315,0.107468,0.11911,0.115303,0.10892,0.096917,0.118287,0.116402,0.108278,0.30998210557637673
2015-12,AVGO,0.1126868010281867,6.0,3.0,0.69,0.0,2.07,3.0,16.36,0.132065,0.102672,0.106957,0.126858,0.111087,0.092608,0.107756,0.11088,0.109116,0.3832603802321304
2016-01,AVGO,-0.0759773878889016,20.0,2.0,0.9955,0.0,1.991,2.0,15.93,0.132065,0.102672,0.106957,0.126858,0.111087,0.092608,0.107756,0.11088,0.109116,0.399891757254196
2016-02,AVGO,0.0019447258427418,3.0,7.0,0.7351,0.0065,5.1457,4.0,16.14,0.132065,0.102672,0.106957,0.126858,0.111087,0.092608,0.107756,0.11088,0.109116,0.5125871337515847
2016-03,AVGO,0.1532430448858968,7.0,7.0,0.867,0.0141,6.069,4.0,16.21,0.132065,0.102672,0.106957,0.126858,0.111087,0.092608,0.107756,0.11088,0.109116,0.7099895861386014
2016-04,AVGO,-0.0535103953454951,9.0,2.0,0.9865,0.0147,1.973,3.0,16.21,0.132065,0.102672,0.106957,0.126858,0.111087,0.092608,0.107756,0.11088,0.109116,0.7965506749938892
2016-05,AVGO,0.059073919147454,19.0,3.0,0.5337,0.0106,1.6010999999999997,3.0,17.0,0.132065,0.102672,0.106957,0.126858,0.111087,0.092608,0.107756,0.11088,0.109116,0.8887705535813236
2016-06,AVGO,0.006737567441664,5.0,1.0,1.0,0.0,1.0,4.0,16.14,0.132065,0.102672,0.106957,0.126858,0.111087,0.092608,0.107756,0.11088,0.109116,0.9569965783379861
2016-07,AVGO,0.0456306668999402,4.0,1.0,0.997,0.0249,0.997,2.0,15.21,0.132065,0.102672,0.106957,0.126858,0.111087,0.092608,0.107756,0.11088,0.109116,1.0707752507277404
2016-08,AVGO,0.0891464144890432,1.0,2.0,0.2685,0.0,0.537,3.0,14.79,0.132065,0.102672,0.106957,0.126858,0.111087,0.092608,0.107756,0.11088,0.109116,1.0317777509049826
2016-09,AVGO,-0.0221061045423819,11.0,2.0,0.995,0.0,1.99,4.0,16.07,0.132065,0.102672,0.106957,0.126858,0.111087,0.092608,0.107756,0.11088,0.109116,1.0551570549559361
2016-10,AVGO,-0.01000754170889,6.0,6.0,0.8227,0.0187,4.9361999999999995,2.0,17.0,0.132065,0.102672,0.106957,0.126858,0.111087,0.092608,0.107756,0.11088,0.109116,1.2082816454070393
2016-11,AVGO,0.0012334890569936,2.0,4.0,0.7975,0.0266,3.19,3.0,17.93,0.132065,0.102672,0.106957,0.126858,0.111087,0.092608,0.107756,0.11088,0.109116,1.3184408947554835
2016-12,AVGO,0.0368351670509443,10.0,3.0,0.997,0.0036,2.991,4.0,17.21,0.132065,0.102672,0.106957,0.126858,0.111087,0.092608,0.107756,0.11088,0.109116,1.3685929606895275
2017-01,AVGO,0.1350369900587138,21.0,2.0,0.9965,0.0,1.993,4.0,17.64,0.132065,0.102672,0.106957,0.126858,0.111087,0.092608,0.107756,0.11088,0.109116,1.3619351510268154
2017-02,AVGO,0.0572930740204138,15.0,1.0,-0.226,0.0,-0.226,4.0,18.14,0.132065,0.102672,0.106957,0.126858,0.111087,0.092608,0.107756,0.11088,0.109116,1.3432237134746619
2017-03,AVGO,0.0380694726545831,3.0,3.0,0.9793,0.0107,2.9379,6.0,19.21,0.132065,0.102672,0.106957,0.126858,0.111087,0.092608,0.107756,0.11088,0.109116,1.4067731686692302
2017-04,AVGO,0.0130227959944912,7.0,3.0,0.9943,0.0352,2.9829,4.0,19.07,0.132065,0.102672,0.106957,0.126858,0.111087,0.092608,0.107756,0.11088,0.109116,1.5273388814591193
2017-05,AVGO,0.0845522682025312,5.0,1.0,-0.226,0.0,-0.226,5.0,19.36,0.132065,0.102672,0.106957,0.126858,0.111087,0.092608,0.107756,0.11088,0.109116,1.449367874953749
2017-06,AVGO,-0.0268498793584758,13.0,2.0,1.0,0.0416,2.0,7.0,20.14,0.132065,0.102672,0.106957,0.126858,0.111087,0.092608,0.107756,0.11088,0.109116,1.605695198310955
2017-07,AVGO,0.0629062295793831,5.0,0.0,0.0,0.0,0.0,5.0,20.0,0.132065,0.102672,0.106957,0.126858,0.111087,0.092608,0.107756,0.11088,0.109116,1.529658958724302
2017-08,AVGO,0.021933465956331,6.0,6.0,0.611,0.0115,3.666,6.0,19.0,0.132065,0.102672,0.106957,0.126858,0.111087,0.092608,0.107756,0.11088,0.109116,1.6327897037802934
2017-09,AVGO,-0.037806966794545,9.0,1.0,0.993,0.0092,0.993,5.0,19.79,0.132065,0.102672,0.106957,0.126858,0.111087,0.092608,0.107756,0.11088,0.109116,1.602159078116874
2017-10,AVGO,0.0925571288828079,6.0,5.0,0.829,0.0121,4.145,5.0,20.64,0.132065,0.102672,0.106957,0.126858,0.111087,0.092608,0.107756,0.11088,0.109116,1.6604462243130167
2017-11,AVGO,0.0531617751102515,1.0,5.0,0.7038,0.0,3.519,9.0,22.0,0.132065,0.102672,0.106957,0.126858,0.111087,0.092608,0.107756,0.11088,0.109116,1.6507535021990625
2017-12,AVGO,-0.0756996349274438,4.0,2.0,1.0,0.0216,2.0,8.0,20.64,0.132065,0.102672,0.106957,0.126858,0.111087,0.092608,0.107756,0.11088,0.109116,1.7350632034643534
2018-01,AVGO,-0.0281266919098072,5.0,3.0,0.9943,0.0314,2.9829,6.0,21.21,0.132065,0.102672,0.106957,0.126858,0.111087,0.092608,0.107756,0.11088,0.109116,1.840153279264759
2018-02,AVGO,-0.0063299317472378,8.0,3.0,0.5093,0.0,1.5278999999999998,8.0,21.64,0.132065,0.102672,0.106957,0.126858,0.111087,0.092608,0.107756,0.11088,0.109116,1.792174833093627
2018-03,AVGO,-0.0438609393886981,6.0,4.0,0.9853,0.0265,3.9412,10.0,21.07,0.132065,0.102672,0.106957,0.126858,0.111087,0.092608,0.107756,0.11088,0.109116,1.9378642679732134
2018-04,AVGO,-0.0121717354387825,4.0,5.0,0.9952,0.0204,4.976,7.0,21.0,0.132065,0.102672,0.106957,0.126858,0.111087,0.092608,0.107756,0.11088,0.109116,2.019154098010856
2018-05,AVGO,0.0987268359646662,2.0,2.0,0.6345,0.0174,1.269,6.0,20.5,0.132065,0.102672,0.106957,0.126858,0.111087,0.092608,0.107756,0.11088,0.109116,1.9873645975375518
2018-06,AVGO,-0.0374100540074923,14.0,5.0,0.9952,0.0,4.976,8.0,19.71,0.108407,0.106468,0.119471,0.114287,0.109928,0.097272,0.117881,0.115468,0.110818,2.0378722137195524
2018-07,AVGO,-0.0737556408830939,1.0,1.0,0.184,0.0,0.184,11.0,19.5,0.108407,0.106468,0.119471,0.114287,0.109928,0.097272,0.117881,0.115468,0.110818,2.120487601913084
2018-08,AVGO,-0.0123552437607109,3.0,3.0,0.9947,0.052,2.9841,8.0,19.29,0.108407,0.106468,0.119471,0.114287,0.109928,0.097272,0.117881,0.115468,0.110818,2.345978235938462
2018-09,AVGO,0.1264665022013016,1.0,3.0,0.9873,0.0273,2.9619,10.0,20.29,0.108349,0.106961,0.118805,0.115506,0.109511,0.096603,0.119004,0.115282,0.109978,2.4905674550911345
2018-10,AVGO,-0.0873908537742826,8.0,8.0,0.9888,0.0411,7.9104,7.0,21.07,0.108349,0.106961,0.118805,0.115506,0.109511,0.096603,0.119004,0.115282,0.109978,2.7649419368969377
2018-11,AVGO,0.0622844231830419,3.0,2.0,0.9845,0.0096,1.969,7.0,21.29,0.108349,0.106961,0.118805,0.115506,0.109511,0.096603,0.119004,0.115282,0.109978,2.686763050183738
2018-12,AVGO,0.0710584166922061,6.0,2.0,0.995,0.0209,1.99,9.0,20.07,0.123446,0.107573,0.114996,0.125457,0.109224,0.09376,0.103619,0.110913,0.111011,2.753997935225442
2019-01,AVGO,0.066056134622169,4.0,0.0,0.0,0.0,0.0,8.0,20.43,0.123446,0.107573,0.114996,0.125457,0.109224,0.09376,0.103619,0.110913,0.111011,2.6072122486890272
2019-02,AVGO,0.0265049929065912,2.0,7.0,0.9924,0.0361,6.9468,7.0,21.64,0.123446,0.107573,0.114996,0.125457,0.109224,0.09376,0.103619,0.110913,0.111011,2.803284115473624
2019-03,AVGO,0.0920614369035635,4.0,6.0,0.996,0.0274,5.976,10.0,21.64,0.108465,0.106857,0.118658,0.115991,0.10993,0.09554,0.118942,0.115896,0.10972,2.8891688205896826
2019-04,AVGO,0.0682859160106432,1.0,1.0,0.999,0.0,0.999,7.0,21.14,0.108465,0.106857,0.118658,0.115991,0.10993,0.09554,0.118942,0.115896,0.10972,2.759514622809341
2019-05,AVGO,-0.209673366482317,1.0,3.0,0.9947,0.0,2.9841,8.0,20.86,0.108465,0.106857,0.118658,0.115991,0.10993,0.09554,0.118942,0.115896,0.10972,2.688154049748746
2019-06,AVGO,0.1439357159089804,6.0,2.0,0.998,0.0505,1.996,10.0,20.64,0.108767,0.10668,0.119044,0.116044,0.109267,0.095513,0.119749,0.114986,0.109951,2.880720773170129
2019-07,AVGO,0.0170578186050676,3.0,1.0,0.994,0.0,0.994,9.0,20.71,0.108767,0.10668,0.119044,0.116044,0.109267,0.095513,0.119749,0.114986,0.109951,2.786384831125751
2019-08,AVGO,-0.0253458177323253,4.0,4.0,0.9963,0.0142,3.9852,7.0,20.36,0.108767,0.10668,0.119044,0.116044,0.109267,0.095513,0.119749,0.114986,0.109951,2.8337569278689045
2019-09,AVGO,-0.0232451060752034,3.0,3.0,0.9947,0.0172,2.9841,9.0,21.43,0.108767,0.10668,0.119044,0.116044,0.109267,0.095513,0.119749,0.114986,0.109951,3.0832177271346417
2019-10,AVGO,0.0705429246399058,7.0,3.0,0.9943,0.0222,2.9829,7.0,21.79,0.108767,0.10668,0.119044,0.116044,0.109267,0.095513,0.119749,0.114986,0.109951,3.0822774251415916
2019-11,AVGO,0.0797675809050464,5.0,2.0,0.9975,0.0,1.995,9.0,22.43,0.108767,0.10668,0.119044,0.116044,0.109267,0.095513,0.119749,0.114986,0.109951,2.9836552389859285
2019-12,AVGO,-0.0006007059714602,3.0,2.0,0.999,0.0695,1.998,9.0,20.93,0.119867,0.109675,0.116618,0.120704,0.107656,0.094949,0.10652,0.113687,0.110324,3.0627189772217482
2020-01,AVGO,-0.0245836701789509,4.0,1.0,0.998,0.016,0.998,9.0,25.93,0.119867,0.109675,0.116618,0.120704,0.107656,0.094949,0.10652,0.113687,0.110324,3.0841837209446394
2020-02,AVGO,-0.106632649569588,7.0,1.0,0.998,0.0052,0.998,8.0,25.07,0.119867,0.109675,0.116618,0.120704,0.107656,0.094949,0.10652,0.113687,0.110324,3.0332540035264506
2020-03,AVGO,-0.130291352665788,4.0,2.0,0.9985,0.0153,1.997,12.0,20.14,0.116459,0.106757,0.114947,0.118066,0.107556,0.09492,0.117156,0.11509,0.10905,3.0489780461235667
2020-04,AVGO,0.1650654702671097,5.0,2.0,0.992,0.0151,1.984,7.0,20.79,0.116459,0.106757,0.114947,0.118066,0.107556,0.09492,0.117156,0.11509,0.10905,3.0183482424060286
2020-05,AVGO,0.072343718256383,3.0,2.0,0.997,0.0643,1.994,7.0,22.21,0.116459,0.106757,0.114947,0.118066,0.107556,0.09492,0.117156,0.11509,0.10905,3.0686067995467154
2020-06,AVGO,0.0835652187282847,2.0,2.0,0.9975,0.0246,1.995,11.0,21.93,0.115731,0.107139,0.113061,0.119884,0.107974,0.095354,0.117367,0.113703,0.109787,3.0439547386093815
2020-07,AVGO,0.0139514170074113,1.0,1.0,0.991,0.0,0.991,7.0,21.71,0.115731,0.107139,0.113061,0.119884,0.107974,0.095354,0.117367,0.113703,0.109787,2.883436179363525
2020-08,AVGO,0.0959750527652774,4.0,0.0,0.0,0.0,0.0,8.0,20.71,0.115731,0.107139,0.113061,0.119884,0.107974,0.095354,0.117367,0.113703,0.109787,2.7467035170396805
2020-09,AVGO,0.04945953415314,2.0,4.0,0.9113,0.0416,3.6452,10.0,22.07,0.115764,0.107137,0.113052,0.119902,0.107967,0.095333,0.11735,0.113679,0.109817,2.691992042518344
2020-10,AVGO,-0.0315722369195899,0.0,0.0,0.0,0.0,0.0,6.0,20.5,0.115764,0.107137,0.113052,0.119902,0.107967,0.095333,0.11735,0.113679,0.109817,2.5441642792284678
2020-11,AVGO,0.1485856935648246,3.0,2.0,0.991,0.0366,1.982,5.0,19.36,0.115764,0.107137,0.113052,0.119902,0.107967,0.095333,0.11735,0.113679,0.109817,2.586481005839867
2020-12,AVGO,0.0903180779155363,4.0,12.0,0.6767,0.0284,8.1204,8.0,19.07,0.121608,0.110104,0.118238,0.122081,0.108504,0.091794,0.103721,0.113393,0.110557,2.674429118337388
2021-01,AVGO,0.037658020945483,6.0,9.0,0.998,0.0,8.982,7.0,18.93,0.121608,0.110104,0.118238,0.122081,0.108504,0.091794,0.103721,0.113393,0.110557,2.5578225928007075
2021-02,AVGO,0.0429968556140532,2.0,5.0,0.5836,0.0034,2.918,7.0,20.0,0.121608,0.110104,0.118238,0.122081,0.108504,0.091794,0.103721,0.113393,0.110557,2.4457622999853856
2021-03,AVGO,-0.0132164374998756,6.0,61.0,0.7746,0.007,47.2506,8.0,19.79,0.115731,0.107139,0.113061,0.119884,0.107974,0.095354,0.117367,0.113703,0.109787,2.3839750576762584
2021-04,AVGO,-0.0083985156146038,5.0,38.0,0.6544,0.006,24.8672,6.0,19.36,0.115731,0.107139,0.113061,0.119884,0.107974,0.095354,0.117367,0.113703,0.109787,2.2873321647339764
2021-05,AVGO,0.0353572686845204,7.0,38.0,0.7693,0.0045,29.2334,5.0,19.64,0.115731,0.107139,0.113061,0.119884,0.107974,0.095354,0.117367,0.113703,0.109787,2.1938228121111383
2021-06,AVGO,0.009548692861538,5.0,102.0,0.6621,0.0123,67.5342,6.0,20.21,0.115731,0.107139,0.113061,0.119884,0.107974,0.095354,0.117367,0.113703,0.109787,2.1831990643874013
2021-07,AVGO,0.0259196403963131,3.0,66.0,0.4997,0.0117,32.980199999999996,6.0,19.43,0.115731,0.107139,0.113061,0.119884,0.107974,0.095354,0.117367,0.113703,0.109787,2.137710307489112
2021-08,AVGO,0.0243305026437037,2.0,39.0,0.6503,0.0113,25.3617,5.0,18.29,0.115731,0.107139,0.113061,0.119884,0.107974,0.095354,0.117367,0.113703,0.109787,2.09211165910394
2021-09,AVGO,-0.0246978337900944,3.0,76.0,0.6657,0.0104,50.593199999999996,6.0,19.5,0.115731,0.107139,0.113061,0.119884,0.107974,0.095354,0.117367,0.113703,0.109787,2.0481941910127714
2021-10,AVGO,0.1044201573274437,2.0,58.0,0.4386,0.0123,25.4388,5.0,19.64,0.115731,0.107139,0.113061,0.119884,0.107974,0.095354,0.117367,0.113703,0.109787,2.005504591332334
2021-11,AVGO,0.0413978004933446,3.0,47.0,0.8963,0.0174,42.1261,5.0,20.79,0.115731,0.107139,0.113061,0.119884,0.107974,0.095354,0.117367,0.113703,0.109787,1.9954968711309196
2021-12,AVGO,0.2017951993000666,6.0,147.0,0.746,0.0108,109.662,8.0,19.29,0.122444,0.114961,0.117309,0.117139,0.101069,0.095745,0.106803,0.114446,0.110085,2.044995441411081
2022-01,AVGO,-0.1138878278345754,8.0,115.0,0.871,0.0,100.165,6.0,24.86,0.122444,0.114961,0.117309,0.117139,0.101069,0.095745,0.106803,0.114446,0.110085,1.9720714356563906
2022-02,AVGO,0.0026624428968371,4.0,106.0,0.8772,0.0,92.9832,6.0,26.0,0.122444,0.114961,0.117309,0.117139,0.101069,0.095745,0.106803,0.114446,0.110085,1.9139990509323146
2022-03,AVGO,0.0719054723981063,7.0,152.0,0.5591,0.0078,84.98320000000001,6.0,27.36,0.116577,0.107509,0.112913,0.119347,0.107366,0.096381,0.117125,0.113171,0.10961,1.9112814918474175
2022-04,AVGO,-0.1136151906097586,4.0,133.0,0.7386,0.0044,98.2338,5.0,26.71,0.116577,0.107509,0.112913,0.119347,0.107366,0.096381,0.117125,0.113171,0.10961,1.8775650561126425
2022-05,AVGO,0.0464293076376847,7.0,200.0,0.6197,0.0,123.94000000000001,7.0,25.5,0.116577,0.107509,0.112913,0.119347,0.107366,0.096381,0.117125,0.113171,0.10961,1.851428846152158
2022-06,AVGO,-0.1625841041741813,2.0,67.0,0.7649,0.0044,51.2483,7.0,25.64,0.111294,0.110572,0.117316,0.117603,0.106786,0.094979,0.118545,0.114019,0.108886,1.7897252437251847
2022-07,AVGO,0.1113796214569438,4.0,92.0,0.7322,0.0084,67.3624,6.0,23.43,0.111294,0.110572,0.117316,0.117603,0.106786,0.094979,0.118545,0.114019,0.108886,1.7729325176144315
2022-08,AVGO,-0.0679204051607293,2.0,52.0,0.8067,0.029,41.9484,6.0,22.79,0.111294,0.110572,0.117316,0.117603,0.106786,0.094979,0.118545,0.114019,0.108886,1.8493091149307577
2022-09,AVGO,-0.1103964814187185,4.0,91.0,0.5974,0.0146,54.363400000000006,7.0,24.5,0.111294,0.110572,0.117316,0.117603,0.106786,0.094979,0.118545,0.114019,0.108886,1.8709307094538286
2022-10,AVGO,0.067683257950867,5.0,50.0,0.8006,0.0153,40.03,6.0,24.57,0.111294,0.110572,0.117316,0.117603,0.106786,0.094979,0.118545,0.114019,0.108886,1.867131900810986
2022-11,AVGO,0.1721051538424465,3.0,39.0,0.8631,0.0,33.6609,6.0,25.79,0.111294,0.110572,0.117316,0.117603,0.106786,0.094979,0.118545,0.114019,0.108886,1.7830504585618754
2022-12,AVGO,0.014699643013373,5.0,119.0,0.5052,0.0095,60.1188,7.0,25.86,0.124308,0.114466,0.116915,0.117626,0.101974,0.094562,0.106195,0.114426,0.109528,1.7702426002137266
2023-01,AVGO,0.0550161966305413,4.0,82.0,0.4394,0.0151,36.0308,7.0,27.43,0.124308,0.114466,0.116915,0.117626,0.101974,0.094562,0.106195,0.114426,0.109528,1.7815016509222144
2023-02,AVGO,0.0158629574321946,6.0,51.0,0.6844,0.0,34.9044,7.0,31.0,0.124308,0.114466,0.116915,0.117626,0.101974,0.094562,0.106195,0.114426,0.109528,1.7223538181788616
2023-03,AVGO,0.0795066299534932,10.0,103.0,0.6361,0.0252,65.5183,8.0,30.57,0.111294,0.110572,0.117316,0.117603,0.106786,0.094979,0.118545,0.114019,0.108886,1.7790516702552173
2023-04,AVGO,-0.0164147146610583,3.0,40.0,0.819,0.0364,32.76,5.0,30.14,0.111294,0.110572,0.117316,0.117603,0.106786,0.094979,0.118545,0.114019,0.108886,1.8332640652357328
2023-05,AVGO,0.2896406067014019,3.0,83.0,0.721,0.0149,59.842999999999996,12.0,31.29,0.111294,0.110572,0.117316,0.117603,0.106786,0.094979,0.118545,0.114019,0.108886,1.8249303025699153
2023-06,AVGO,0.0736052904385935,4.0,129.0,0.6422,0.0368,82.8438,16.0,32.64,0.110713,0.109309,0.118241,0.116396,0.107383,0.094274,0.119139,0.114135,0.11041,1.857177383001012
2023-07,AVGO,0.0415105547175889,2.0,92.0,0.7587,0.0304,69.80040000000001,10.0,30.57,0.110713,0.109309,0.118241,0.116396,0.107383,0.094274,0.119139,0.114135,0.11041,1.8605932666155294
2023-08,AVGO,0.026973773186621,1.0,137.0,0.6334,0.0251,86.77579999999999,11.0,29.57,0.110713,0.109309,0.118241,0.116396,0.107383,0.094274,0.119139,0.114135,0.11041,1.878611865331532
2023-09,AVGO,-0.1000226074598799,4.0,148.0,0.5963,0.0529,88.25240000000001,11.0,30.57,0.110713,0.109309,0.118241,0.116396,0.107383,0.094274,0.119139,0.114135,0.11041,1.9860284828958852
2023-10,AVGO,0.0185080051795563,3.0,129.0,0.5961,0.0387,76.8969,10.0,31.0,0.110713,0.109309,0.118241,0.116396,0.107383,0.094274,0.119139,0.114135,0.11041,2.0531469014510186
2023-11,AVGO,0.1002650165545495,3.0,115.0,0.7523,0.0261,86.5145,14.0,31.86,0.110713,0.109309,0.118241,0.116396,0.107383,0.094274,0.119139,0.114135,0.11041,2.082661594269561
2023-12,AVGO,0.2058051540884709,3.0,149.0,0.6842,0.0336,101.9458,24.0,30.79,0.123365,0.116952,0.117669,0.11843,0.101476,0.092569,0.106688,0.112827,0.110025,2.139709612097075
2024-01,AVGO,0.0619716744019791,5.0,112.0,0.771,0.0383,86.352,16.0,32.79,0.123365,0.116952,0.117669,0.11843,0.101476,0.092569,0.106688,0.112827,0.110025,2.186008497121779
2024-02,AVGO,0.1021100122218723,1.0,145.0,0.7497,0.048,108.7065,18.0,36.07,0.123365,0.116952,0.117669,0.11843,0.101476,0.092569,0.106688,0.112827,0.110025,2.2607286955741803
2024-03,AVGO,0.019162218724241,1.0,148.0,0.6947,0.0537,102.8156,30.0,35.86,0.11742,0.106954,0.114202,0.11835,0.107389,0.095381,0.117121,0.113529,0.109653,2.392264469508025
2024-04,AVGO,-0.0147899478895687,4.0,83.0,0.6041,0.0547,50.140299999999996,17.0,35.29,0.11742,0.106954,0.114202,0.11835,0.107389,0.095381,0.117121,0.113529,0.109653,2.4656828252247487
2024-05,AVGO,0.0217494782278295,4.0,109.0,0.8178,0.046,89.1402,18.0,36.21,0.11742,0.106954,0.114202,0.11835,0.107389,0.095381,0.117121,0.113529,0.109653,2.5111950346851493
2024-06,AVGO,0.2084828890591661,3.0,275.0,0.7398,0.061,203.445,56.0,34.0,0.11742,0.106954,0.114202,0.11835,0.107389,0.095381,0.117121,0.113529,0.109653,2.6830477369871564
2024-07,AVGO,0.0039688216108562,3.0,230.0,0.7543,0.0562,173.489,61.0,32.57,0.11742,0.106954,0.114202,0.11835,0.107389,0.095381,0.117121,0.113529,0.109653,2.880831234100265
2024-08,AVGO,0.0133184934705794,3.0,164.0,0.7771,0.0647,127.4444,40.0,33.07,0.11742,0.106954,0.114202,0.11835,0.107389,0.095381,0.117121,0.113529,0.109653,3.0216941001905355
2024-09,AVGO,0.0594520167158332,0.0,201.0,0.7048,0.074,141.66479999999999,44.0,35.36,0.116878,0.106761,0.114803,0.11814,0.107552,0.095039,0.117335,0.113868,0.109624,3.187263837446657
2024-10,AVGO,-0.0125889026975024,3.0,114.0,0.819,0.0783,93.366,35.0,36.21,0.116878,0.106761,0.114803,0.11814,0.107552,0.095039,0.117335,0.113868,0.109624,3.3144958373488587
2024-11,AVGO,-0.0452966463685509,3.0,19.0,0.3533,0.0823,6.7127,28.0,38.36,0.116878,0.106761,0.114803,0.11814,0.107552,0.095039,0.117335,0.113868,0.109624,3.3521254152713924
2024-12,AVGO,0.4304046552954932,3.0,67.0,0.3906,0.0895,26.1702,73.0,37.14,0.127619,0.119824,0.116556,0.116748,0.099637,0.093073,0.104091,0.11334,0.109111,3.6292024059072676
2025-01,AVGO,-0.0430345402830951,7.0,143.0,0.7575,0.0829,108.32249999999999,53.0,38.79,0.127619,0.119824,0.116556,0.116748,0.099637,0.093073,0.104091,0.11334,0.109111,3.793685755377838
2025-02,AVGO,-0.0987029401436587,5.0,176.0,0.7411,0.0623,130.43359999999998,50.0,41.43,0.127619,0.119824,0.116556,0.116748,0.099637,0.093073,0.104091,0.11334,0.109111,3.8941928103936063
2025-03,AVGO,-0.1604574148294655,5.0,270.0,0.7188,0.0671,194.076,55.0,39.86,0.116604,0.108095,0.113544,0.11958,0.107411,0.098337,0.115554,0.113146,0.107729,4.0210709517884515
2025-04,AVGO,0.1530335949430055,6.0,248.0,0.7028,0.0504,174.2944,47.0,40.07,0.116604,0.108095,0.113544,0.11958,0.107411,0.098337,0.115554,0.113146,0.107729,4.116980043501518
2025-05,AVGO,0.2577024810403048,4.0,198.0,0.7795,0.054,154.341,41.0,40.21,0.116604,0.108095,0.113544,0.11958,0.107411,0.098337,0.115554,0.113146,0.107729,4.155620098099889
2025-06,AVGO,0.1387203401252517,3.0,502.0,0.7369,0.059,369.92379999999997,55.0,45.64,0.115785,0.108035,0.114234,0.119805,0.107214,0.098297,0.115824,0.112927,0.10788,4.293535223153786
2025-07,AVGO,0.0679893597050502,1.0,429.0,0.7125,0.0676,305.6625,50.0,48.5,0.115785,0.108035,0.114234,0.119805,0.107214,0.098297,0.115824,0.112927,0.10788,4.398718935075345
2025-08,AVGO,0.0125639037399625,2.0,656.0,0.7715,0.0434,506.104,62.0,87.57,0.115785,0.108035,0.114234,0.119805,0.107214,0.098297,0.115824,0.112927,0.10788,4.510771778363994
2025-09,AVGO,0.1093512899015975,2.0,960.0,0.683,0.0366,655.6800000000001,100.0,86.07,0.116753,0.109047,0.113827,0.117889,0.106656,0.09828,0.116494,0.113425,0.107628,4.721337991128893
2025-10,AVGO,0.1223160483412029,1.0,815.0,0.7596,0.0831,619.0740000000001,73.0,86.86,0.116753,0.109047,0.113827,0.117889,0.106656,0.09828,0.116494,0.113425,0.107628,4.9258295399648935
2025-11,AVGO,0.0901712664686549,3.0,706.0,0.7959,0.0618,561.9054,59.0,91.29,0.116753,0.109047,0.113827,0.117889,0.106656,0.09828,0.116494,0.113425,0.107628,5.063090935896042
2025-12,AVGO,-0.1411057797773299,2.0,1000.0,0.6973,0.0616,697.3000000000001,93.0,86.86,0.130902,0.120093,0.113038,0.117181,0.100324,0.09327,0.107278,0.109607,0.108306,5.272946380599467
2014-01,CRM,0.096756639651697,0.0,0.0,0.0,0.0,0.0,40.0,18.14,0.10393,0.120841,0.121904,0.111448,0.107274,0.099242,0.119207,0.113768,0.102386,0.07878787878787878
2014-02,CRM,0.030398161911525,1.0,0.0,0.0,0.0,0.0,43.0,18.14,0.10393,0.120841,0.121904,0.111448,0.107274,0.099242,0.119207,0.113768,0.102386,0.16092374149644423
2014-03,CRM,-0.0846561339103206,0.0,0.0,0.0,0.0,0.0,41.0,17.14,0.096223,0.11984,0.119784,0.10842,0.11948,0.109058,0.118296,0.107914,0.100985,0.23791329127546693
2014-04,CRM,-0.0952880541711355,0.0,0.0,0.0,0.0,0.0,43.0,17.21,0.096223,0.11984,0.119784,0.10842,0.11948,0.109058,0.118296,0.107914,0.100985,0.30940872912895573
2014-05,CRM,0.018973789307402,0.0,0.0,0.0,0.0,0.0,42.0,16.86,0.096223,0.11984,0.119784,0.10842,0.11948,0.109058,0.118296,0.107914,0.100985,0.3765790340185362
2014-06,CRM,0.1035531924219821,0.0,0.0,0.0,0.0,0.0,42.0,18.0,0.104044,0.120275,0.12207,0.111627,0.107198,0.099624,0.119024,0.113795,0.102342,0.44361531991533465
2014-07,CRM,-0.0659435711740852,0.0,0.0,0.0,0.0,0.0,40.0,19.29,0.104044,0.120275,0.12207,0.111627,0.107198,0.099624,0.119024,0.113795,0.102342,0.5016958285844114
2014-08,CRM,0.089216534702442,0.0,0.0,0.0,0.0,0.0,39.0,17.86,0.104044,0.120275,0.12207,0.111627,0.107198,0.099624,0.119024,0.113795,0.102342,0.5561465010325579
2014-09,CRM,-0.0264004377320808,0.0,0.0,0.0,0.0,0.0,42.0,17.64,0.104867,0.120817,0.120817,0.111253,0.106752,0.099422,0.119151,0.114164,0.102757,0.6160435075235455
2014-10,CRM,0.1122892920649365,0.0,0.0,0.0,0.0,0.0,43.0,18.14,0.104867,0.120817,0.120817,0.111253,0.106752,0.099422,0.119151,0.114164,0.102757,0.6689676422458063
2014-11,CRM,-0.064385119199094,0.0,0.0,0.0,0.0,0.0,40.0,18.36,0.104867,0.120817,0.120817,0.111253,0.106752,0.099422,0.119151,0.114164,0.102757,0.7242785163881963
2014-12,CRM,-0.0093535000418943,0.0,0.0,0.0,0.0,0.0,36.0,17.79,0.104198,0.120286,0.121389,0.11175,0.107019,0.099213,0.11936,0.11424,0.102546,0.7700476399324452
2015-01,CRM,-0.0482211570119998,2.0,0.0,0.0,0.0,0.0,38.0,17.21,0.104198,0.120286,0.121389,0.11175,0.107019,0.099213,0.11936,0.11424,0.102546,0.8111900597602518
2015-02,CRM,0.22905222836613,0.0,0.0,0.0,0.0,0.0,42.0,17.07,0.104198,0.120286,0.121389,0.11175,0.107019,0.099213,0.11936,0.11424,0.102546,0.8610102973197319
2015-03,CRM,-0.0370423722043123,0.0,0.0,0.0,0.0,0.0,45.0,17.0,0.096237,0.122037,0.125356,0.117238,0.111443,0.103602,0.113104,0.110189,0.100795,0.9200025757652542
2015-04,CRM,0.0899563915846823,0.0,0.0,0.0,0.0,0.0,43.0,17.0,0.096237,0.122037,0.125356,0.117238,0.111443,0.103602,0.113104,0.110189,0.100795,0.968366798865817
2015-05,CRM,-0.0009610316547242,0.0,0.0,0.0,0.0,0.0,40.0,17.07,0.096237,0.122037,0.125356,0.117238,0.111443,0.103602,0.113104,0.110189,0.100795,1.014016546703245
2015-06,CRM,-0.0428866430476643,2.0,0.0,0.0,0.0,0.0,43.0,16.36,0.10683,0.122467,0.118915,0.111049,0.105737,0.096481,0.119485,0.114838,0.104197,1.058705478256932
2015-07,CRM,0.0527071573819082,0.0,0.0,0.0,0.0,0.0,41.0,16.71,0.10683,0.122467,0.118915,0.111049,0.105737,0.096481,0.119485,0.114838,0.104197,1.0843912886008287
2015-08,CRM,-0.0537515509215547,1.0,0.0,0.0,0.0,0.0,40.0,15.43,0.10683,0.122467,0.118915,0.111049,0.105737,0.096481,0.119485,0.114838,0.104197,1.1178147964918375
2015-09,CRM,0.0010088604263531,0.0,0.0,0.0,0.0,0.0,42.0,15.64,0.105585,0.113186,0.121209,0.109406,0.109147,0.099477,0.121206,0.114913,0.105871,1.1493295463073787
2015-10,CRM,0.1192568159343436,1.0,0.0,0.0,0.0,0.0,43.0,16.36,0.105585,0.113186,0.121209,0.109406,0.109147,0.099477,0.121206,0.114913,0.105871,1.1926010248520091
2015-11,CRM,0.0254797012938341,0.0,0.0,0.0,0.0,0.0,43.0,16.36,0.105585,0.113186,0.121209,0.109406,0.109147,0.099477,0.121206,0.114913,0.105871,1.2105139574841584
2015-12,CRM,-0.0161877840065428,1.0,0.0,0.0,0.0,0.0,36.0,16.36,0.1059,0.11356,0.12085,0.109171,0.108898,0.098672,0.121237,0.11569,0.106022,1.2244994365383637
2016-01,CRM,-0.1318879747535389,3.0,0.0,0.0,0.0,0.0,39.0,15.93,0.1059,0.11356,0.12085,0.109171,0.108898,0.098672,0.121237,0.11569,0.106022,1.246221781632499
2016-02,CRM,-0.0045545318228603,0.0,0.0,0.0,0.0,0.0,44.0,16.14,0.1059,0.11356,0.12085,0.109171,0.108898,0.098672,0.121237,0.11569,0.106022,1.2824495670935034
2016-03,CRM,0.0897415696096308,2.0,0.0,0.0,0.0,0.0,43.0,16.21,0.095911,0.121658,0.124701,0.116461,0.111375,0.102962,0.114171,0.111109,0.101652,1.3137891151235526
2016-04,CRM,0.0266829484702098,0.0,1.0,0.998,0.0,0.998,43.0,16.21,0.095911,0.121658,0.124701,0.116461,0.111375,0.102962,0.114171,0.111109,0.101652,1.3602491383042588
2016-05,CRM,0.1043535400030004,1.0,1.0,0.999,0.0,0.999,43.0,17.0,0.095911,0.121658,0.124701,0.116461,0.111375,0.102962,0.114171,0.111109,0.101652,1.4209055377736854
2016-06,CRM,-0.0513678503314581,2.0,0.0,0.0,0.0,0.0,46.0,16.14,0.108024,0.115004,0.119325,0.109811,0.108833,0.096304,0.120069,0.115629,0.107,1.5467445616696427
2016-07,CRM,0.0300968255846805,1.0,0.0,0.0,0.0,0.0,40.0,15.21,0.108024,0.115004,0.119325,0.109811,0.108833,0.096304,0.120069,0.115629,0.107,1.6081723059402995
2016-08,CRM,-0.0290952944545591,1.0,0.0,0.0,0.0,0.0,41.0,14.79,0.108024,0.115004,0.119325,0.109811,0.108833,0.096304,0.120069,0.115629,0.107,1.6197388286444332
2016-09,CRM,-0.1018634449728957,2.0,0.0,0.0,0.0,0.0,44.0,16.07,0.107909,0.114617,0.118625,0.10932,0.109032,0.097448,0.120454,0.115606,0.106988,1.6444781597507052
2016-10,CRM,0.0536941908955068,2.0,0.0,0.0,0.0,0.0,44.0,17.0,0.107909,0.114617,0.118625,0.10932,0.109032,0.097448,0.120454,0.115606,0.106988,1.663351261316626
2016-11,CRM,-0.0420436816749616,2.0,0.0,0.0,0.0,0.0,46.0,17.93,0.107909,0.114617,0.118625,0.10932,0.109032,0.097448,0.120454,0.115606,0.106988,1.6805151941165877
2016-12,CRM,-0.0491666376363939,2.0,0.0,0.0,0.0,0.0,39.0,17.21,0.106902,0.113315,0.11844,0.10963,0.11096,0.097202,0.121535,0.114839,0.107178,1.6759088035434302
2017-01,CRM,0.1554190688941019,9.0,0.0,0.0,0.0,0.0,44.0,17.64,0.106902,0.113315,0.11844,0.10963,0.11096,0.097202,0.121535,0.114839,0.107178,1.706403486922121
2017-02,CRM,0.0284450214777554,2.0,0.0,0.0,0.0,0.0,46.0,18.14,0.106902,0.113315,0.11844,0.10963,0.11096,0.097202,0.121535,0.114839,0.107178,1.726309269736966
2017-03,CRM,0.0140136115532429,1.0,0.0,0.0,0.0,0.0,49.0,19.21,0.096238,0.118508,0.123983,0.115521,0.112924,0.105869,0.115103,0.11029,0.101564,1.773396489951271
2017-04,CRM,0.0440051401659977,2.0,1.0,0.999,0.0135,0.999,43.0,19.07,0.096238,0.118508,0.123983,0.115521,0.112924,0.105869,0.115103,0.11029,0.101564,1.8297562017750237
2017-05,CRM,0.0408733192192576,1.0,0.0,0.0,0.0,0.0,45.0,19.36,0.096238,0.118508,0.123983,0.115521,0.112924,0.105869,0.115103,0.11029,0.101564,1.8251364191522652
2017-06,CRM,-0.0339134753587244,3.0,0.0,0.0,0.0,0.0,43.0,20.14,0.107207,0.114446,0.118024,0.109186,0.111237,0.096972,0.121029,0.1159,0.106,1.8235246258961182
2017-07,CRM,0.0484989313550849,2.0,0.0,0.0,0.0,0.0,43.0,20.0,0.107207,0.114446,0.118024,0.109186,0.111237,0.096972,0.121029,0.1159,0.106,1.8172880462189327
2017-08,CRM,0.0516518907830798,4.0,0.0,0.0,0.0,0.0,42.0,19.0,0.107207,0.114446,0.118024,0.109186,0.111237,0.096972,0.121029,0.1159,0.106,1.8164056278218865
2017-09,CRM,-0.0216776421047579,1.0,0.0,0.0,0.0,0.0,43.0,19.79,0.107207,0.114446,0.118024,0.109186,0.111237,0.096972,0.121029,0.1159,0.106,1.8212709052553417
2017-10,CRM,0.0954827374582496,4.0,0.0,0.0,0.0,0.0,45.0,20.64,0.107207,0.114446,0.118024,0.109186,0.111237,0.096972,0.121029,0.1159,0.106,1.8519075154406173
2017-11,CRM,0.0193473904597332,2.0,1.0,0.997,0.0,0.997,45.0,22.0,0.107207,0.114446,0.118024,0.109186,0.111237,0.096972,0.121029,0.1159,0.106,1.891925329143434
2017-12,CRM,-0.0200345246530244,1.0,1.0,0.999,0.0,0.999,39.0,20.64,0.107228,0.116165,0.119043,0.109062,0.110187,0.095391,0.120718,0.116631,0.105575,1.9172841287666875
2018-01,CRM,0.1142521160134126,8.0,1.0,0.993,0.0,0.993,44.0,21.21,0.107228,0.116165,0.119043,0.109062,0.110187,0.095391,0.120718,0.116631,0.105575,1.9308441925499311
2018-02,CRM,0.0205424897277357,2.0,1.0,0.999,0.0,0.999,44.0,21.64,0.107228,0.116165,0.119043,0.109062,0.110187,0.095391,0.120718,0.116631,0.105575,1.936605703657225
2018-03,CRM,0.0004302557494515,3.0,2.0,0.9995,0.0055,1.999,44.0,21.07,0.097061,0.117459,0.12385,0.116279,0.109748,0.103076,0.115682,0.112636,0.10421,2.0082840846075705
2018-04,CRM,0.040326600795268,3.0,0.0,0.0,0.0,0.0,43.0,21.0,0.097061,0.117459,0.12385,0.116279,0.109748,0.103076,0.115682,0.112636,0.10421,1.990183144643939
2018-05,CRM,0.068931409432577,1.0,0.0,0.0,0.0,0.0,44.0,20.5,0.097061,0.117459,0.12385,0.116279,0.109748,0.103076,0.115682,0.112636,0.10421,1.9732816381914478
2018-06,CRM,0.0546663716077326,5.0,0.0,0.0,0.0,0.0,41.0,19.71,0.107227,0.116963,0.119652,0.109832,0.109331,0.095359,0.119057,0.117282,0.105296,1.9891479999280932
2018-07,CRM,0.0054985550699455,3.0,1.0,0.996,0.0,0.996,42.0,19.5,0.107227,0.116963,0.119652,0.109832,0.109331,0.095359,0.119057,0.117282,0.105296,2.172332627550008
2018-08,CRM,0.1132337120027635,4.0,0.0,0.0,0.0,0.0,46.0,19.29,0.107227,0.116963,0.119652,0.109832,0.109331,0.095359,0.119057,0.117282,0.105296,2.2629837578126257
2018-09,CRM,0.0415901297785739,2.0,1.0,0.999,0.0167,0.999,45.0,20.29,0.107319,0.116933,0.119704,0.109788,0.109322,0.095368,0.119013,0.117247,0.105307,2.459429482651102
2018-10,CRM,-0.13701808002793,2.0,1.0,0.994,0.0126,0.994,44.0,21.07,0.107319,0.116933,0.119704,0.109788,0.109322,0.095368,0.119013,0.117247,0.105307,2.490947369113418
2018-11,CRM,0.040221353216254,2.0,0.0,0.0,0.0,0.0,43.0,21.29,0.107319,0.116933,0.119704,0.109788,0.109322,0.095368,0.119013,0.117247,0.105307,2.451161328373356
2018-12,CRM,-0.0405574680718473,2.0,2.0,0.993,0.0,1.986,38.0,20.07,0.107319,0.116933,0.119704,0.109788,0.109322,0.095368,0.119013,0.117247,0.105307,2.478056322383593
2019-01,CRM,0.1095130052458666,19.0,0.0,0.0,0.0,0.0,44.0,20.43,0.107319,0.116933,0.119704,0.109788,0.109322,0.095368,0.119013,0.117247,0.105307,2.4589191874039176
2019-02,CRM,0.07685718360943,0.0,2.0,0.9565,0.0,1.913,46.0,21.64,0.107319,0.116933,0.119704,0.109788,0.109322,0.095368,0.119013,0.117247,0.105307,2.4649720800842423
2019-03,CRM,-0.0322640462662245,3.0,2.0,0.996,0.0,1.992,46.0,21.64,0.098715,0.119049,0.122985,0.114858,0.112314,0.10617,0.114535,0.108602,0.102773,2.472367453799632
2019-04,CRM,0.044074159526668,6.0,1.0,0.997,0.0,0.997,48.0,21.14,0.098715,0.119049,0.122985,0.114858,0.112314,0.10617,0.114535,0.108602,0.102773,2.4614797547735274
2019-05,CRM,-0.084306092821593,7.0,0.0,0.0,0.0,0.0,44.0,20.86,0.098715,0.119049,0.122985,0.114858,0.112314,0.10617,0.114535,0.108602,0.102773,2.4424400232160335
2019-06,CRM,0.0021134588306033,6.0,3.0,0.8357,0.0,2.5071,46.0,20.64,0.107778,0.116275,0.118566,0.110755,0.110114,0.095988,0.120029,0.115923,0.104573,2.5636640665787995
2019-07,CRM,0.018256210421782,1.0,0.0,0.0,0.0,0.0,42.0,20.71,0.107778,0.116275,0.118566,0.110755,0.110114,0.095988,0.120029,0.115923,0.104573,2.5232083774726215
2019-08,CRM,0.0101618359789903,4.0,0.0,0.0,0.0,0.0,43.0,20.36,0.107778,0.116275,0.118566,0.110755,0.110114,0.095988,0.120029,0.115923,0.104573,2.492888444307873
2019-09,CRM,-0.0488883664130013,7.0,0.0,0.0,0.0,0.0,45.0,21.43,0.104833,0.116144,0.120798,0.111021,0.110705,0.096138,0.120079,0.116396,0.103885,2.479946368001652
2019-10,CRM,0.0542307329251241,10.0,0.0,0.0,0.0,0.0,44.0,21.79,0.104833,0.116144,0.120798,0.111021,0.110705,0.096138,0.120079,0.116396,0.103885,2.4679022094252097
2019-11,CRM,0.0408971225556247,4.0,0.0,0.0,0.0,0.0,44.0,22.43,0.104833,0.116144,0.120798,0.111021,0.110705,0.096138,0.120079,0.116396,0.103885,2.440555754788589
2019-12,CRM,-0.0015348791496533,3.0,0.0,0.0,0.0,0.0,39.0,20.93,0.105178,0.116158,0.120403,0.111133,0.110286,0.096756,0.120242,0.115976,0.103869,2.39442505462052
2020-01,CRM,0.1209421631578697,42.0,0.0,0.0,0.0,0.0,47.0,25.93,0.105178,0.116158,0.120403,0.111133,0.110286,0.096756,0.120242,0.115976,0.103869,2.4043292319906993
2020-02,CRM,-0.0653284464797558,10.0,0.0,0.0,0.0,0.0,44.0,25.07,0.105178,0.116158,0.120403,0.111133,0.110286,0.096756,0.120242,0.115976,0.103869,2.3988523166889335
2020-03,CRM,-0.155046938641443,4.0,1.0,0.999,0.0128,0.999,42.0,20.14,0.099242,0.114427,0.128275,0.11296,0.109839,0.105136,0.114313,0.1132,0.102609,2.4564029107822383
2020-04,CRM,0.1248092472769313,14.0,1.0,0.996,0.0,0.996,39.0,20.79,0.099242,0.114427,0.128275,0.11296,0.109839,0.105136,0.114313,0.1132,0.102609,2.451737290236855
2020-05,CRM,0.0792836549414448,5.0,1.0,0.999,0.0096,0.999,39.0,22.21,0.099242,0.114427,0.128275,0.11296,0.109839,0.105136,0.114313,0.1132,0.102609,2.4552317536792447
2020-06,CRM,0.0717431109282042,16.0,2.0,0.999,0.0086,1.998,44.0,21.93,0.105483,0.11463,0.116586,0.113968,0.109704,0.100465,0.117506,0.116489,0.105169,2.489822984363184
2020-07,CRM,0.0401430769680892,9.0,4.0,0.994,0.0205,3.976,48.0,21.71,0.105483,0.11463,0.116586,0.113968,0.109704,0.100465,0.117506,0.116489,0.105169,2.6023071325624123
2020-08,CRM,0.3992816165249178,0.0,1.0,-0.644,0.0,-0.644,44.0,20.71,0.105483,0.11463,0.116586,0.113968,0.109704,0.100465,0.117506,0.116489,0.105169,2.556196033722636
2020-09,CRM,-0.0782321257705205,7.0,2.0,0.3485,0.0,0.697,49.0,22.07,0.105005,0.114684,0.11624,0.114053,0.108851,0.100939,0.118431,0.115992,0.105805,2.5239921943739287
2020-10,CRM,-0.0757997963799594,27.0,1.0,0.998,0.008,0.998,43.0,20.5,0.105005,0.114684,0.11624,0.114053,0.108851,0.100939,0.118431,0.115992,0.105805,2.556175716217342
2020-11,CRM,0.0582511548449828,8.0,6.0,0.539,0.0,3.234,41.0,19.36,0.105005,0.114684,0.11624,0.114053,0.108851,0.100939,0.118431,0.115992,0.105805,2.531557535971433
2020-12,CRM,-0.094670593094376,9.0,9.0,0.5758,0.0,5.1822,41.0,19.07,0.104596,0.112864,0.116283,0.114318,0.10913,0.101509,0.119471,0.115792,0.106037,2.5223464193373393
2021-01,CRM,0.0136162212971666,47.0,16.0,0.7717,0.0,12.3472,40.0,18.93,0.104596,0.112864,0.116283,0.114318,0.10913,0.101509,0.119471,0.115792,0.106037,2.546862821341916
2021-02,CRM,-0.0401666290052752,6.0,57.0,0.63,0.0,35.910000000000004,42.0,20.0,0.104596,0.112864,0.116283,0.114318,0.10913,0.101509,0.119471,0.115792,0.106037,2.548536107991487
2021-03,CRM,-0.0213858039276712,10.0,93.0,0.7986,0.0,74.2698,43.0,19.79,0.097884,0.114873,0.125106,0.118814,0.109562,0.103535,0.115033,0.111692,0.1035,2.541235202750175
2021-04,CRM,0.0870819313215491,6.0,84.0,0.7186,0.0053,60.3624,42.0,19.36,0.097884,0.114873,0.125106,0.118814,0.109562,0.103535,0.115033,0.111692,0.1035,2.5379164063170734
2021-05,CRM,0.0337790400173381,19.0,127.0,0.5982,0.0,75.97139999999999,42.0,19.64,0.097884,0.114873,0.125106,0.118814,0.109562,0.103535,0.115033,0.111692,0.1035,2.545347586756088
2021-06,CRM,0.0259133883336202,12.0,142.0,0.7234,0.0062,102.7228,43.0,20.21,0.106074,0.113162,0.115046,0.113977,0.108586,0.101381,0.119008,0.11617,0.106596,2.577389363275528
2021-07,CRM,-0.0095795427844939,7.0,46.0,0.7089,0.0,32.6094,40.0,19.43,0.106074,0.113162,0.115046,0.113977,0.108586,0.101381,0.119008,0.11617,0.106596,2.563878397669112
2021-08,CRM,0.0964741835157101,5.0,118.0,0.6138,0.0,72.4284,42.0,18.29,0.106074,0.113162,0.115046,0.113977,0.108586,0.101381,0.119008,0.11617,0.106596,2.5630503486841163
2021-09,CRM,0.0224296791864586,7.0,156.0,0.6216,0.0,96.9696,44.0,19.5,0.106218,0.113261,0.115369,0.113604,0.10761,0.101792,0.118874,0.116524,0.10675,2.5811651804161966
2021-10,CRM,0.1049703256472218,12.0,92.0,0.6616,0.0,60.8672,41.0,19.64,0.106218,0.113261,0.115369,0.113604,0.10761,0.101792,0.118874,0.116524,0.10675,2.5761037072141
2021-11,CRM,-0.0491506124620924,1.0,94.0,0.7067,0.0,66.4298,44.0,20.79,0.106218,0.113261,0.115369,0.113604,0.10761,0.101792,0.118874,0.116524,0.10675,2.5415189850642386
2021-12,CRM,-0.1081907093785652,2.0,151.0,0.6259,0.0,94.5109,47.0,19.29,0.106218,0.113261,0.115369,0.113604,0.10761,0.101792,0.118874,0.116524,0.10675,2.555064374927202
2022-01,CRM,-0.0846023963907188,52.0,159.0,0.826,0.0,131.334,52.0,24.86,0.106218,0.113261,0.115369,0.113604,0.10761,0.101792,0.118874,0.116524,0.10675,2.61949697706516
2022-02,CRM,-0.0950006346069999,4.0,95.0,0.7829,0.0,74.3755,49.0,26.0,0.106218,0.113261,0.115369,0.113604,0.10761,0.101792,0.118874,0.116524,0.10675,2.6184276295060402
2022-03,CRM,0.0085024200490997,6.0,95.0,0.4855,0.0,46.1225,51.0,27.36,0.095033,0.115086,0.124073,0.117728,0.111848,0.107179,0.116509,0.111143,0.1014,2.6260326085559136
2022-04,CRM,-0.1713451152536838,5.0,54.0,0.6469,0.0,34.9326,49.0,26.71,0.095033,0.115086,0.124073,0.117728,0.111848,0.107179,0.116509,0.111143,0.1014,2.622362467913302
2022-05,CRM,-0.0892349049845167,7.0,102.0,0.6326,0.0,64.52520000000001,50.0,25.5,0.095033,0.115086,0.124073,0.117728,0.111848,0.107179,0.116509,0.111143,0.1014,2.628500434876693
2022-06,CRM,0.0299551419763308,12.0,124.0,0.516,0.0,63.984,53.0,25.64,0.106218,0.113261,0.115369,0.113604,0.10761,0.101792,0.118874,0.116524,0.10675,2.6345906360091846
2022-07,CRM,0.1150022646329624,3.0,65.0,0.5868,0.0,38.141999999999996,48.0,23.43,0.106218,0.113261,0.115369,0.113604,0.10761,0.101792,0.118874,0.116524,0.10675,2.628005522587254
2022-08,CRM,-0.1516141853585875,4.0,112.0,0.5555,0.0,62.216,48.0,22.79,0.106218,0.113261,0.115369,0.113604,0.10761,0.101792,0.118874,0.116524,0.10675,2.6328730465699755
2022-09,CRM,-0.0786573070273558,3.0,103.0,0.6758,0.0,69.6074,47.0,24.5,0.106218,0.113261,0.115369,0.113604,0.10761,0.101792,0.118874,0.116524,0.10675,2.6373085696161387
2022-10,CRM,0.130353042382588,15.0,76.0,0.7815,0.0,59.394,45.0,24.57,0.106218,0.113261,0.115369,0.113604,0.10761,0.101792,0.118874,0.116524,0.10675,2.644813548924223
2022-11,CRM,-0.0143918097915309,1.0,106.0,0.7021,0.0,74.42259999999999,47.0,25.79,0.106218,0.113261,0.115369,0.113604,0.10761,0.101792,0.118874,0.116524,0.10675,2.6453009854992975
2022-12,CRM,-0.1726054804613674,7.0,125.0,0.5578,0.0,69.725,44.0,25.86,0.107057,0.11498,0.118114,0.110846,0.10752,0.099894,0.117993,0.11788,0.105717,2.6463970258526217
2023-01,CRM,0.266837839024495,50.0,201.0,0.4239,0.0,85.2039,49.0,27.43,0.107057,0.11498,0.118114,0.110846,0.10752,0.099894,0.117993,0.11788,0.105717,2.685279056757815
2023-02,CRM,-0.025957146981363,5.0,88.0,0.5951,0.0075,52.36879999999999,51.0,31.0,0.107057,0.11498,0.118114,0.110846,0.10752,0.099894,0.117993,0.11788,0.105717,2.7047457265687105
2023-03,CRM,0.221074646074646,5.0,198.0,0.5978,0.0092,118.3644,50.0,30.57,0.095638,0.114375,0.124248,0.116734,0.110355,0.107995,0.117881,0.110911,0.101862,2.773978296946541
2023-04,CRM,-0.0070577850386024,11.0,51.0,0.8978,0.0117,45.787800000000004,45.0,30.14,0.095638,0.114375,0.124248,0.116734,0.110355,0.107995,0.117881,0.110911,0.101862,2.8000480480409777
2023-05,CRM,0.1260776485292889,4.0,65.0,0.7367,0.0218,47.8855,52.0,31.29,0.095638,0.114375,0.124248,0.116734,0.110355,0.107995,0.117881,0.110911,0.101862,2.8600410246825323
2023-06,CRM,-0.0542574197309991,15.0,137.0,0.7859,0.04,107.6683,52.0,32.64,0.107185,0.114939,0.116376,0.112473,0.108032,0.100094,0.118185,0.116535,0.106182,2.967973781894181
2023-07,CRM,0.0650857868491654,5.0,89.0,0.6975,0.0174,62.0775,50.0,30.57,0.107185,0.114939,0.116376,0.112473,0.108032,0.100094,0.118185,0.116535,0.106182,2.998903402356886
2023-08,CRM,-0.0157770409051468,7.0,135.0,0.7319,0.0196,98.8065,54.0,29.57,0.107185,0.114939,0.116376,0.112473,0.108032,0.100094,0.118185,0.116535,0.106182,3.076088821042284
2023-09,CRM,-0.084349370969722,6.0,134.0,0.8218,0.0494,110.1212,53.0,30.57,0.108042,0.118516,0.118732,0.11035,0.10873,0.095433,0.118046,0.117045,0.105106,3.232850545524618
2023-10,CRM,-0.0096164006943825,17.0,93.0,0.8155,0.0296,75.8415,53.0,31.0,0.108042,0.118516,0.118732,0.11035,0.10873,0.095433,0.118046,0.117045,0.105106,3.3352814666059167
2023-11,CRM,0.2542947402456079,4.0,142.0,0.7668,0.0192,108.88560000000001,51.0,31.86,0.108042,0.118516,0.118732,0.11035,0.10873,0.095433,0.118046,0.117045,0.105106,3.3789201532843367
2023-12,CRM,0.0446208628653073,5.0,103.0,0.8614,0.0227,88.72420000000001,48.0,30.79,0.108055,0.118478,0.118947,0.11042,0.108789,0.095324,0.118034,0.116922,0.105032,3.392108593500509
2024-01,CRM,0.06821463412338,24.0,115.0,0.8282,0.0356,95.24300000000001,55.0,32.79,0.108055,0.118478,0.118947,0.11042,0.108789,0.095324,0.118034,0.116922,0.105032,3.469081562814501
2024-02,CRM,0.0986517741422872,3.0,98.0,0.7683,0.0189,75.29339999999999,60.0,36.07,0.108055,0.118478,0.118947,0.11042,0.108789,0.095324,0.118034,0.116922,0.105032,3.4719803356857386
2024-03,CRM,-0.0247394087733925,12.0,55.0,0.8578,0.0368,47.179,58.0,35.86,0.100143,0.11715,0.122197,0.116833,0.110021,0.103561,0.114441,0.111615,0.10404,3.553551344558321
2024-04,CRM,-0.1058793459239098,5.0,67.0,0.7867,0.0249,52.7089,55.0,35.29,0.100143,0.11715,0.122197,0.116833,0.110021,0.103561,0.114441,0.111615,0.10404,3.582059407203374
2024-05,CRM,-0.1282811921819204,7.0,132.0,0.7289,0.033,96.2148,57.0,36.21,0.100143,0.11715,0.122197,0.116833,0.110021,0.103561,0.114441,0.111615,0.10404,3.626734858883179
2024-06,CRM,0.096655777849127,7.0,87.0,0.7244,0.0319,63.022800000000004,55.0,34.0,0.097286,0.108382,0.123513,0.11356,0.113335,0.106473,0.12001,0.116398,0.101042,3.611316165702499
2024-07,CRM,0.0066121772389713,5.0,68.0,0.8556,0.0357,58.180800000000005,57.0,32.57,0.097286,0.108382,0.123513,0.11356,0.113335,0.106473,0.12001,0.116398,0.101042,3.6550699562524165
2024-08,CRM,-0.021276450825568,6.0,81.0,0.8618,0.0221,69.8058,56.0,33.07,0.097286,0.108382,0.123513,0.11356,0.113335,0.106473,0.12001,0.116398,0.101042,3.6526478178173725
2024-09,CRM,0.0822853939152565,3.0,78.0,0.9407,0.0426,73.3746,58.0,35.36,0.099274,0.110019,0.122288,0.114506,0.113235,0.103489,0.118581,0.116457,0.102152,3.706020403275852
2024-10,CRM,0.0661922788910978,14.0,26.0,0.9746,0.0256,25.3396,57.0,36.21,0.099274,0.110019,0.122288,0.114506,0.113235,0.103489,0.118581,0.116457,0.102152,3.703705645804519
2024-11,CRM,0.1325461278194455,16.0,6.0,0.481,0.0055,2.886,56.0,38.36,0.099274,0.110019,0.122288,0.114506,0.113235,0.103489,0.118581,0.116457,0.102152,3.655126175852422
2024-12,CRM,0.013151857867969,19.0,9.0,0.6318,0.0163,5.6862,52.0,37.14,0.102922,0.112344,0.119607,0.115306,0.112783,0.09872,0.117109,0.116048,0.105161,3.6476032981694737
2025-01,CRM,0.0232104227487242,49.0,78.0,0.8859,0.07,69.1002,63.0,38.79,0.102922,0.112344,0.119607,0.115306,0.112783,0.09872,0.117109,0.116048,0.105161,3.819154656220963
2025-02,CRM,-0.1283288683922454,15.0,133.0,0.8511,0.047,113.1963,65.0,41.43,0.102922,0.112344,0.119607,0.115306,0.112783,0.09872,0.117109,0.116048,0.105161,3.933802742996393
2025-03,CRM,-0.0990097034300285,12.0,85.0,0.9442,0.0521,80.257,65.0,39.86,0.102763,0.118699,0.120522,0.117307,0.110931,0.099568,0.112591,0.111451,0.106167,4.008735455391345
2025-04,CRM,0.0013042197579309,18.0,77.0,0.907,0.0317,69.839,63.0,40.07,0.102763,0.118699,0.120522,0.117307,0.110931,0.099568,0.112591,0.111451,0.106167,4.059096132321151
2025-05,CRM,-0.010877986925513,15.0,216.0,0.8351,0.0339,180.3816,68.0,40.21,0.102763,0.118699,0.120522,0.117307,0.110931,0.099568,0.112591,0.111451,0.106167,4.154851666516603
2025-06,CRM,0.0275840111817178,18.0,174.0,0.8535,0.0586,148.50900000000001,75.0,45.64,0.101762,0.112383,0.120172,0.114917,0.112035,0.099422,0.118128,0.118268,0.102913,4.313886644855055
2025-07,CRM,-0.0511582854867275,4.0,324.0,0.9049,0.047,293.18760000000003,77.0,48.5,0.101762,0.112383,0.120172,0.114917,0.112035,0.099422,0.118128,0.118268,0.102913,4.4318049888215665
2025-08,CRM,-0.0080516166627671,6.0,641.0,0.8959,0.037,574.2719000000001,100.0,87.57,0.101762,0.112383,0.120172,0.114917,0.112035,0.099422,0.118128,0.118268,0.102913,4.634489193184107
2025-09,CRM,-0.0751219660035712,8.0,722.0,0.8073,0.0297,582.8706,96.0,86.07,0.101733,0.11243,0.120183,0.114946,0.112059,0.099549,0.1181,0.118044,0.102956,4.799993388277972
2025-10,CRM,0.100689722523702,25.0,601.0,0.8828,0.0474,530.5628,88.0,86.86,0.101733,0.11243,0.120183,0.114946,0.112059,0.099549,0.1181,0.118044,0.102956,4.952479965032717
2025-11,CRM,-0.1147037988446842,9.0,420.0,0.9068,0.0245,380.856,81.0,91.29,0.101733,0.11243,0.120183,0.114946,0.112059,0.099549,0.1181,0.118044,0.102956,4.97305315670541
2025-12,CRM,0.1490848252396257,20.0,586.0,0.8232,0.0383,482.39520000000005,75.0,86.86,0.103018,0.112704,0.119019,0.115367,0.112926,0.099207,0.117045,0.116317,0.104396,5.045188053398041
2014-01,CSCO,-0.0231831306191019,48.0,0.0,0.0,0.0,0.0,53.0,18.14,0.106438,0.107926,0.120085,0.113803,0.109584,0.100868,0.120796,0.114742,0.105758,0.1275857163181107
2014-02,CSCO,0.0025779640185565,6.0,0.0,0.0,0.0,0.0,57.0,18.14,0.106438,0.107926,0.120085,0.113803,0.109584,0.100868,0.120796,0.114742,0.105758,0.24381260368548163
2014-03,CSCO,0.0284405123206583,5.0,0.0,0.0,0.0,0.0,40.0,17.14,0.103994,0.107573,0.119915,0.114238,0.11044,0.101605,0.121243,0.114296,0.106696,0.3220639375977359
2014-04,CSCO,0.0307761211785719,11.0,0.0,0.0,0.0,0.0,43.0,17.21,0.103994,0.107573,0.119915,0.114238,0.11044,0.101605,0.121243,0.114296,0.106696,0.4061591972337769
2014-05,CSCO,0.0744449419414592,29.0,0.0,0.0,0.0,0.0,52.0,16.86,0.103994,0.107573,0.119915,0.114238,0.11044,0.101605,0.121243,0.114296,0.106696,0.519044188093111
2014-06,CSCO,0.0093422760999246,20.0,0.0,0.0,0.0,0.0,43.0,18.0,0.103804,0.107497,0.120578,0.114258,0.10953,0.102116,0.121292,0.114063,0.106862,0.6018566785545958
2014-07,CSCO,0.0152912255226178,10.0,0.0,0.0,0.0,0.0,49.0,19.29,0.103804,0.107497,0.120578,0.114258,0.10953,0.102116,0.121292,0.114063,0.106862,0.6848032585240595
2014-08,CSCO,-0.0019510662781296,32.0,0.0,0.0,0.0,0.0,47.0,17.86,0.103804,0.107497,0.120578,0.114258,0.10953,0.102116,0.121292,0.114063,0.106862,0.7967619057489823
2014-09,CSCO,0.0072027935649592,30.0,0.0,0.0,0.0,0.0,37.0,17.64,0.118552,0.11185,0.111025,0.116621,0.105151,0.110442,0.113012,0.104502,0.108845,0.8875986517153325
2014-10,CSCO,-0.020401922861198,17.0,0.0,0.0,0.0,0.0,36.0,18.14,0.118552,0.11185,0.111025,0.116621,0.105151,0.110442,0.113012,0.104502,0.108845,0.9368520801455201
2014-11,CSCO,0.1295473718092128,15.0,0.0,0.0,0.0,0.0,45.0,18.36,0.118552,0.11185,0.111025,0.116621,0.105151,0.110442,0.113012,0.104502,0.108845,1.0112547402158947
2014-12,CSCO,0.0065117936721186,14.0,0.0,0.0,0.0,0.0,43.0,17.79,0.104973,0.108475,0.118535,0.113536,0.109608,0.103722,0.121336,0.114863,0.104952,1.0800760765710857
2015-01,CSCO,-0.0521204475292063,34.0,0.0,0.0,0.0,0.0,43.0,17.21,0.104973,0.108475,0.118535,0.113536,0.109608,0.103722,0.121336,0.114863,0.104952,1.1345067798985025
2015-02,CSCO,0.126769970913243,3.0,0.0,0.0,0.0,0.0,59.0,17.07,0.104973,0.108475,0.118535,0.113536,0.109608,0.103722,0.121336,0.114863,0.104952,1.2139347061218446
2015-03,CSCO,-0.0670959215656573,24.0,0.0,0.0,0.0,0.0,47.0,17.0,0.105771,0.108424,0.116755,0.113828,0.110207,0.104766,0.121033,0.114373,0.104843,1.306976500169164
2015-04,CSCO,0.0552352156944404,15.0,0.0,0.0,0.0,0.0,37.0,17.0,0.105771,0.108424,0.116755,0.113828,0.110207,0.104766,0.121033,0.114373,0.104843,1.3410749619373634
2015-05,CSCO,0.0166497678786172,20.0,0.0,0.0,0.0,0.0,48.0,17.07,0.105771,0.108424,0.116755,0.113828,0.110207,0.104766,0.121033,0.114373,0.104843,1.4077094027976287
2015-06,CSCO,-0.063118710344736,16.0,0.0,0.0,0.0,0.0,37.0,16.36,0.105184,0.108375,0.117673,0.113855,0.109386,0.104654,0.121281,0.114471,0.105121,1.4356288495963323
2015-07,CSCO,0.0349599975224472,18.0,8.0,0.8964,0.0069,7.1712,41.0,16.71,0.105184,0.108375,0.117673,0.113855,0.109386,0.104654,0.121281,0.114471,0.105121,1.6988800640908306
2015-08,CSCO,-0.0823558391503961,17.0,12.0,0.547,0.0054,6.564,51.0,15.43,0.105184,0.108375,0.117673,0.113855,0.109386,0.104654,0.121281,0.114471,0.105121,1.9748418607670963
2015-09,CSCO,0.0142966666428148,8.0,19.0,0.6214,0.0086,11.8066,38.0,15.64,0.115931,0.105401,0.114708,0.115982,0.10965,0.108288,0.11517,0.105653,0.109215,2.3061721703728986
2015-10,CSCO,0.0990478296322625,16.0,14.0,0.9837,0.0142,13.7718,40.0,16.36,0.115931,0.105401,0.114708,0.115982,0.10965,0.108288,0.11517,0.105653,0.109215,2.6986592552486606
2015-11,CSCO,-0.0478421940177656,9.0,21.0,0.7888,0.0291,16.564799999999998,36.0,16.36,0.115931,0.105401,0.114708,0.115982,0.10965,0.108288,0.11517,0.105653,0.109215,3.0412788437936142
2015-12,CSCO,-0.0033026254875857,16.0,8.0,0.7203,0.0125,5.7624,29.0,16.36,0.105737,0.106697,0.117431,0.112369,0.108227,0.106735,0.120439,0.11518,0.107184,3.2094085682212388
2016-01,CSCO,-0.1240795480722107,24.0,20.0,0.906,0.013,18.12,40.0,15.93,0.105737,0.106697,0.117431,0.112369,0.108227,0.106735,0.120439,0.11518,0.107184,3.3712054833949674
2016-02,CSCO,0.1090373532343489,8.0,28.0,0.6405,0.0218,17.933999999999997,52.0,16.14,0.105737,0.106697,0.117431,0.112369,0.108227,0.106735,0.120439,0.11518,0.107184,3.7364916130455357
2016-03,CSCO,0.0874715150936433,6.0,4.0,0.9983,0.0346,3.9932,40.0,16.21,0.10535,0.106794,0.11698,0.112547,0.108589,0.107306,0.120311,0.11502,0.107103,3.912219095494843
2016-04,CSCO,-0.0344223907664257,15.0,2.0,0.956,0.0237,1.912,39.0,16.21,0.10535,0.106794,0.11698,0.112547,0.108589,0.107306,0.120311,0.11502,0.107103,3.9576488578260425
2016-05,CSCO,0.0664123747043565,19.0,5.0,0.9382,0.0,4.691,45.0,17.0,0.10535,0.106794,0.11698,0.112547,0.108589,0.107306,0.120311,0.11502,0.107103,4.032717164688609
2016-06,CSCO,-0.0123923816565747,11.0,7.0,0.9837,0.0301,6.8859,44.0,16.14,0.105449,0.106813,0.117363,0.112608,0.108298,0.107461,0.120312,0.114732,0.106963,4.280359402613632
2016-07,CSCO,0.0641336876708513,12.0,3.0,0.339,0.057,1.0170000000000001,51.0,15.21,0.105449,0.106813,0.117363,0.112608,0.108298,0.107461,0.120312,0.114732,0.106963,4.460651357949001
2016-08,CSCO,0.0391885398560509,10.0,4.0,0.9515,0.0341,3.806,57.0,14.79,0.105449,0.106813,0.117363,0.112608,0.108298,0.107461,0.120312,0.114732,0.106963,4.615601984740358
2016-09,CSCO,0.0089057142729331,15.0,4.0,0.9765,0.0,3.906,42.0,16.07,0.115335,0.105282,0.115114,0.116326,0.106692,0.105984,0.112974,0.109066,0.113226,4.588192419393036
2016-10,CSCO,-0.0327867266560844,18.0,2.0,0.9465,0.0,1.893,34.0,17.0,0.115335,0.105282,0.115114,0.116326,0.106692,0.105984,0.112974,0.109066,0.113226,4.486310653134751
2016-11,CSCO,-0.0199985663930867,13.0,8.0,0.9591,0.0163,7.6728,46.0,17.93,0.115335,0.105282,0.115114,0.116326,0.106692,0.105984,0.112974,0.109066,0.113226,4.624389270146261
2016-12,CSCO,0.0134137646644478,16.0,5.0,0.9446,0.0438,4.723,42.0,17.21,0.107729,0.1062,0.1181,0.112407,0.108071,0.1072,0.119003,0.11421,0.107079,4.8280651810089905
2017-01,CSCO,0.0165451875286024,16.0,9.0,0.7577,0.0285,6.8193,54.0,17.64,0.107729,0.1062,0.1181,0.112407,0.108071,0.1072,0.119003,0.11421,0.107079,4.9925145204470045
2017-02,CSCO,0.122184251764253,4.0,24.0,0.978,0.0404,23.472,66.0,18.14,0.107729,0.1062,0.1181,0.112407,0.108071,0.1072,0.119003,0.11421,0.107079,5.259681058915138
2017-03,CSCO,-0.0111180299053764,9.0,10.0,0.7674,0.0082,7.6739999999999995,42.0,19.21,0.106104,0.105503,0.117488,0.112557,0.109231,0.108014,0.11943,0.114436,0.107238,5.284790228538963
2017-04,CSCO,0.0079882554625854,10.0,3.0,0.998,0.0348,2.9939999999999998,37.0,19.07,0.106104,0.105503,0.117488,0.112557,0.109231,0.108014,0.11943,0.114436,0.107238,5.265900982199818
2017-05,CSCO,-0.0664904057958541,15.0,9.0,0.9657,0.013,8.6913,53.0,19.36,0.106104,0.105503,0.117488,0.112557,0.109231,0.108014,0.11943,0.114436,0.107238,5.287291389604874
2017-06,CSCO,-0.0072947570791496,13.0,18.0,0.6449,0.042,11.6082,40.0,20.14,0.106133,0.10561,0.117997,0.112753,0.108455,0.108437,0.119365,0.113951,0.107299,5.477917419393913
2017-07,CSCO,0.0047923958825473,15.0,6.0,0.3395,0.037,2.037,42.0,20.0,0.106133,0.10561,0.117997,0.112753,0.108455,0.108437,0.119365,0.113951,0.107299,5.463402317545809
2017-08,CSCO,0.0337337118188039,16.0,6.0,0.9445,0.0108,5.667,47.0,19.0,0.106133,0.10561,0.117997,0.112753,0.108455,0.108437,0.119365,0.113951,0.107299,5.524977541316869
2017-09,CSCO,0.0440858040849208,11.0,16.0,0.7832,0.0204,12.5312,39.0,19.79,0.117421,0.110481,0.109501,0.114756,0.111403,0.106685,0.111803,0.105654,0.112296,5.583970909568778
2017-10,CSCO,0.015462726952993,15.0,11.0,0.9973,0.0244,10.9703,45.0,20.64,0.117421,0.110481,0.109501,0.114756,0.111403,0.106685,0.111803,0.105654,0.112296,5.690770662659343
2017-11,CSCO,0.1016784735453208,6.0,17.0,0.973,0.027,16.541,56.0,22.0,0.117421,0.110481,0.109501,0.114756,0.111403,0.106685,0.111803,0.105654,0.112296,5.813115241465488
2017-12,CSCO,0.0268094534760447,15.0,3.0,0.9893,0.0509,2.9678999999999998,48.0,20.64,0.111354,0.107906,0.115208,0.113045,0.108391,0.105506,0.117839,0.113735,0.107016,5.912577478730496
2018-01,CSCO,0.0845953695028878,18.0,13.0,0.9872,0.0412,12.833599999999999,72.0,21.21,0.111354,0.107906,0.115208,0.113045,0.108391,0.105506,0.117839,0.113735,0.107016,6.167225602340679
2018-02,CSCO,0.086037637797095,7.0,24.0,0.9906,0.0421,23.7744,100.0,21.64,0.111354,0.107906,0.115208,0.113045,0.108391,0.105506,0.117839,0.113735,0.107016,6.438158997293959
2018-03,CSCO,-0.0422064331685339,6.0,9.0,0.9969,0.041,8.9721,57.0,21.07,0.108301,0.107327,0.116321,0.112725,0.110081,0.105464,0.11858,0.11399,0.10721,6.622665085534954
2018-04,CSCO,0.0326416645566995,9.0,9.0,0.9954,0.0489,8.958599999999999,49.0,21.0,0.108301,0.107327,0.116321,0.112725,0.110081,0.105464,0.11858,0.11399,0.10721,6.750681808243981
2018-05,CSCO,-0.027921879935543,13.0,10.0,0.9691,0.0,9.690999999999999,65.0,20.5,0.108301,0.107327,0.116321,0.112725,0.110081,0.105464,0.11858,0.11399,0.10721,6.739895013192845
2018-06,CSCO,0.0074924318072298,14.0,3.0,0.9907,0.0549,2.9721,46.0,19.71,0.108013,0.107192,0.117194,0.112673,0.109228,0.105946,0.118729,0.113692,0.107332,6.724386898369049
2018-07,CSCO,-0.017197265140175,10.0,1.0,0.997,0.0487,0.997,48.0,19.5,0.108013,0.107192,0.117194,0.112673,0.109228,0.105946,0.118729,0.113692,0.107332,6.876432624165512
2018-08,CSCO,0.138385435594271,6.0,7.0,0.9727,0.0157,6.8089,74.0,19.29,0.108013,0.107192,0.117194,0.112673,0.109228,0.105946,0.118729,0.113692,0.107332,6.940136720246521
2018-09,CSCO,0.0184217477391515,13.0,5.0,0.9876,0.0279,4.938000000000001,51.0,20.29,0.117163,0.112539,0.110328,0.114207,0.109878,0.108747,0.112209,0.103992,0.110937,6.987640274038069
2018-10,CSCO,-0.0596095156404126,12.0,5.0,0.9676,0.0129,4.838,52.0,21.07,0.117163,0.112539,0.110328,0.114207,0.109878,0.108747,0.112209,0.103992,0.110937,6.898560998972595
2018-11,CSCO,0.0534129973404888,7.0,10.0,0.9838,0.0144,9.838000000000001,54.0,21.29,0.117163,0.112539,0.110328,0.114207,0.109878,0.108747,0.112209,0.103992,0.110937,6.861027133178762
2018-12,CSCO,-0.0948402110199063,6.0,5.0,0.9516,0.0141,4.758,47.0,20.07,0.110023,0.107308,0.115875,0.1127,0.109578,0.105265,0.118421,0.114086,0.106745,6.866379368384987
2019-01,CSCO,0.0913914461813192,20.0,2.0,0.9965,0.0216,1.993,51.0,20.43,0.110023,0.107308,0.115875,0.1127,0.109578,0.105265,0.118421,0.114086,0.106745,6.76280313491044
2019-02,CSCO,0.1032111963522526,1.0,5.0,0.9964,0.0,4.981999999999999,79.0,21.64,0.110023,0.107308,0.115875,0.1127,0.109578,0.105265,0.118421,0.114086,0.106745,6.681043784991029
2019-03,CSCO,0.0428820240318987,10.0,1.0,0.999,0.0129,0.999,53.0,21.64,0.107196,0.107561,0.116843,0.112991,0.110207,0.105337,0.11862,0.113891,0.107355,6.525620465140983
2019-04,CSCO,0.0363028479096085,8.0,1.0,0.995,0.0123,0.995,61.0,21.14,0.107196,0.107561,0.116843,0.112991,0.110207,0.105337,0.11862,0.113891,0.107355,6.373032603960008
2019-05,CSCO,-0.0641747837650839,7.0,1.0,-0.78,0.0,-0.78,68.0,20.86,0.107196,0.107561,0.116843,0.112991,0.110207,0.105337,0.11862,0.113891,0.107355,6.172256862927062
2019-06,CSCO,0.051893234172696,9.0,2.0,0.9985,0.0088,1.997,59.0,20.64,0.10753,0.107582,0.117337,0.11294,0.109081,0.105848,0.118422,0.11379,0.10747,6.1505565343370545
2019-07,CSCO,0.0122420098749587,17.0,0.0,0.0,0.0,0.0,56.0,20.71,0.10753,0.107582,0.117337,0.11294,0.109081,0.105848,0.118422,0.11379,0.10747,5.980129895246299
2019-08,CSCO,-0.1497217485037579,5.0,0.0,0.0,0.0,0.0,82.0,20.36,0.10753,0.107582,0.117337,0.11294,0.109081,0.105848,0.118422,0.11379,0.10747,5.85829562801191
2019-09,CSCO,0.0555431907800185,14.0,1.0,0.974,0.0087,0.974,54.0,21.43,0.117313,0.112206,0.110442,0.114727,0.109678,0.109528,0.111618,0.104439,0.11005,5.8554355818641834
2019-10,CSCO,-0.0384533634203849,16.0,0.0,0.0,0.0,0.0,51.0,21.79,0.117313,0.112206,0.110442,0.114727,0.109678,0.109528,0.111618,0.104439,0.11005,5.685902168303965
2019-11,CSCO,-0.0390829363642022,6.0,1.0,0.98,0.0087,0.98,73.0,22.43,0.117313,0.112206,0.110442,0.114727,0.109678,0.109528,0.111618,0.104439,0.11005,5.60998884217969
2019-12,CSCO,0.0584859465282538,4.0,0.0,0.0,0.0,0.0,57.0,20.93,0.109198,0.106216,0.117279,0.112772,0.109363,0.10542,0.11865,0.114615,0.106488,5.43271482659157
2020-01,CSCO,-0.0414928017616254,25.0,0.0,0.0,0.0,0.0,65.0,25.93,0.109198,0.106216,0.117279,0.112772,0.109363,0.10542,0.11865,0.114615,0.106488,5.311789871934663
2020-02,CSCO,-0.125004575003308,3.0,0.0,0.0,0.0,0.0,82.0,25.07,0.109198,0.106216,0.117279,0.112772,0.109363,0.10542,0.11865,0.114615,0.106488,5.222112718707263
2020-03,CSCO,-0.0155267661932119,3.0,1.0,0.994,0.0,0.994,89.0,20.14,0.10749,0.106104,0.117218,0.113346,0.110558,0.10555,0.118404,0.114662,0.106669,5.161214586335698
2020-04,CSCO,0.0780966025751317,9.0,0.0,0.0,0.0,0.0,67.0,20.79,0.10749,0.106104,0.117218,0.113346,0.110558,0.10555,0.118404,0.114662,0.106669,5.057586699353207
2020-05,CSCO,0.1390608324555251,6.0,1.0,0.88,0.0,0.88,80.0,22.21,0.10749,0.106104,0.117218,0.113346,0.110558,0.10555,0.118404,0.114662,0.106669,4.996023683886796
2020-06,CSCO,-0.0246756578545269,10.0,4.0,0.5207,0.0325,2.0828,66.0,21.93,0.10863,0.107049,0.115951,0.114559,0.109538,0.106422,0.117546,0.113663,0.106643,5.031197553904314
2020-07,CSCO,0.0098623408392093,12.0,0.0,0.0,0.0,0.0,59.0,21.71,0.10863,0.107049,0.115951,0.114559,0.109538,0.106422,0.117546,0.113663,0.106643,4.88158409060406
2020-08,CSCO,-0.096547728122419,7.0,4.0,0.4275,0.0,1.71,87.0,20.71,0.10863,0.107049,0.115951,0.114559,0.109538,0.106422,0.117546,0.113663,0.106643,4.845266374284893
2020-09,CSCO,-0.0670296809930424,15.0,2.0,0.997,0.0437,1.994,52.0,22.07,0.116321,0.111431,0.109944,0.115357,0.111011,0.110429,0.110682,0.105065,0.10976,4.798636944156444
2020-10,CSCO,-0.0886013202493031,9.0,6.0,0.6483,0.0198,3.8898,47.0,20.5,0.116321,0.111431,0.109944,0.115357,0.111011,0.110429,0.110682,0.105065,0.10976,4.740494081870501
2020-11,CSCO,0.2093816849699969,12.0,4.0,0.8335,0.005,3.334,60.0,19.36,0.116321,0.111431,0.109944,0.115357,0.111011,0.110429,0.110682,0.105065,0.10976,4.670496291281598
2020-12,CSCO,0.040213936116662,6.0,3.0,0.898,0.0307,2.694,46.0,19.07,0.109701,0.10681,0.115712,0.114037,0.109965,0.106238,0.117868,0.113569,0.1061,4.737571367462911
2021-01,CSCO,-0.0037989340057169,18.0,44.0,0.707,0.0146,31.107999999999997,41.0,18.93,0.109701,0.10681,0.115712,0.114037,0.109965,0.106238,0.117868,0.113569,0.1061,4.7359602555628495
2021-02,CSCO,0.0146676821621956,3.0,19.0,0.6046,0.0091,11.487400000000001,53.0,20.0,0.109701,0.10681,0.115712,0.114037,0.109965,0.106238,0.117868,0.113569,0.1061,4.650889210661667
2021-03,CSCO,0.1524404074603591,8.0,84.0,0.6514,0.0141,54.7176,50.0,19.79,0.10973,0.107521,0.114148,0.114897,0.110405,0.106033,0.116338,0.114332,0.106596,4.601675829390286
2021-04,CSCO,-0.0154707842083029,3.0,65.0,0.7254,0.0185,47.151,41.0,19.36,0.10973,0.107521,0.114148,0.114897,0.110405,0.106033,0.116338,0.114332,0.106596,4.512345532611134
2021-05,CSCO,0.0465379271289381,9.0,106.0,0.603,0.0068,63.918,44.0,19.64,0.10973,0.107521,0.114148,0.114897,0.110405,0.106033,0.116338,0.114332,0.106596,4.420736184737984
2021-06,CSCO,0.0018902638598687,9.0,98.0,0.7486,0.0101,73.36280000000001,42.0,20.21,0.108896,0.107712,0.115089,0.114807,0.109913,0.106045,0.11657,0.114374,0.106594,4.357870532160439
2021-07,CSCO,0.0447171390358211,11.0,37.0,0.8409,0.0136,31.1133,38.0,19.43,0.108896,0.107712,0.115089,0.114807,0.109913,0.106045,0.11657,0.114374,0.106594,4.312076997703677
2021-08,CSCO,0.0733518066047045,3.0,93.0,0.6233,0.0123,57.966899999999995,50.0,18.29,0.108896,0.107712,0.115089,0.114807,0.109913,0.106045,0.11657,0.114374,0.106594,4.286407303806301
2021-09,CSCO,-0.0777704117949724,10.0,94.0,0.5939,0.0094,55.8266,40.0,19.5,0.11866,0.113513,0.11293,0.11393,0.108098,0.108932,0.111506,0.105733,0.106699,4.223362194972494
2021-10,CSCO,0.0282934492604474,13.0,54.0,0.8251,0.0126,44.5554,38.0,19.64,0.11866,0.113513,0.11293,0.11393,0.108098,0.108932,0.111506,0.105733,0.106699,4.175019442140139
2021-11,CSCO,-0.0135702176142011,5.0,112.0,0.6234,0.0131,69.82079999999999,43.0,20.79,0.11866,0.113513,0.11293,0.11393,0.108098,0.108932,0.111506,0.105733,0.106699,4.120851578295717
2021-12,CSCO,0.1555432533818708,9.0,84.0,0.7621,0.007,64.0164,43.0,19.29,0.109937,0.108131,0.117853,0.113135,0.107336,0.108115,0.117525,0.114098,0.10387,4.1039810505786
2022-01,CSCO,-0.1215087797446042,12.0,102.0,0.8601,0.0037,87.7302,48.0,24.86,0.109937,0.108131,0.117853,0.113135,0.107336,0.108115,0.117525,0.114098,0.10387,4.06293814662309
2022-02,CSCO,0.0076995464354816,3.0,137.0,0.6042,0.0087,82.77539999999999,44.0,26.0,0.109937,0.108131,0.117853,0.113135,0.107336,0.108115,0.117525,0.114098,0.10387,4.0414367410464
2022-03,CSCO,-0.0001792316487803,10.0,61.0,0.6829,0.0106,41.6569,34.0,27.36,0.109396,0.108288,0.11701,0.113211,0.10813,0.108564,0.117132,0.11438,0.103887,3.993773100462427
2022-04,CSCO,-0.12159246918749,5.0,58.0,0.7703,0.0192,44.6774,29.0,26.71,0.109396,0.108288,0.11701,0.113211,0.10813,0.108564,0.117132,0.11438,0.103887,3.9608573356197883
2022-05,CSCO,-0.0739384103440479,8.0,157.0,0.4414,0.0102,69.2998,49.0,25.5,0.109396,0.108288,0.11701,0.113211,0.10813,0.108564,0.117132,0.11438,0.103887,3.948444028874427
2022-06,CSCO,-0.0534959950985285,2.0,84.0,0.6929,0.0104,58.203599999999994,34.0,25.64,0.10958,0.108191,0.117332,0.113162,0.107688,0.108561,0.117188,0.114491,0.103807,3.862983385899428
2022-07,CSCO,0.0640243298646132,5.0,52.0,0.7359,0.0091,38.2668,32.0,23.43,0.10958,0.108191,0.117332,0.113162,0.107688,0.108561,0.117188,0.114491,0.103807,3.7976166108683875
2022-08,CSCO,-0.0054550441419523,6.0,123.0,0.5228,0.0159,64.3044,40.0,22.79,0.10958,0.108191,0.117332,0.113162,0.107688,0.108561,0.117188,0.114491,0.103807,3.805129962857912
2022-09,CSCO,-0.105545650312756,13.0,49.0,0.811,0.0164,39.739000000000004,29.0,24.5,0.117857,0.112403,0.112778,0.115393,0.108963,0.108472,0.111468,0.105987,0.10668,3.8026225532473537
2022-10,CSCO,0.1357500136744129,7.0,61.0,0.8594,0.0067,52.4234,29.0,24.57,0.117857,0.112403,0.112778,0.115393,0.108963,0.108472,0.111468,0.105987,0.10668,3.716927228260533
2022-11,CSCO,0.1045967493443469,6.0,123.0,0.7326,0.0096,90.1098,38.0,25.79,0.117857,0.112403,0.112778,0.115393,0.108963,0.108472,0.111468,0.105987,0.10668,3.6979357761826472
2022-12,CSCO,-0.0418342498554864,4.0,53.0,0.7948,0.0189,42.124399999999994,32.0,25.86,0.110103,0.108151,0.117562,0.113541,0.107089,0.10784,0.117474,0.114059,0.104181,3.680300857795337
2023-01,CSCO,0.0216203612402869,21.0,43.0,0.8001,0.0081,34.4043,30.0,27.43,0.110103,0.108151,0.117562,0.113541,0.107089,0.10784,0.117474,0.114059,0.104181,3.6116897670867445
2023-02,CSCO,0.0028125179187747,4.0,136.0,0.6266,0.0125,85.2176,39.0,31.0,0.110103,0.108151,0.117562,0.113541,0.107089,0.10784,0.117474,0.114059,0.104181,3.5876687268233622
2023-03,CSCO,0.0797189298629517,11.0,66.0,0.6067,0.017,40.0422,31.0,30.57,0.109035,0.108235,0.117146,0.113242,0.108275,0.108226,0.117442,0.114413,0.103985,3.559516104765982
2023-04,CSCO,-0.0962125931439711,3.0,63.0,0.6235,0.0172,39.2805,30.0,30.14,0.109035,0.108235,0.117146,0.113242,0.108275,0.108226,0.117442,0.114413,0.103985,3.507106484920266
2023-05,CSCO,0.0591131206875021,11.0,128.0,0.6154,0.0093,78.7712,34.0,31.29,0.109035,0.108235,0.117146,0.113242,0.108275,0.108226,0.117442,0.114413,0.103985,3.471906795796763
2023-06,CSCO,0.0416750321308927,6.0,68.0,0.7778,0.0328,52.8904,32.0,32.64,0.110655,0.107809,0.116888,0.113016,0.107491,0.108656,0.11745,0.114456,0.103579,3.437414201696274
2023-07,CSCO,0.0057981839459837,9.0,68.0,0.7499,0.0257,50.9932,33.0,30.57,0.110655,0.107809,0.116888,0.113016,0.107491,0.108656,0.11745,0.114456,0.103579,3.416768168022835
2023-08,CSCO,0.1103937773100272,1.0,153.0,0.6751,0.0274,103.2903,44.0,29.57,0.110655,0.107809,0.116888,0.113016,0.107491,0.108656,0.11745,0.114456,0.103579,3.4562399188426975
2023-09,CSCO,-0.0625980021459425,7.0,111.0,0.6621,0.0203,73.4931,36.0,30.57,0.116752,0.113109,0.112076,0.115176,0.110306,0.108052,0.111542,0.106013,0.106975,3.436214216799663
2023-10,CSCO,-0.0303199058469857,4.0,90.0,0.7737,0.0299,69.63300000000001,27.0,31.0,0.116752,0.113109,0.112076,0.115176,0.110306,0.108052,0.111542,0.106013,0.106975,3.4346718290612577
2023-11,CSCO,-0.0652329536980704,9.0,152.0,0.6075,0.0309,92.34,43.0,31.86,0.116752,0.113109,0.112076,0.115176,0.110306,0.108052,0.111542,0.106013,0.106975,3.499728878407167
2023-12,CSCO,0.0442331947466205,9.0,72.0,0.6721,0.0222,48.391200000000005,34.0,30.79,0.108992,0.106351,0.118605,0.112472,0.109235,0.107059,0.118382,0.113934,0.104969,3.460571547557639
2024-01,CSCO,-0.0067299110751818,13.0,70.0,0.844,0.0287,59.08,35.0,32.79,0.108992,0.106351,0.118605,0.112472,0.109235,0.107059,0.118382,0.113934,0.104969,3.4454262835979765
2024-02,CSCO,-0.0285697170879429,4.0,121.0,0.5998,0.0326,72.5758,49.0,36.07,0.108992,0.106351,0.118605,0.112472,0.109235,0.107059,0.118382,0.113934,0.104969,3.467370824702032
2024-03,CSCO,0.0318380404637439,10.0,44.0,0.8738,0.0258,38.4472,34.0,35.86,0.108812,0.106468,0.117173,0.112894,0.11001,0.107485,0.118099,0.11417,0.104889,3.441501611745911
2024-04,CSCO,-0.0587056457545519,22.0,36.0,0.8986,0.0306,32.349599999999995,31.0,35.29,0.108812,0.106468,0.117173,0.112894,0.11001,0.107485,0.118099,0.11417,0.104889,3.4530674139458983
2024-05,CSCO,-0.0021307321166569,10.0,93.0,0.8512,0.0327,79.16159999999999,43.0,36.21,0.108812,0.106468,0.117173,0.112894,0.11001,0.107485,0.118099,0.11417,0.104889,3.46878623021403
2024-06,CSCO,0.0217204695562631,5.0,60.0,0.8818,0.0705,52.908,35.0,34.0,0.107744,0.106514,0.11861,0.11275,0.109109,0.107841,0.118168,0.114009,0.105254,3.5272267969419113
2024-07,CSCO,0.0197852815367689,4.0,69.0,0.7746,0.0418,53.447399999999995,35.0,32.57,0.107744,0.106514,0.11861,0.11275,0.109109,0.107841,0.118168,0.114009,0.105254,3.53376747383295
2024-08,CSCO,0.0520740696676609,5.0,96.0,0.7193,0.0321,69.0528,64.0,33.07,0.107744,0.106514,0.11861,0.11275,0.109109,0.107841,0.118168,0.114009,0.105254,3.584321093180272
2024-09,CSCO,0.0530272747095115,3.0,32.0,0.9527,0.0468,30.4864,36.0,35.36,0.117198,0.116092,0.106087,0.117512,0.105864,0.100853,0.112727,0.10801,0.115657,3.5772172029309424
2024-10,CSCO,0.0291243544723247,15.0,27.0,0.8804,0.0505,23.770799999999998,41.0,36.21,0.117198,0.116092,0.106087,0.117512,0.105864,0.100853,0.112727,0.10801,0.115657,3.606971021812824
2024-11,CSCO,0.0893280930965054,3.0,10.0,0.3531,0.027,3.531,52.0,38.36,0.117198,0.116092,0.106087,0.117512,0.105864,0.100853,0.112727,0.10801,0.115657,3.5703188110840576
2024-12,CSCO,-0.0001687410256128,9.0,4.0,0.9925,0.0498,3.97,36.0,37.14,0.11144,0.108387,0.11455,0.113866,0.107673,0.102837,0.117942,0.114812,0.108493,3.5725805225678724
2025-01,CSCO,0.0236485761927163,20.0,36.0,0.9328,0.0588,33.580799999999996,44.0,38.79,0.11144,0.108387,0.11455,0.113866,0.107673,0.102837,0.117942,0.114812,0.108493,3.624896800691036
2025-02,CSCO,0.065129872109144,7.0,107.0,0.8371,0.0588,89.5697,57.0,41.43,0.11144,0.108387,0.11455,0.113866,0.107673,0.102837,0.117942,0.114812,0.108493,3.731647812132343
2025-03,CSCO,-0.0374358116776099,12.0,56.0,0.8598,0.0644,48.1488,40.0,39.86,0.110985,0.108087,0.114222,0.113858,0.108785,0.103363,0.117758,0.114932,0.108008,3.7876024076881865
2025-04,CSCO,-0.0644951741013959,5.0,47.0,0.9788,0.0462,46.0036,43.0,40.07,0.110985,0.108087,0.114222,0.113858,0.108785,0.103363,0.117758,0.114932,0.108008,3.8194068124906932
2025-05,CSCO,0.0992705324578862,11.0,147.0,0.8529,0.0558,125.3763,42.0,40.21,0.110985,0.108087,0.114222,0.113858,0.108785,0.103363,0.117758,0.114932,0.108008,3.8874680150493037
2025-06,CSCO,0.1005710008244529,7.0,148.0,0.7723,0.0594,114.3004,46.0,45.64,0.111015,0.108043,0.114303,0.114132,0.1079,0.103794,0.117686,0.114509,0.108617,3.9590392795609315
2025-07,CSCO,-0.0187372949330477,4.0,191.0,0.8993,0.0405,171.7663,46.0,48.5,0.111015,0.108043,0.114303,0.114132,0.1079,0.103794,0.117686,0.114509,0.108617,3.9684832900466036
2025-08,CSCO,0.0209379966617793,5.0,456.0,0.7997,0.0269,364.66319999999996,94.0,87.57,0.111015,0.108043,0.114303,0.114132,0.1079,0.103794,0.117686,0.114509,0.108617,4.086153038233325
2025-09,CSCO,-0.0096973188272754,5.0,219.0,0.8676,0.046,190.0044,56.0,86.07,0.1176,0.115195,0.106472,0.116853,0.107698,0.100757,0.113916,0.108011,0.113498,4.149909368200229
2025-10,CSCO,0.0685471909837158,6.0,183.0,0.9113,0.0837,166.7679,63.0,86.86,0.1176,0.115195,0.106472,0.116853,0.107698,0.100757,0.113916,0.108011,0.113498,4.2700993359668376
2025-11,CSCO,0.0587414433731865,12.0,399.0,0.7572,0.0414,302.1228,92.0,91.29,0.1176,0.115195,0.106472,0.116853,0.107698,0.100757,0.113916,0.108011,0.113498,4.3992123096424995
2025-12,CSCO,0.0011696970875445,5.0,182.0,0.8923,0.0454,162.3986,70.0,86.86,0.111215,0.108867,0.114193,0.11394,0.107346,0.103605,0.117528,0.11411,0.109196,4.412436057117984
2014-01,GOOGL,0.0537695886067726,1.0,0.0,0.0,0.0,0.0,97.0,18.14,0.11599,0.108061,0.108669,0.119936,0.121309,0.106442,0.106952,0.10927,0.103372,0.19440887750746907
2014-02,GOOGL,0.0293656978549543,1.0,0.0,0.0,0.0,0.0,94.0,18.14,0.11599,0.108061,0.108669,0.119936,0.121309,0.106442,0.106952,0.10927,0.103372,0.3730857352247715
2014-03,GOOGL,-0.0831983741045169,0.0,0.0,0.0,0.0,0.0,93.0,17.14,0.111973,0.103444,0.110984,0.122948,0.124291,0.100067,0.112791,0.108422,0.105079,0.5499955042722169
2014-04,GOOGL,-0.0411119543163273,1.0,0.0,0.0,0.0,0.0,100.0,17.21,0.111973,0.103444,0.110984,0.122948,0.124291,0.100067,0.112791,0.108422,0.105079,0.7207014317225664
2014-05,GOOGL,0.0687443772286595,1.0,0.0,0.0,0.0,0.0,98.0,16.86,0.111973,0.103444,0.110984,0.122948,0.124291,0.100067,0.112791,0.108422,0.105079,0.8813042000947973
2014-06,GOOGL,0.0227761950229108,0.0,0.0,0.0,0.0,0.0,94.0,18.0,0.110168,0.104085,0.111123,0.120789,0.124455,0.101849,0.11295,0.109018,0.105563,1.0318403961279665
2014-07,GOOGL,-0.0087571081031635,0.0,0.0,0.0,0.0,0.0,87.0,19.29,0.110168,0.104085,0.111123,0.120789,0.124455,0.101849,0.11295,0.109018,0.105563,1.1569063680967462
2014-08,GOOGL,0.004848547111601,0.0,0.0,0.0,0.0,0.0,93.0,17.86,0.110168,0.104085,0.111123,0.120789,0.124455,0.101849,0.11295,0.109018,0.105563,1.2919742030243906
2014-09,GOOGL,0.0103886929575749,0.0,0.0,0.0,0.0,0.0,85.0,17.64,0.111411,0.103492,0.11125,0.122062,0.124789,0.100707,0.112677,0.108489,0.105123,1.4061279295487923
2014-10,GOOGL,-0.0349076336418258,0.0,0.0,0.0,0.0,0.0,87.0,18.14,0.111411,0.103492,0.11125,0.122062,0.124789,0.100707,0.112677,0.108489,0.105123,1.5063746997120657
2014-11,GOOGL,-0.033088434751211,1.0,0.0,0.0,0.0,0.0,79.0,18.36,0.111411,0.103492,0.11125,0.122062,0.124789,0.100707,0.112677,0.108489,0.105123,1.6090241515275856
2014-12,GOOGL,-0.0335470187549375,0.0,0.0,0.0,0.0,0.0,82.0,17.79,0.110498,0.113364,0.106856,0.116709,0.118891,0.107448,0.109566,0.10762,0.109047,1.718716565111345
2015-01,GOOGL,0.0129837833896491,0.0,0.0,0.0,0.0,0.0,82.0,17.21,0.110498,0.113364,0.106856,0.116709,0.118891,0.107448,0.109566,0.10762,0.109047,1.8042748884992243
2015-02,GOOGL,0.0466562092449798,1.0,0.0,0.0,0.0,0.0,82.0,17.07,0.110498,0.113364,0.106856,0.116709,0.118891,0.107448,0.109566,0.10762,0.109047,1.8941205393216978
2015-03,GOOGL,-0.0140945773711815,0.0,0.0,0.0,0.0,0.0,79.0,17.0,0.104443,0.105814,0.114659,0.113285,0.120999,0.107675,0.114849,0.113814,0.104463,1.9780556246275705
2015-04,GOOGL,-0.0106905240359282,0.0,0.0,0.0,0.0,0.0,76.0,17.0,0.104443,0.105814,0.114659,0.113285,0.120999,0.107675,0.114849,0.113814,0.104463,2.0456073217129345
2015-05,GOOGL,-0.0062867642858689,2.0,0.0,0.0,0.0,0.0,73.0,17.07,0.104443,0.105814,0.114659,0.113285,0.120999,0.107675,0.114849,0.113814,0.104463,2.1175506268469757
2015-06,GOOGL,-0.0096822871684444,1.0,0.0,0.0,0.0,0.0,68.0,16.36,0.104788,0.105756,0.118418,0.113682,0.12049,0.104066,0.115477,0.114313,0.10301,2.1577375901962967
2015-07,GOOGL,0.2175026755994094,1.0,3.0,0.9937,0.0,2.9811,71.0,16.71,0.104788,0.105756,0.118418,0.113682,0.12049,0.104066,0.115477,0.114313,0.10301,2.2706903500475684
2015-08,GOOGL,-0.014722820881296,0.0,1.0,0.992,0.0,0.992,73.0,15.43,0.104788,0.105756,0.118418,0.113682,0.12049,0.104066,0.115477,0.114313,0.10301,2.3449003371656785
2015-09,GOOGL,-0.0145871840913889,0.0,1.0,0.997,0.0,0.997,75.0,15.64,0.104756,0.106537,0.114606,0.113812,0.122209,0.103285,0.118011,0.111706,0.105078,2.400294995351968
2015-10,GOOGL,0.1551137919200409,0.0,5.0,0.5982,0.0,2.9909999999999997,73.0,16.36,0.104756,0.106537,0.114606,0.113812,0.122209,0.103285,0.118011,0.111706,0.105078,2.4912918577936782
2015-11,GOOGL,0.0345269902894795,0.0,2.0,0.999,0.0,1.998,72.0,16.36,0.104756,0.106537,0.114606,0.113812,0.122209,0.103285,0.118011,0.111706,0.105078,2.5190241758792915
2015-12,GOOGL,0.0198729154700518,0.0,0.0,0.0,0.0,0.0,71.0,16.36,0.109233,0.113747,0.110707,0.115151,0.122467,0.107782,0.11065,0.102314,0.107949,2.536733121727545
2016-01,GOOGL,-0.0214136111729345,3.0,1.0,1.0,0.0,1.0,63.0,15.93,0.109233,0.113747,0.110707,0.115151,0.122467,0.107782,0.11065,0.102314,0.107949,2.551656930400394
2016-02,GOOGL,-0.0579629022472142,0.0,0.0,0.0,0.0,0.0,64.0,16.14,0.109233,0.113747,0.110707,0.115151,0.122467,0.107782,0.11065,0.102314,0.107949,2.5639989869367072
2016-03,GOOGL,0.063690590147565,2.0,2.0,0.9955,0.0,1.991,63.0,16.21,0.110847,0.109651,0.111212,0.116159,0.116972,0.102863,0.115575,0.111213,0.105509,2.610453450605024
2016-04,GOOGL,-0.0721194702383136,1.0,1.0,0.999,0.0,0.999,62.0,16.21,0.110847,0.109651,0.111212,0.116159,0.116972,0.102863,0.115575,0.111213,0.105509,2.6331140630225667
2016-05,GOOGL,0.0578768064836177,0.0,0.0,0.0,0.0,0.0,63.0,17.0,0.110847,0.109651,0.111212,0.116159,0.116972,0.102863,0.115575,0.111213,0.105509,2.635946010398544
2016-06,GOOGL,-0.0605193619471778,1.0,1.0,0.998,0.0,0.998,59.0,16.14,0.111041,0.110063,0.111503,0.116742,0.116099,0.104487,0.114792,0.112371,0.102904,2.738486068331326
2016-07,GOOGL,0.1248133553181161,1.0,0.0,0.0,0.0,0.0,57.0,15.21,0.111041,0.110063,0.111503,0.116742,0.116099,0.104487,0.114792,0.112371,0.102904,2.775001810076817
2016-08,GOOGL,-0.0018828201338592,2.0,0.0,0.0,0.0,0.0,58.0,14.79,0.111041,0.110063,0.111503,0.116742,0.116099,0.104487,0.114792,0.112371,0.102904,2.7683600690338537
2016-09,GOOGL,0.0179906054416991,1.0,0.0,0.0,0.0,0.0,57.0,16.07,0.111299,0.11,0.110156,0.116728,0.116185,0.1032,0.116616,0.111494,0.104321,2.7591197887965073
2016-10,GOOGL,0.007263084420082,0.0,1.0,0.996,0.0,0.996,60.0,17.0,0.111299,0.11,0.110156,0.116728,0.116185,0.1032,0.116616,0.111494,0.104321,2.7752247990886145
2016-11,GOOGL,-0.0420051209564286,0.0,0.0,0.0,0.0,0.0,56.0,17.93,0.111299,0.11,0.110156,0.116728,0.116185,0.1032,0.116616,0.111494,0.104321,2.7503275973078214
2016-12,GOOGL,0.0213566963582405,1.0,0.0,0.0,0.0,0.0,55.0,17.21,0.11149,0.109114,0.114461,0.118707,0.12273,0.104905,0.108938,0.101844,0.107812,2.722527727504331
2017-01,GOOGL,0.0350050380229982,6.0,0.0,0.0,0.0,0.0,55.0,17.64,0.11149,0.109114,0.114461,0.118707,0.12273,0.104905,0.108938,0.101844,0.107812,2.720478643657287
2017-02,GOOGL,0.0301637456188972,0.0,0.0,0.0,0.0,0.0,53.0,18.14,0.11149,0.109114,0.114461,0.118707,0.12273,0.104905,0.108938,0.101844,0.107812,2.6932978211370115
2017-03,GOOGL,0.0033967947949924,2.0,1.0,0.997,0.0,0.997,51.0,19.21,0.109811,0.109463,0.110385,0.115565,0.116946,0.103684,0.115325,0.113928,0.104895,2.7128098449005953
2017-04,GOOGL,0.0904930082893014,1.0,0.0,0.0,0.0,0.0,49.0,19.07,0.109811,0.109463,0.110385,0.115565,0.116946,0.103684,0.115325,0.113928,0.104895,2.661535960026113
2017-05,GOOGL,0.0676782985613471,3.0,0.0,0.0,0.0,0.0,49.0,19.36,0.109811,0.109463,0.110385,0.115565,0.116946,0.103684,0.115325,0.113928,0.104895,2.622635067549251
2017-06,GOOGL,-0.0581607021048823,1.0,0.0,0.0,0.0,0.0,45.0,20.14,0.110397,0.1101,0.111385,0.115521,0.117366,0.103708,0.114204,0.113948,0.103372,2.5773796193707716
2017-07,GOOGL,0.0170165109512423,0.0,0.0,0.0,0.0,0.0,45.0,20.0,0.110397,0.1101,0.111385,0.115521,0.117366,0.103708,0.114204,0.113948,0.103372,2.527960511991487
2017-08,GOOGL,0.0103014578639961,2.0,0.0,0.0,0.0,0.0,42.0,19.0,0.110397,0.1101,0.111385,0.115521,0.117366,0.103708,0.114204,0.113948,0.103372,2.4823130642142726
2017-09,GOOGL,0.0193458823271719,1.0,0.0,0.0,0.0,0.0,45.0,19.79,0.110279,0.109891,0.109311,0.115789,0.117278,0.103122,0.117363,0.112211,0.104757,2.4552832811446286
2017-10,GOOGL,0.0609210386089626,0.0,1.0,0.996,0.0,0.996,47.0,20.64,0.110279,0.109891,0.109311,0.115789,0.117278,0.103122,0.117363,0.112211,0.104757,2.463648592592611
2017-11,GOOGL,0.003029874522582,5.0,0.0,0.0,0.0,0.0,46.0,22.0,0.110279,0.109891,0.109311,0.115789,0.117278,0.103122,0.117363,0.112211,0.104757,2.4694084648055625
2017-12,GOOGL,0.0166284854043345,4.0,3.0,0.8487,0.0,2.5461,45.0,20.64,0.111172,0.110051,0.114111,0.118149,0.123047,0.106572,0.109155,0.101235,0.106508,2.5609103376408675
2018-01,GOOGL,0.1222898328114845,8.0,0.0,0.0,0.0,0.0,43.0,21.21,0.111172,0.110051,0.114111,0.118149,0.123047,0.106572,0.109155,0.101235,0.106508,2.520239856010785
2018-02,GOOGL,-0.0662312629806293,2.0,1.0,0.994,0.0,0.994,44.0,21.64,0.111172,0.110051,0.114111,0.118149,0.123047,0.106572,0.109155,0.101235,0.106508,2.4928837399579162
2018-03,GOOGL,-0.0604935942814747,0.0,2.0,0.993,0.0,1.986,41.0,21.07,0.112373,0.11049,0.109334,0.116304,0.116052,0.103315,0.113046,0.113541,0.105544,2.489715597290167
2018-04,GOOGL,-0.0178954039022832,0.0,1.0,0.995,0.0,0.995,40.0,21.0,0.112373,0.11049,0.109334,0.116304,0.116052,0.103315,0.113046,0.113541,0.105544,2.4525674332146137
2018-05,GOOGL,0.079934797903407,3.0,0.0,0.0,0.0,0.0,40.0,20.5,0.112373,0.11049,0.109334,0.116304,0.116052,0.103315,0.113046,0.113541,0.105544,2.404073976382729
2018-06,GOOGL,0.0265363714508775,2.0,0.0,0.0,0.0,0.0,38.0,19.71,0.111717,0.109861,0.110825,0.117563,0.116933,0.10394,0.112477,0.113419,0.103265,2.381296939103785
2018-07,GOOGL,0.0868145017489037,2.0,2.0,0.996,0.0,1.992,36.0,19.5,0.111717,0.109861,0.110825,0.117563,0.116933,0.10394,0.112477,0.113419,0.103265,2.529720577732114
2018-08,GOOGL,0.0037320192192815,1.0,1.0,0.995,0.0,0.995,36.0,19.29,0.111717,0.109861,0.110825,0.117563,0.116933,0.10394,0.112477,0.113419,0.103265,2.5767011090741
2018-09,GOOGL,-0.0200682553616566,1.0,1.0,0.983,0.0,0.983,36.0,20.29,0.113377,0.111026,0.108262,0.116874,0.116142,0.102997,0.114148,0.112268,0.104906,2.674055286036488
2018-10,GOOGL,-0.0965139252190291,0.0,1.0,0.997,0.0,0.997,38.0,21.07,0.113377,0.111026,0.108262,0.116874,0.116142,0.102997,0.114148,0.112268,0.104906,2.6158460838536786
2018-11,GOOGL,0.017486224784821,0.0,1.0,0.999,0.0,0.999,36.0,21.29,0.113377,0.111026,0.108262,0.116874,0.116142,0.102997,0.114148,0.112268,0.104906,2.56072161541144
2018-12,GOOGL,-0.0582977087081264,2.0,2.0,0.9905,0.0,1.981,33.0,20.07,0.112022,0.110579,0.112935,0.119775,0.122656,0.104544,0.109313,0.100965,0.10721,2.568911611655208
2019-01,GOOGL,0.0774479164289523,25.0,1.0,0.995,0.0,0.995,33.0,20.43,0.112022,0.110579,0.112935,0.119775,0.122656,0.104544,0.109313,0.100965,0.10721,2.539015149209363
2019-02,GOOGL,0.000586350535682,4.0,1.0,0.995,0.0,0.995,35.0,21.64,0.112022,0.110579,0.112935,0.119775,0.122656,0.104544,0.109313,0.100965,0.10721,2.5071239263688785
2019-03,GOOGL,0.0446849745009825,3.0,1.0,0.994,0.0,0.994,33.0,21.64,0.111734,0.112025,0.110586,0.113331,0.117281,0.102721,0.114802,0.111561,0.10596,2.4603890282348595
2019-04,GOOGL,0.0187529690931942,4.0,0.0,0.0,0.0,0.0,33.0,21.14,0.111734,0.112025,0.110586,0.113331,0.117281,0.102721,0.114802,0.111561,0.10596,2.3863021885145765
2019-05,GOOGL,-0.0771169813073636,4.0,1.0,0.996,0.0,0.996,33.0,20.86,0.111734,0.112025,0.110586,0.113331,0.117281,0.102721,0.114802,0.111561,0.10596,2.3599560654210463
2019-06,GOOGL,-0.0214188022981555,4.0,0.0,0.0,0.0,0.0,30.0,20.64,0.111186,0.11217,0.111143,0.113697,0.117549,0.10422,0.11357,0.112733,0.103733,2.3849160215571414
2019-07,GOOGL,0.1250461596781731,1.0,0.0,0.0,0.0,0.0,29.0,20.71,0.111186,0.11217,0.111143,0.113697,0.117549,0.10422,0.11357,0.112733,0.103733,2.3188762509784433
2019-08,GOOGL,-0.0227138211849291,2.0,1.0,0.95,0.0,0.95,28.0,20.36,0.111186,0.11217,0.111143,0.113697,0.117549,0.10422,0.11357,0.112733,0.103733,2.2849695286875167
2019-09,GOOGL,0.0257110701690204,1.0,0.0,0.0,0.0,0.0,29.0,21.43,0.111555,0.112782,0.109153,0.114009,0.117041,0.102598,0.116488,0.111587,0.104787,2.228037646711492
2019-10,GOOGL,0.0308401726993732,1.0,0.0,0.0,0.0,0.0,31.0,21.79,0.111555,0.112782,0.109153,0.114009,0.117041,0.102598,0.116488,0.111587,0.104787,2.175431685732496
2019-11,GOOGL,0.03597858604463,1.0,0.0,0.0,0.0,0.0,30.0,22.43,0.111555,0.112782,0.109153,0.114009,0.117041,0.102598,0.116488,0.111587,0.104787,2.1221512914578127
2019-12,GOOGL,0.0270684838161743,2.0,0.0,0.0,0.0,0.0,26.0,20.93,0.111127,0.114017,0.113197,0.118415,0.119595,0.102837,0.10816,0.101737,0.110915,2.059493644632588
2020-01,GOOGL,0.0697260583950829,8.0,0.0,0.0,0.0,0.0,29.0,25.93,0.111127,0.114017,0.113197,0.118415,0.119595,0.102837,0.10816,0.101737,0.110915,2.0175900169867687
2020-02,GOOGL,-0.0652788348543782,1.0,0.0,0.0,0.0,0.0,31.0,25.07,0.111127,0.114017,0.113197,0.118415,0.119595,0.102837,0.10816,0.101737,0.110915,1.9747007594977508
2020-03,GOOGL,-0.1323873248829029,2.0,2.0,0.994,0.0,1.988,30.0,20.14,0.108455,0.11062,0.106703,0.115802,0.120336,0.106489,0.11533,0.110235,0.10603,2.0121498565927505
2020-04,GOOGL,0.1589998033110606,1.0,10.0,0.7268,0.0086,7.268,31.0,20.79,0.108455,0.11062,0.106703,0.115802,0.120336,0.106489,0.11533,0.110235,0.10603,2.141730399220585
2020-05,GOOGL,0.0644687667149603,3.0,17.0,0.8598,0.0188,14.6166,28.0,22.21,0.108455,0.11062,0.106703,0.115802,0.120336,0.106489,0.11533,0.110235,0.10603,2.3422511336229386
2020-06,GOOGL,-0.0107917120372761,0.0,7.0,0.7246,0.0,5.0722000000000005,26.0,21.93,0.10863,0.111976,0.106245,0.117584,0.118319,0.107213,0.115379,0.10971,0.104943,2.321297183818537
2020-07,GOOGL,0.0492931005152132,4.0,17.0,0.6504,0.0,11.056799999999999,25.0,21.71,0.10863,0.111976,0.106245,0.117584,0.118319,0.107213,0.115379,0.10971,0.104943,2.310974609598834
2020-08,GOOGL,0.0951511731279572,0.0,11.0,0.9933,0.0055,10.9263,26.0,20.71,0.10863,0.111976,0.106245,0.117584,0.118319,0.107213,0.115379,0.10971,0.104943,2.33148381835902
2020-09,GOOGL,-0.1005996366227746,2.0,22.0,0.9665,0.0,21.263,28.0,22.07,0.110102,0.112712,0.104693,0.116552,0.119035,0.105386,0.116624,0.109284,0.105611,2.3491395986146797
2020-10,GOOGL,0.102694961339343,2.0,35.0,0.9092,0.0,31.822,27.0,20.5,0.110102,0.112712,0.104693,0.116552,0.119035,0.105386,0.116624,0.109284,0.105611,2.462469682452416
2020-11,GOOGL,0.0855697601327123,1.0,27.0,0.7776,0.0054,20.9952,24.0,19.36,0.110102,0.112712,0.104693,0.116552,0.119035,0.105386,0.116624,0.109284,0.105611,2.489305436169369
2020-12,GOOGL,-0.0010030354142182,2.0,21.0,0.8291,0.011,17.411099999999998,23.0,19.07,0.109974,0.11721,0.111453,0.11672,0.115694,0.105718,0.108052,0.104403,0.110777,2.5441354946826324
2021-01,GOOGL,0.0426328315403126,2.0,45.0,0.8467,0.0,38.1015,23.0,18.93,0.109974,0.11721,0.111453,0.11672,0.115694,0.105718,0.108052,0.104403,0.110777,2.552382897928731
2021-02,GOOGL,0.1064650246821352,0.0,127.0,0.8128,0.0,103.2256,23.0,20.0,0.109974,0.11721,0.111453,0.11672,0.115694,0.105718,0.108052,0.104403,0.110777,2.5769192988388703
2021-03,GOOGL,0.0200849631377466,2.0,455.0,0.4264,0.0,194.012,22.0,19.79,0.104091,0.107662,0.106245,0.120747,0.120567,0.109464,0.118057,0.108283,0.104884,2.556581473419425
2021-04,GOOGL,0.1410797896186297,1.0,644.0,0.519,0.0131,334.236,24.0,19.36,0.104091,0.107662,0.106245,0.120747,0.120567,0.109464,0.118057,0.108283,0.104884,2.6162474571195293
2021-05,GOOGL,0.0014233731813324,1.0,582.0,0.5336,0.0,310.55519999999996,22.0,19.64,0.104091,0.107662,0.106245,0.120747,0.120567,0.109464,0.118057,0.108283,0.104884,2.6350425433140554
2021-06,GOOGL,0.0360396515805812,1.0,865.0,0.6068,0.0,524.8820000000001,21.0,20.21,0.103473,0.107378,0.10565,0.12043,0.12146,0.109425,0.118367,0.108838,0.10498,2.6943994664754687
2021-07,GOOGL,0.1035062072271411,2.0,598.0,0.4813,0.0048,287.8174,22.0,19.43,0.103473,0.107378,0.10565,0.12043,0.12146,0.109425,0.118367,0.108838,0.10498,2.7411718349137444
2021-08,GOOGL,0.0740090852409369,1.0,464.0,0.5114,0.0,237.28959999999998,21.0,18.29,0.103473,0.107378,0.10565,0.12043,0.12146,0.109425,0.118367,0.108838,0.10498,2.752639874583916
2021-09,GOOGL,-0.0761692355751022,0.0,494.0,0.4207,0.0059,207.82580000000002,23.0,19.5,0.103747,0.107475,0.106415,0.120492,0.120765,0.109301,0.118682,0.108581,0.104541,2.764738606032222
2021-10,GOOGL,0.1074987760073971,2.0,677.0,0.481,0.0,325.637,23.0,19.64,0.103747,0.107475,0.106415,0.120492,0.120765,0.109301,0.118682,0.108581,0.104541,2.790182434909352
2021-11,GOOGL,-0.0415311076981559,3.0,464.0,0.5651,0.0077,262.20640000000003,23.0,20.79,0.103747,0.107475,0.106415,0.120492,0.120765,0.109301,0.118682,0.108581,0.104541,2.809652499101835
2021-12,GOOGL,0.0208212690546032,1.0,571.0,0.5365,0.0,306.3415,22.0,19.29,0.1107,0.117965,0.110234,0.116325,0.116478,0.104111,0.108079,0.104766,0.111343,2.8194630875203868
2022-01,GOOGL,-0.0659190247942609,4.0,599.0,0.5651,0.0,338.49490000000003,24.0,24.86,0.1107,0.117965,0.110234,0.116325,0.116478,0.104111,0.108079,0.104766,0.111343,2.8384001228048907
2022-02,GOOGL,-0.0018216939058477,1.0,674.0,0.4497,0.0,303.0978,27.0,26.0,0.1107,0.117965,0.110234,0.116325,0.116478,0.104111,0.108079,0.104766,0.111343,2.859431932224705
2022-03,GOOGL,0.0296949117171065,0.0,621.0,0.3616,0.0,224.5536,24.0,27.36,0.102941,0.1113,0.113371,0.114002,0.128961,0.108458,0.113902,0.106694,0.100371,2.849725399850847
2022-04,GOOGL,-0.1794668322561938,1.0,612.0,0.425,0.0,260.09999999999997,25.0,26.71,0.102941,0.1113,0.113371,0.114002,0.128961,0.108458,0.113902,0.106694,0.100371,2.862008007078841
2022-05,GOOGL,-0.0030453099570593,0.0,479.0,0.4675,0.0,223.9325,24.0,25.5,0.102941,0.1113,0.113371,0.114002,0.128961,0.108458,0.113902,0.106694,0.100371,2.8589049159916593
2022-06,GOOGL,-0.0421845366055789,1.0,576.0,0.4457,0.0049,256.7232,25.0,25.64,0.102941,0.1113,0.113371,0.114002,0.128961,0.108458,0.113902,0.106694,0.100371,2.8689570852367328
2022-07,GOOGL,0.0675182489481414,2.0,698.0,0.3434,0.0,239.6932,22.0,23.43,0.102941,0.1113,0.113371,0.114002,0.128961,0.108458,0.113902,0.106694,0.100371,2.8628204115852283
2022-08,GOOGL,-0.0696354689211263,3.0,481.0,0.4958,0.0,238.4798,21.0,22.79,0.102941,0.1113,0.113371,0.114002,0.128961,0.108458,0.113902,0.106694,0.100371,2.862181279424136
2022-09,GOOGL,-0.1161521791808086,1.0,470.0,0.5527,0.0,259.769,22.0,24.5,0.102941,0.1113,0.113371,0.114002,0.128961,0.108458,0.113902,0.106694,0.100371,2.8840673356273627
2022-10,GOOGL,-0.0119185132636264,1.0,618.0,0.4222,0.0,260.9196,23.0,24.57,0.102941,0.1113,0.113371,0.114002,0.128961,0.108458,0.113902,0.106694,0.100371,2.9001097448133035
2022-11,GOOGL,0.0685640673898106,0.0,431.0,0.4411,0.0,190.1141,21.0,25.79,0.102941,0.1113,0.113371,0.114002,0.128961,0.108458,0.113902,0.106694,0.100371,2.8701866213084957
2022-12,GOOGL,-0.1263490735466643,3.0,426.0,0.4975,0.0168,211.935,20.0,25.86,0.108472,0.1168,0.110732,0.114626,0.118713,0.107747,0.110227,0.101977,0.110705,2.9448037616615115
2023-01,GOOGL,0.1202537715505027,5.0,626.0,0.4173,0.0144,261.2298,21.0,27.43,0.108472,0.1168,0.110732,0.114626,0.118713,0.107747,0.110227,0.101977,0.110705,3.062737693236167
2023-02,GOOGL,-0.0888303091324362,1.0,813.0,0.415,0.0325,337.395,23.0,31.0,0.108472,0.1168,0.110732,0.114626,0.118713,0.107747,0.110227,0.101977,0.110705,3.2404192778390977
2023-03,GOOGL,0.151787875583532,0.0,576.0,0.4509,0.0454,259.71840000000003,21.0,30.57,0.106558,0.11265,0.115692,0.114516,0.122073,0.104833,0.113997,0.110846,0.098836,3.394583357157459
2023-04,GOOGL,0.0348015680939759,0.0,678.0,0.476,0.0412,322.728,20.0,30.14,0.106558,0.11265,0.115692,0.114516,0.122073,0.104833,0.113997,0.110846,0.098836,3.551481969129282
2023-05,GOOGL,0.1446805912424149,0.0,503.0,0.4419,0.0645,222.2757,21.0,31.29,0.106558,0.11265,0.115692,0.114516,0.122073,0.104833,0.113997,0.110846,0.098836,3.717768645014225
2023-06,GOOGL,-0.0257996687118515,2.0,562.0,0.4959,0.0424,278.6958,20.0,32.64,0.106558,0.11265,0.115692,0.114516,0.122073,0.104833,0.113997,0.110846,0.098836,3.7384270339648142
2023-07,GOOGL,0.1087717147078581,2.0,563.0,0.6084,0.0486,342.5292,20.0,30.57,0.106558,0.11265,0.115692,0.114516,0.122073,0.104833,0.113997,0.110846,0.098836,3.812892111047034
2023-08,GOOGL,0.0259950662117809,0.0,489.0,0.5648,0.038,276.18719999999996,20.0,29.57,0.106558,0.11265,0.115692,0.114516,0.122073,0.104833,0.113997,0.110846,0.098836,3.8499308295744714
2023-09,GOOGL,-0.0389956396460603,1.0,557.0,0.518,0.0275,288.526,21.0,30.57,0.106558,0.11265,0.115692,0.114516,0.122073,0.104833,0.113997,0.110846,0.098836,3.870013287790941
2023-10,GOOGL,-0.0518110062368464,0.0,782.0,0.481,0.028,376.142,25.0,31.0,0.106558,0.11265,0.115692,0.114516,0.122073,0.104833,0.113997,0.110846,0.098836,3.945708253123284
2023-11,GOOGL,0.0681010037135541,0.0,546.0,0.5634,0.0193,307.6164,21.0,31.86,0.106558,0.11265,0.115692,0.114516,0.122073,0.104833,0.113997,0.110846,0.098836,3.9255655497266333
2023-12,GOOGL,0.0540257070578555,1.0,621.0,0.6263,0.0394,388.9323,20.0,30.79,0.112194,0.121834,0.108427,0.116656,0.113796,0.10012,0.109571,0.104037,0.113365,3.9808968949953494
2024-01,GOOGL,0.002934904871658,3.0,604.0,0.637,0.0471,384.748,23.0,32.79,0.112194,0.121834,0.108427,0.116656,0.113796,0.10012,0.109571,0.104037,0.113365,4.056672202585389
2024-02,GOOGL,-0.01170581471414,0.0,540.0,0.6024,0.0345,325.29600000000005,26.0,36.07,0.112194,0.121834,0.108427,0.116656,0.113796,0.10012,0.109571,0.104037,0.113365,4.0691418877371675
2024-03,GOOGL,0.0900620151800075,2.0,399.0,0.6171,0.0387,246.22289999999998,25.0,35.86,0.107794,0.112429,0.115445,0.114871,0.121504,0.104878,0.114325,0.110205,0.098549,4.0867721329223174
2024-04,GOOGL,0.0785133654887644,5.0,418.0,0.5972,0.0471,249.62959999999998,27.0,35.29,0.107794,0.112429,0.115445,0.114871,0.121504,0.104878,0.114325,0.110205,0.098549,4.160411611970842
2024-05,GOOGL,0.0597123785135735,2.0,453.0,0.6851,0.0524,310.3503,25.0,36.21,0.107794,0.112429,0.115445,0.114871,0.121504,0.104878,0.114325,0.110205,0.098549,4.215282273997562
2024-06,GOOGL,0.0559420956825056,2.0,411.0,0.7163,0.056,294.39930000000004,24.0,34.0,0.107747,0.11214,0.116326,0.115129,0.122342,0.104385,0.113801,0.109575,0.098555,4.2262349674871444
2024-07,GOOGL,-0.0571678991622048,3.0,439.0,0.6293,0.0414,276.2627,25.0,32.57,0.107747,0.11214,0.116326,0.115129,0.122342,0.104385,0.113801,0.109575,0.098555,4.233769481283157
2024-08,GOOGL,-0.0475689188840536,1.0,433.0,0.6802,0.0467,294.52660000000003,25.0,33.07,0.107747,0.11214,0.116326,0.115129,0.122342,0.104385,0.113801,0.109575,0.098555,4.267670351834671
2024-09,GOOGL,0.0151180089790043,0.0,384.0,0.6367,0.0426,244.49280000000002,26.0,35.36,0.107705,0.11219,0.116375,0.115114,0.122359,0.10445,0.113774,0.109541,0.098491,4.24951765855644
2024-10,GOOGL,0.0330844210024794,0.0,307.0,0.7476,0.0567,229.5132,27.0,36.21,0.107705,0.11219,0.116375,0.115114,0.122359,0.10445,0.113774,0.109541,0.098491,4.295317421829396
2024-11,GOOGL,-0.0126235460983747,4.0,53.0,0.3031,0.0235,16.0643,28.0,38.36,0.107705,0.11219,0.116375,0.115114,0.122359,0.10445,0.113774,0.109541,0.098491,4.194058880224227
2024-12,GOOGL,0.1204499771817582,1.0,54.0,0.2663,0.0312,14.380199999999999,26.0,37.14,0.111712,0.120683,0.109162,0.115139,0.114056,0.103106,0.109784,0.103315,0.113043,4.11378440779108
2025-01,GOOGL,0.0789952733491379,9.0,281.0,0.7249,0.0595,203.6969,28.0,38.79,0.111712,0.120683,0.109162,0.115139,0.114056,0.103106,0.109784,0.103315,0.113043,4.187032830551629
2025-02,GOOGL,-0.1653759481089814,1.0,454.0,0.6183,0.0533,280.7082,29.0,41.43,0.111712,0.120683,0.109162,0.115139,0.114056,0.103106,0.109784,0.103315,0.113043,4.236136354454808
2025-03,GOOGL,-0.0918487070038436,0.0,446.0,0.703,0.0542,313.53799999999995,28.0,39.86,0.106775,0.112308,0.11533,0.114793,0.121018,0.104369,0.114179,0.111785,0.099444,4.2747408987113324
2025-04,GOOGL,0.0280838858710117,0.0,710.0,0.6324,0.0554,449.00399999999996,29.0,40.07,0.106775,0.112308,0.11533,0.114793,0.121018,0.104369,0.114179,0.111785,0.099444,4.423138762693002
2025-05,GOOGL,0.0814862954029709,2.0,706.0,0.6745,0.033,476.197,29.0,40.21,0.106775,0.112308,0.11533,0.114793,0.121018,0.104369,0.114179,0.111785,0.099444,4.463026140310445
2025-06,GOOGL,0.0261440932817011,2.0,972.0,0.7498,0.0562,728.8056,27.0,45.64,0.106775,0.112308,0.11533,0.114793,0.121018,0.104369,0.114179,0.111785,0.099444,4.598132091285355
2025-07,GOOGL,0.0902360580185013,0.0,1000.0,0.7727,0.0586,772.7,29.0,48.5,0.106775,0.112308,0.11533,0.114793,0.121018,0.104369,0.114179,0.111785,0.099444,4.7333162887334
2025-08,GOOGL,0.1094842212027296,1.0,1000.0,0.7645,0.0529,764.5,30.0,87.57,0.106775,0.112308,0.11533,0.114793,0.121018,0.104369,0.114179,0.111785,0.099444,4.85245721089279
2025-09,GOOGL,0.1417969213804246,0.0,1000.0,0.7696,0.0257,769.5999999999999,34.0,86.07,0.106775,0.112308,0.11533,0.114793,0.121018,0.104369,0.114179,0.111785,0.099444,4.869304483380393
2025-10,GOOGL,0.157718969021708,2.0,1000.0,0.7834,0.0713,783.4,33.0,86.86,0.106775,0.112308,0.11533,0.114793,0.121018,0.104369,0.114179,0.111785,0.099444,4.979603635638772
2025-11,GOOGL,0.1386608079327651,4.0,1000.0,0.76,0.0528,760.0,34.0,91.29,0.106775,0.112308,0.11533,0.114793,0.121018,0.104369,0.114179,0.111785,0.099444,5.078229194428111
2025-12,GOOGL,-0.0224249756023068,1.0,1000.0,0.8376,0.0758,837.6,30.0,86.86,0.112013,0.119604,0.110425,0.115512,0.114225,0.101992,0.109706,0.10223,0.114293,5.222335854204356
2014-01,IBM,-0.0580585366873825,302.0,0.0,0.0,0.0,0.0,100.0,18.14,0.115942,0.114939,0.113192,0.11531,0.106389,0.09333,0.108292,0.118746,0.113859,0.34178403755868547
2014-02,IBM,0.048052957928018,68.0,0.0,0.0,0.0,0.0,100.0,18.14,0.115942,0.114939,0.113192,0.11531,0.106389,0.09333,0.108292,0.118746,0.113859,0.6388404897755946
2014-03,IBM,0.0452300957376727,124.0,0.0,0.0,0.0,0.0,94.0,17.14,0.115942,0.114939,0.113192,0.11531,0.106389,0.09333,0.108292,0.118746,0.113859,1.0029851282001758
2014-04,IBM,0.020676784432831,105.0,0.0,0.0,0.0,0.0,94.0,17.21,0.115942,0.114939,0.113192,0.11531,0.106389,0.09333,0.108292,0.118746,0.113859,1.2999250170973504
2014-05,IBM,-0.0616379328604319,189.0,0.0,0.0,0.0,0.0,87.0,16.86,0.115942,0.114939,0.113192,0.11531,0.106389,0.09333,0.108292,0.118746,0.113859,1.603232788100419
2014-06,IBM,-0.0110361725693524,185.0,0.0,0.0,0.0,0.0,86.0,18.0,0.115942,0.114939,0.113192,0.11531,0.106389,0.09333,0.108292,0.118746,0.113859,1.8960459448617693
2014-07,IBM,0.057372941523365,80.0,0.0,0.0,0.0,0.0,91.0,19.29,0.115942,0.114939,0.113192,0.11531,0.106389,0.09333,0.108292,0.118746,0.113859,2.0979067458893255
2014-08,IBM,0.0032875809348502,114.0,0.0,0.0,0.0,0.0,81.0,17.86,0.115942,0.114939,0.113192,0.11531,0.106389,0.09333,0.108292,0.118746,0.113859,2.3336008903799543
2014-09,IBM,-0.0070071803091644,98.0,0.0,0.0,0.0,0.0,88.0,17.64,0.109675,0.116311,0.121016,0.11558,0.110785,0.101704,0.112902,0.108253,0.103774,2.5774407512955824
2014-10,IBM,-0.1339618304303682,127.0,0.0,0.0,0.0,0.0,97.0,18.14,0.109675,0.116311,0.121016,0.11558,0.110785,0.101704,0.112902,0.108253,0.103774,2.828164732991521
2014-11,IBM,-0.0135644926743077,129.0,0.0,0.0,0.0,0.0,85.0,18.36,0.109675,0.116311,0.121016,0.11558,0.110785,0.101704,0.112902,0.108253,0.103774,3.060543154614088
2014-12,IBM,-0.0038970121665022,114.0,0.0,0.0,0.0,0.0,77.0,17.79,0.114579,0.118885,0.116265,0.113139,0.105637,0.092312,0.109087,0.117621,0.112475,3.254547387481689
2015-01,IBM,-0.0444399250059656,216.0,0.0,0.0,0.0,0.0,90.0,17.21,0.114579,0.118885,0.116265,0.113139,0.105637,0.092312,0.109087,0.117621,0.112475,3.403190669330739
2015-02,IBM,0.0562910849529307,66.0,0.0,0.0,0.0,0.0,87.0,17.07,0.114579,0.118885,0.116265,0.113139,0.105637,0.092312,0.109087,0.117621,0.112475,3.5930061717475232
2015-03,IBM,-0.0019395467464348,96.0,0.0,0.0,0.0,0.0,83.0,17.0,0.108315,0.12029,0.120445,0.116434,0.110433,0.095472,0.113383,0.115112,0.100115,3.787264598166215
2015-04,IBM,0.067227324834999,98.0,0.0,0.0,0.0,0.0,85.0,17.0,0.108315,0.12029,0.120445,0.116434,0.110433,0.095472,0.113383,0.115112,0.100115,3.916730755045093
2015-05,IBM,-0.0095746828667995,130.0,0.0,0.0,0.0,0.0,78.0,17.07,0.108315,0.12029,0.120445,0.116434,0.110433,0.095472,0.113383,0.115112,0.100115,4.033374879968416
2015-06,IBM,-0.0339459814094629,116.0,0.0,0.0,0.0,0.0,82.0,16.36,0.108315,0.12029,0.120445,0.116434,0.110433,0.095472,0.113383,0.115112,0.100115,4.158698289023025
2015-07,IBM,-0.0041192485123173,99.0,2.0,0.994,0.0271,1.988,78.0,16.71,0.108315,0.12029,0.120445,0.116434,0.110433,0.095472,0.113383,0.115112,0.100115,4.431237330116681
2015-08,IBM,-0.0870424511734845,75.0,4.0,0.9935,0.0,3.974,74.0,15.43,0.108315,0.12029,0.120445,0.116434,0.110433,0.095472,0.113383,0.115112,0.100115,4.584568174694233
2015-09,IBM,-0.0116068915833701,75.0,6.0,0.9925,0.012,5.955,79.0,15.64,0.110419,0.113975,0.120272,0.11702,0.109317,0.09785,0.112622,0.113302,0.105223,4.982369090270403
2015-10,IBM,-0.0337311253503626,85.0,1.0,0.991,0.0094,0.991,79.0,16.36,0.110419,0.113975,0.120272,0.11702,0.109317,0.09785,0.112622,0.113302,0.105223,5.1701730550540885
2015-11,IBM,-0.00471161920589,48.0,3.0,0.994,0.0,2.982,77.0,16.36,0.110419,0.113975,0.120272,0.11702,0.109317,0.09785,0.112622,0.113302,0.105223,5.194208273790399
2015-12,IBM,-0.0036518686168598,47.0,4.0,0.9897,0.0194,3.9588,66.0,16.36,0.113971,0.106278,0.112935,0.119734,0.115827,0.094263,0.117398,0.114631,0.104965,5.357279647442281
2016-01,IBM,-0.0932274955375673,169.0,0.0,0.0,0.0,0.0,70.0,15.93,0.113971,0.106278,0.112935,0.119734,0.115827,0.094263,0.117398,0.114631,0.104965,5.334018778653316
2016-02,IBM,0.0500040764623479,29.0,2.0,0.997,0.0126,1.994,80.0,16.14,0.113971,0.106278,0.112935,0.119734,0.115827,0.094263,0.117398,0.114631,0.104965,5.4711098873323
2016-03,IBM,0.1676485392202602,37.0,1.0,0.999,0.0072,0.999,78.0,16.21,0.115413,0.114221,0.12257,0.106888,0.106402,0.097085,0.11574,0.111518,0.110162,5.490043374872096
2016-04,IBM,-0.0363815798032087,36.0,4.0,0.995,0.0086,3.98,76.0,16.21,0.115413,0.114221,0.12257,0.106888,0.106402,0.097085,0.11574,0.111518,0.110162,5.5851140700298645
2016-05,IBM,0.0534463581445405,70.0,4.0,0.544,0.0056,2.176,73.0,17.0,0.115413,0.114221,0.12257,0.106888,0.106402,0.097085,0.11574,0.111518,0.110162,5.660176660199143
2016-06,IBM,-0.0032211035933278,51.0,1.0,0.994,0.0188,0.994,72.0,16.14,0.114956,0.105022,0.117647,0.115438,0.110921,0.096546,0.115699,0.118413,0.105357,5.813480199349714
2016-07,IBM,0.0582422098090797,28.0,0.0,0.0,0.0,0.0,66.0,15.21,0.114956,0.105022,0.117647,0.115438,0.110921,0.096546,0.115699,0.118413,0.105357,5.763917718499975
2016-08,IBM,-0.0108330702970528,34.0,1.0,0.982,0.0,0.982,68.0,14.79,0.114956,0.105022,0.117647,0.115438,0.110921,0.096546,0.115699,0.118413,0.105357,5.748366436918877
2016-09,IBM,0.0084461284115437,22.0,0.0,0.0,0.0,0.0,73.0,16.07,0.115724,0.10641,0.114272,0.116082,0.109606,0.095423,0.119757,0.115151,0.107576,5.682282151645889
2016-10,IBM,-0.0324835095207469,73.0,0.0,0.0,0.0,0.0,71.0,17.0,0.115724,0.10641,0.114272,0.116082,0.109606,0.095423,0.119757,0.115151,0.107576,5.667239759010425
2016-11,IBM,0.0555015812313839,47.0,1.0,0.994,0.0,0.994,72.0,17.93,0.115724,0.10641,0.114272,0.116082,0.109606,0.095423,0.119757,0.115151,0.107576,5.647616022769174
2016-12,IBM,0.0325226136877023,56.0,0.0,0.0,0.0,0.0,61.0,17.21,0.112449,0.116442,0.112781,0.111163,0.107872,0.097272,0.116383,0.110095,0.115544,5.591403212460059
2017-01,IBM,0.0513888025002742,179.0,0.0,0.0,0.0,0.0,67.0,17.64,0.112449,0.116442,0.112781,0.111163,0.107872,0.097272,0.116383,0.110095,0.115544,5.574824814503616
2017-02,IBM,0.030368965893945,34.0,3.0,0.997,0.0102,2.991,74.0,18.14,0.112449,0.116442,0.112781,0.111163,0.107872,0.097272,0.116383,0.110095,0.115544,5.601750662174548
2017-03,IBM,-0.0239302844005577,45.0,0.0,0.0,0.0,0.0,77.0,19.21,0.110777,0.105547,0.11512,0.113714,0.111627,0.099369,0.119561,0.11793,0.106354,5.60154112433992
2017-04,IBM,-0.0795336606697063,34.0,0.0,0.0,0.0,0.0,71.0,19.07,0.110777,0.105547,0.11512,0.113714,0.111627,0.099369,0.119561,0.11793,0.106354,5.505236859280663
2017-05,IBM,-0.0477881799458866,78.0,1.0,0.989,0.0,0.989,71.0,19.36,0.110777,0.105547,0.11512,0.113714,0.111627,0.099369,0.119561,0.11793,0.106354,5.489502215227962
2017-06,IBM,0.0177076190740117,52.0,1.0,0.997,0.0,0.997,67.0,20.14,0.112729,0.107682,0.117094,0.112167,0.113358,0.096192,0.118432,0.118658,0.103689,5.4545485165974315
2017-07,IBM,-0.0595459943099446,39.0,0.0,0.0,0.0,0.0,64.0,20.0,0.112729,0.107682,0.117094,0.112167,0.113358,0.096192,0.118432,0.118658,0.103689,5.398743577498119
2017-08,IBM,-0.0113365201457616,38.0,1.0,0.991,0.0,0.991,62.0,19.0,0.112729,0.107682,0.117094,0.112167,0.113358,0.096192,0.118432,0.118658,0.103689,5.357704555424863
2017-09,IBM,0.0250498195371118,24.0,1.0,0.999,0.0212,0.999,65.0,19.79,0.114783,0.10728,0.113669,0.114219,0.112929,0.093318,0.121164,0.116609,0.106028,5.350210454625863
2017-10,IBM,0.0618974820459665,58.0,2.0,0.997,0.0101,1.994,69.0,20.64,0.114783,0.10728,0.113669,0.114219,0.112929,0.093318,0.121164,0.116609,0.106028,5.4144634815852735
2017-11,IBM,-0.0005847769505441,44.0,1.0,0.995,0.0,0.995,67.0,22.0,0.114783,0.10728,0.113669,0.114219,0.112929,0.093318,0.121164,0.116609,0.106028,5.411414525884016
2017-12,IBM,0.0063874312714395,56.0,0.0,0.0,0.0,0.0,56.0,20.64,0.112788,0.117769,0.113252,0.110848,0.107167,0.097634,0.115696,0.109307,0.115539,5.355035449601207
2018-01,IBM,0.0670060601858106,223.0,1.0,0.995,0.0386,0.995,69.0,21.21,0.112788,0.117769,0.113252,0.110848,0.107167,0.097634,0.115696,0.109307,0.115539,5.581873551349653
2018-02,IBM,-0.0480758322434515,31.0,1.0,0.996,0.0,0.996,69.0,21.64,0.112788,0.117769,0.113252,0.110848,0.107167,0.097634,0.115696,0.109307,0.115539,5.507191244184689
2018-03,IBM,-0.0057073617256592,52.0,2.0,0.9945,0.01,1.989,67.0,21.07,0.109639,0.111051,0.119779,0.110455,0.109946,0.097275,0.118281,0.117139,0.106435,5.60329595147882
2018-04,IBM,-0.0552043066235593,45.0,3.0,0.996,0.0113,2.988,66.0,21.0,0.109639,0.111051,0.119779,0.110455,0.109946,0.097275,0.118281,0.117139,0.106435,5.612081727601415
2018-05,IBM,-0.0251795434348357,81.0,0.0,0.0,0.0,0.0,63.0,20.5,0.109639,0.111051,0.119779,0.110455,0.109946,0.097275,0.118281,0.117139,0.106435,5.5924765748465735
2018-06,IBM,-0.0004186188085727,51.0,4.0,0.7465,0.005,2.986,59.0,19.71,0.110273,0.111266,0.121087,0.109654,0.112653,0.096116,0.117399,0.119288,0.102264,5.626545782064981
2018-07,IBM,0.0374371085508582,53.0,0.0,0.0,0.0,0.0,59.0,19.5,0.110273,0.111266,0.121087,0.109654,0.112653,0.096116,0.117399,0.119288,0.102264,5.773366867769935
2018-08,IBM,0.0106945761278853,56.0,0.0,0.0,0.0,0.0,54.0,19.29,0.110273,0.111266,0.121087,0.109654,0.112653,0.096116,0.117399,0.119288,0.102264,5.8466296984656765
2018-09,IBM,0.0434438594880286,36.0,0.0,0.0,0.0,0.0,56.0,20.29,0.111578,0.111318,0.117713,0.11013,0.112527,0.093995,0.12006,0.118146,0.104533,5.893285146994542
2018-10,IBM,-0.2366244447534503,85.0,5.0,0.8614,0.0186,4.307,70.0,21.07,0.111578,0.111318,0.117713,0.11013,0.112527,0.093995,0.12006,0.118146,0.104533,6.047852385046765
2018-11,IBM,0.0765832304441511,58.0,3.0,0.9763,0.0081,2.9288999999999996,61.0,21.29,0.111578,0.111318,0.117713,0.11013,0.112527,0.093995,0.12006,0.118146,0.104533,6.106555757873509
2018-12,IBM,-0.0736482917909092,56.0,2.0,0.9775,0.0248,1.955,52.0,20.07,0.113019,0.118347,0.113306,0.111501,0.106529,0.096735,0.115627,0.109133,0.115803,6.219331837604703
2019-01,IBM,0.1825459625911858,173.0,4.0,0.9962,0.0435,3.9848,58.0,20.43,0.113019,0.118347,0.113306,0.111501,0.106529,0.096735,0.115627,0.109133,0.115803,6.424244667404202
2019-02,IBM,0.0276000471929573,42.0,1.0,0.995,0.0,0.995,61.0,21.64,0.113019,0.118347,0.113306,0.111501,0.106529,0.096735,0.115627,0.109133,0.115803,6.383706962359806
2019-03,IBM,0.0334029572345786,55.0,1.0,0.998,0.0,0.998,60.0,21.64,0.10871,0.105916,0.117168,0.111171,0.110264,0.104191,0.118849,0.119444,0.104288,6.343924699005366
2019-04,IBM,-0.005882126054032,49.0,3.0,0.9963,0.0,2.9889,59.0,21.14,0.10871,0.105916,0.117168,0.111171,0.110264,0.104191,0.118849,0.119444,0.104288,6.2669345543269515
2019-05,IBM,-0.0946744382216562,109.0,0.0,0.0,0.0,0.0,56.0,20.86,0.10871,0.105916,0.117168,0.111171,0.110264,0.104191,0.118849,0.119444,0.104288,6.247273471501429
2019-06,IBM,0.0988113397812648,61.0,0.0,0.0,0.0,0.0,54.0,20.64,0.109997,0.108,0.118373,0.110639,0.112545,0.102213,0.117133,0.119562,0.10154,6.206831962620267
2019-07,IBM,0.07498170492892,60.0,1.0,0.999,0.0234,0.999,57.0,20.71,0.109997,0.108,0.118373,0.110639,0.112545,0.102213,0.117133,0.119562,0.10154,6.35104074135842
2019-08,IBM,-0.0857391338662748,38.0,0.0,0.0,0.0,0.0,53.0,20.36,0.109997,0.108,0.118373,0.110639,0.112545,0.102213,0.117133,0.119562,0.10154,6.2594994283199785
2019-09,IBM,0.0856152165548898,52.0,0.0,0.0,0.0,0.0,57.0,21.43,0.112028,0.115249,0.115425,0.108835,0.106783,0.09662,0.116665,0.122695,0.105702,6.152599204541438
2019-10,IBM,-0.0803882103815984,62.0,1.0,0.998,0.0395,0.998,62.0,21.79,0.112028,0.115249,0.115425,0.108835,0.106783,0.09662,0.116665,0.122695,0.105702,6.255152697677881
2019-11,IBM,0.0053844353322973,84.0,0.0,0.0,0.0,0.0,57.0,22.43,0.112028,0.115249,0.115425,0.108835,0.106783,0.09662,0.116665,0.122695,0.105702,6.220620550427508
2019-12,IBM,0.0087253433087546,56.0,0.0,0.0,0.0,0.0,48.0,20.93,0.11751,0.116218,0.115149,0.115086,0.107413,0.088558,0.108934,0.11561,0.115522,6.106392418178463
2020-01,IBM,0.0722916589075963,216.0,1.0,0.999,0.0169,0.999,55.0,25.93,0.11751,0.116218,0.115149,0.115086,0.107413,0.088558,0.108934,0.11561,0.115522,6.221433210318234
2020-02,IBM,-0.0944825099958328,42.0,0.0,0.0,0.0,0.0,58.0,25.07,0.11751,0.116218,0.115149,0.115086,0.107413,0.088558,0.108934,0.11561,0.115522,6.128223192101452
2020-03,IBM,-0.138775721901913,45.0,2.0,0.9965,0.0079,1.993,52.0,20.14,0.109801,0.117572,0.117726,0.110242,0.104656,0.097748,0.112949,0.12188,0.107426,6.143493050401013
2020-04,IBM,0.1318848686646128,105.0,3.0,0.934,0.0,2.802,50.0,20.79,0.109801,0.117572,0.117726,0.110242,0.104656,0.097748,0.112949,0.12188,0.107426,6.122621879891332
2020-05,IBM,-0.0052562160968947,117.0,3.0,0.3447,0.0,1.0341,50.0,22.21,0.109801,0.117572,0.117726,0.110242,0.104656,0.097748,0.112949,0.12188,0.107426,6.11418781572015
2020-06,IBM,-0.0200986327088419,53.0,2.0,0.7365,0.0,1.473,50.0,21.93,0.111498,0.118908,0.116096,0.110071,0.106362,0.098058,0.111856,0.123476,0.103674,5.975102988147805
2020-07,IBM,0.0179676525553689,60.0,1.0,0.999,0.0,0.999,50.0,21.71,0.111498,0.118908,0.116096,0.110071,0.106362,0.098058,0.111856,0.123476,0.103674,5.839947137645892
2020-08,IBM,0.0030096032630941,49.0,3.0,0.7833,0.0064,2.3499,44.0,20.71,0.111498,0.118908,0.116096,0.110071,0.106362,0.098058,0.111856,0.123476,0.103674,5.790164791725585
2020-09,IBM,-0.0003803554570522,37.0,7.0,0.3311,0.0086,2.3177,48.0,22.07,0.114043,0.120935,0.114924,0.107941,0.104206,0.093044,0.116274,0.121044,0.107588,5.6819413688134714
2020-10,IBM,-0.0822717842573086,83.0,19.0,0.5721,0.0,10.869900000000001,49.0,20.5,0.114043,0.120935,0.114924,0.107941,0.104206,0.093044,0.116274,0.121044,0.107588,5.666390221255486
2020-11,IBM,0.1062153065984399,45.0,2.0,0.637,0.0,1.274,41.0,19.36,0.114043,0.120935,0.114924,0.107941,0.104206,0.093044,0.116274,0.121044,0.107588,5.527369922738
2020-12,IBM,0.0338839512505084,52.0,6.0,0.449,0.0273,2.694,38.0,19.07,0.120053,0.120414,0.113961,0.115792,0.104685,0.087008,0.108142,0.115388,0.114557,5.598983242029725
2021-01,IBM,-0.0537813986898643,151.0,23.0,0.8103,0.0,18.6369,44.0,18.93,0.120053,0.120414,0.113961,0.115792,0.104685,0.087008,0.108142,0.115388,0.114557,5.540092205411507
2021-02,IBM,-0.0015115353818248,67.0,25.0,0.8677,0.0054,21.6925,44.0,20.0,0.120053,0.120414,0.113961,0.115792,0.104685,0.087008,0.108142,0.115388,0.114557,5.548196770403859
2021-03,IBM,0.1354642584622361,57.0,73.0,0.8751,0.0051,63.8823,45.0,19.79,0.114882,0.115206,0.117874,0.111977,0.105348,0.094174,0.11593,0.119847,0.104762,5.516734703769314
2021-04,IBM,0.0646857986119933,44.0,148.0,0.6684,0.005,98.9232,45.0,19.36,0.114882,0.115206,0.117874,0.111977,0.105348,0.094174,0.11593,0.119847,0.104762,5.450656243655543
2021-05,IBM,0.0131096035144302,73.0,93.0,0.8247,0.0135,76.6971,46.0,19.64,0.114882,0.115206,0.117874,0.111977,0.105348,0.094174,0.11593,0.119847,0.104762,5.421741744567911
2021-06,IBM,0.0312220031915892,85.0,119.0,0.8108,0.014,96.48519999999999,44.0,20.21,0.113528,0.112229,0.117725,0.110989,0.111177,0.09581,0.115727,0.121347,0.101469,5.45327694370997
2021-07,IBM,-0.0384064148458436,40.0,150.0,0.5868,0.0054,88.02,44.0,19.43,0.113528,0.112229,0.117725,0.110989,0.111177,0.09581,0.115727,0.121347,0.101469,5.4076018728143636
2021-08,IBM,-0.0043983941148939,71.0,47.0,0.7359,0.0209,34.5873,40.0,18.29,0.113528,0.112229,0.117725,0.110989,0.111177,0.09581,0.115727,0.121347,0.101469,5.443503234270506
2021-09,IBM,0.0013502349426779,62.0,58.0,0.8735,0.0316,50.663000000000004,42.0,19.5,0.11129,0.114741,0.11571,0.110767,0.108685,0.094331,0.119714,0.119204,0.105557,5.536535174760349
2021-10,IBM,-0.0995465485711926,80.0,151.0,0.585,0.0123,88.335,42.0,19.64,0.11129,0.114741,0.11571,0.110767,0.108685,0.094331,0.119714,0.119204,0.105557,5.544493422118093
2021-11,IBM,-0.0208906093069456,48.0,80.0,0.694,0.0073,55.519999999999996,44.0,20.79,0.11129,0.114741,0.11571,0.110767,0.108685,0.094331,0.119714,0.119204,0.105557,5.478461896002677
2021-12,IBM,0.1566489078596056,70.0,76.0,0.7963,0.0,60.5188,40.0,19.29,0.120773,0.121188,0.114539,0.115347,0.10513,0.086876,0.10802,0.114361,0.113766,5.427302077448109
2022-01,IBM,-0.0006732707972075,128.0,213.0,0.7211,0.0,153.5943,47.0,24.86,0.120773,0.121188,0.114539,0.115347,0.10513,0.086876,0.10802,0.114361,0.113766,5.38571525991059
2022-02,IBM,-0.0828031136340349,31.0,105.0,0.8412,0.0,88.326,45.0,26.0,0.120773,0.121188,0.114539,0.115347,0.10513,0.086876,0.10802,0.114361,0.113766,5.317378619968425
2022-03,IBM,0.0740853125360874,37.0,67.0,0.6699,0.0,44.883300000000006,49.0,27.36,0.110349,0.114576,0.118108,0.111414,0.105886,0.096311,0.117401,0.120376,0.105578,5.273004112226089
2022-04,IBM,0.0168433532788483,38.0,119.0,0.6302,0.0074,74.9938,45.0,26.71,0.110349,0.114576,0.118108,0.111414,0.105886,0.096311,0.117401,0.120376,0.105578,5.225897292242629
2022-05,IBM,0.0501474517174604,53.0,83.0,0.6942,0.0097,57.6186,44.0,25.5,0.110349,0.114576,0.118108,0.111414,0.105886,0.096311,0.117401,0.120376,0.105578,5.201585103282374
2022-06,IBM,0.0292619659568498,72.0,78.0,0.6356,0.0,49.576800000000006,44.0,25.64,0.110192,0.114693,0.117936,0.110714,0.109958,0.096996,0.116788,0.120012,0.102711,5.155106023047001
2022-07,IBM,-0.0736597921207408,49.0,133.0,0.496,0.0051,65.968,42.0,23.43,0.110192,0.114693,0.117936,0.110714,0.109958,0.096996,0.116788,0.120012,0.102711,5.154998465293429
2022-08,IBM,-0.0178911859649226,45.0,51.0,0.6972,0.0049,35.5572,40.0,22.79,0.110192,0.114693,0.117936,0.110714,0.109958,0.096996,0.116788,0.120012,0.102711,5.105558906757077
2022-09,IBM,-0.0633949075547399,34.0,68.0,0.7658,0.0046,52.074400000000004,43.0,24.5,0.113375,0.116326,0.116901,0.111565,0.108028,0.092469,0.119324,0.117614,0.104398,5.061790278408055
2022-10,IBM,0.1639592847523039,50.0,155.0,0.6417,0.0,99.46350000000001,46.0,24.57,0.113375,0.116326,0.116901,0.111565,0.108028,0.092469,0.119324,0.117614,0.104398,5.029992434054439
2022-11,IBM,0.076722641239042,31.0,87.0,0.8263,0.0097,71.88810000000001,43.0,25.79,0.113375,0.116326,0.116901,0.111565,0.108028,0.092469,0.119324,0.117614,0.104398,4.996229036891054
2022-12,IBM,-0.0425126716874012,45.0,102.0,0.8462,0.0129,86.3124,36.0,25.86,0.119999,0.122864,0.115204,0.1137,0.104097,0.088716,0.108206,0.115022,0.112191,5.007795955400989
2023-01,IBM,-0.0437223545527746,115.0,135.0,0.6202,0.0053,83.72699999999999,41.0,27.43,0.119999,0.122864,0.115204,0.1137,0.104097,0.088716,0.108206,0.115022,0.112191,4.960541155633825
2023-02,IBM,-0.0403026458888585,28.0,77.0,0.6183,0.015,47.6091,42.0,31.0,0.119999,0.122864,0.115204,0.1137,0.104097,0.088716,0.108206,0.115022,0.112191,4.944167734939495
2023-03,IBM,0.0262970146574956,24.0,89.0,0.8013,0.0172,71.3157,43.0,30.57,0.113093,0.114427,0.115021,0.113956,0.106885,0.092472,0.118506,0.115075,0.110566,4.926060182662726
2023-04,IBM,-0.0357007476000588,39.0,133.0,0.6081,0.0161,80.87729999999999,41.0,30.14,0.113093,0.114427,0.115021,0.113956,0.106885,0.092472,0.118506,0.115075,0.110566,4.908208207293153
2023-05,IBM,0.0172455042040196,55.0,105.0,0.7351,0.0435,77.18549999999999,43.0,31.29,0.113093,0.114427,0.115021,0.113956,0.106885,0.092472,0.118506,0.115075,0.110566,5.002025959294336
2023-06,IBM,0.0547832117445019,58.0,92.0,0.76,0.033,69.92,46.0,32.64,0.114544,0.115266,0.113828,0.11609,0.106874,0.09309,0.117858,0.114394,0.108056,5.010702235155307
2023-07,IBM,0.0774978489411841,56.0,116.0,0.7971,0.032,92.4636,44.0,30.57,0.114544,0.115266,0.113828,0.11609,0.106874,0.09309,0.117858,0.114394,0.108056,5.072284561021488
2023-08,IBM,0.0183798511112445,33.0,112.0,0.8105,0.0428,90.776,43.0,29.57,0.114544,0.115266,0.113828,0.11609,0.106874,0.09309,0.117858,0.114394,0.108056,5.135601045296649
2023-09,IBM,-0.0334771995463412,32.0,111.0,0.803,0.0269,89.13300000000001,46.0,30.57,0.11636,0.119085,0.113502,0.113266,0.10475,0.090439,0.117893,0.115216,0.109488,5.1232248071711375
2023-10,IBM,0.030933927009018,44.0,111.0,0.6898,0.0352,76.56779999999999,42.0,31.0,0.11636,0.119085,0.113502,0.113266,0.10475,0.090439,0.117893,0.115216,0.109488,5.151945975590574
2023-11,IBM,0.0962388629421375,25.0,129.0,0.6694,0.0251,86.3526,43.0,31.86,0.11636,0.119085,0.113502,0.113266,0.10475,0.090439,0.117893,0.115216,0.109488,5.131113720659559
2023-12,IBM,0.0431687829098577,32.0,145.0,0.7892,0.0238,114.434,41.0,30.79,0.119972,0.123375,0.114793,0.112787,0.103853,0.089338,0.108238,0.114999,0.112645,5.083908273767194
2024-01,IBM,0.1229591461007708,72.0,210.0,0.8091,0.0388,169.911,48.0,32.79,0.119972,0.123375,0.114793,0.112787,0.103853,0.089338,0.108238,0.114999,0.112645,5.116994657956458
2024-02,IBM,0.0074596286817485,31.0,99.0,0.829,0.0416,82.071,54.0,36.07,0.119972,0.123375,0.114793,0.112787,0.103853,0.089338,0.108238,0.114999,0.112645,5.147400489107647
2024-03,IBM,0.041457736588476,27.0,77.0,0.6912,0.047,53.2224,48.0,35.86,0.108985,0.107813,0.117569,0.110817,0.111042,0.100895,0.118704,0.114895,0.109281,5.17155351555488
2024-04,IBM,-0.1296606549171653,24.0,113.0,0.7104,0.0277,80.2752,48.0,35.29,0.108985,0.107813,0.117569,0.110817,0.111042,0.100895,0.118704,0.114895,0.109281,5.148297550784374
2024-05,IBM,0.0039111459282337,56.0,103.0,0.7737,0.0555,79.6911,46.0,36.21,0.108985,0.107813,0.117569,0.110817,0.111042,0.100895,0.118704,0.114895,0.109281,5.212482293168234
2024-06,IBM,0.0468493703073631,44.0,89.0,0.8128,0.0394,72.33919999999999,46.0,34.0,0.109651,0.10903,0.116871,0.111099,0.110579,0.100283,0.118675,0.114527,0.109285,5.176504904922966
2024-07,IBM,0.1109570134702593,44.0,144.0,0.791,0.0282,113.90400000000001,47.0,32.57,0.109651,0.10903,0.116871,0.111099,0.110579,0.100283,0.118675,0.114527,0.109285,5.173063853110897
2024-08,IBM,0.0519932665374249,25.0,73.0,0.7933,0.0342,57.9109,45.0,33.07,0.109651,0.10903,0.116871,0.111099,0.110579,0.100283,0.118675,0.114527,0.109285,5.119357747003022
2024-09,IBM,0.1033177416489727,23.0,55.0,0.9323,0.0338,51.2765,50.0,35.36,0.113624,0.112229,0.11447,0.113187,0.108676,0.098346,0.118244,0.115455,0.105768,5.099155252705559
2024-10,IBM,-0.064953832704626,63.0,55.0,0.7911,0.035,43.5105,50.0,36.21,0.113624,0.112229,0.11447,0.113187,0.108676,0.098346,0.118244,0.115455,0.105768,5.103669117220505
2024-11,IBM,0.100087067529873,32.0,4.0,0.994,0.0719,3.976,46.0,38.36,0.113624,0.112229,0.11447,0.113187,0.108676,0.098346,0.118244,0.115455,0.105768,5.117869355655766
2024-12,IBM,-0.0257134300651898,40.0,7.0,0.208,0.0164,1.456,41.0,37.14,0.120099,0.122926,0.115179,0.113737,0.104054,0.088257,0.108204,0.115205,0.112339,5.019837901502728
2025-01,IBM,0.1631715573381713,73.0,95.0,0.8815,0.0441,83.74249999999999,48.0,38.79,0.120099,0.122926,0.115179,0.113737,0.104054,0.088257,0.108204,0.115205,0.112339,5.041400924760331
2025-02,IBM,-0.012749280522623,28.0,114.0,0.8657,0.067,98.6898,53.0,41.43,0.120099,0.122926,0.115179,0.113737,0.104054,0.088257,0.108204,0.115205,0.112339,5.140538350194089
2025-03,IBM,-0.0084114640001728,41.0,85.0,0.7833,0.0495,66.5805,52.0,39.86,0.108204,0.10793,0.121477,0.109246,0.112008,0.10018,0.116496,0.117723,0.106737,5.171007783048202
2025-04,IBM,-0.0275074022474755,34.0,154.0,0.651,0.0319,100.254,49.0,40.07,0.108204,0.10793,0.121477,0.109246,0.112008,0.10018,0.116496,0.117723,0.106737,5.157314584596379
2025-05,IBM,0.0712925594259379,61.0,92.0,0.8474,0.0485,77.9608,49.0,40.21,0.108204,0.10793,0.121477,0.109246,0.112008,0.10018,0.116496,0.117723,0.106737,5.242943295363984
2025-06,IBM,0.1454553580848547,57.0,210.0,0.8142,0.0515,170.982,50.0,45.64,0.109208,0.1077,0.120816,0.108494,0.113921,0.10001,0.116122,0.11895,0.10478,5.34245093998465
2025-07,IBM,-0.1412240729851956,42.0,517.0,0.8111,0.0335,419.3387,52.0,48.5,0.109208,0.1077,0.120816,0.108494,0.113921,0.10001,0.116122,0.11895,0.10478,5.42150953886447
2025-08,IBM,-0.0381591660593112,40.0,546.0,0.9018,0.0461,492.38280000000003,68.0,87.57,0.109208,0.1077,0.120816,0.108494,0.113921,0.10001,0.116122,0.11895,0.10478,5.574349546222151
2025-09,IBM,0.1666504385355194,25.0,521.0,0.8819,0.0577,459.4699,71.0,86.07,0.115752,0.114996,0.11633,0.111031,0.109036,0.093711,0.115481,0.118749,0.104915,5.74664527188675
2025-10,IBM,0.0894882005017303,66.0,784.0,0.8481,0.0511,664.9104,71.0,86.86,0.115752,0.114996,0.11633,0.111031,0.109036,0.093711,0.115481,0.118749,0.104915,5.911843700151238
2025-11,IBM,0.003806074651286,55.0,503.0,0.9009,0.0527,453.15270000000004,75.0,91.29,0.115752,0.114996,0.11633,0.111031,0.109036,0.093711,0.115481,0.118749,0.104915,6.075502458654731
2025-12,IBM,-0.0347943424360915,55.0,483.0,0.8604,0.0444,415.57320000000004,61.0,86.86,0.12027,0.122996,0.115211,0.113681,0.10393,0.088504,0.108145,0.115197,0.112066,6.112691765850611
2014-01,INTC,-0.0546997256828166,176.0,0.0,0.0,0.0,0.0,18.0,18.14,0.132792,0.112353,0.108041,0.121665,0.104469,0.093734,0.10454,0.113817,0.108588,0.116972542324655
2014-02,INTC,0.0089646035494697,71.0,0.0,0.0,0.0,0.0,13.0,18.14,0.132792,0.112353,0.108041,0.121665,0.104469,0.093734,0.10454,0.113817,0.108588,0.25601732359925966
2014-03,INTC,0.0523474914705606,72.0,0.0,0.0,0.0,0.0,11.0,17.14,0.101885,0.105772,0.122826,0.106188,0.112349,0.103304,0.122619,0.115318,0.109739,0.3792825839490085
2014-04,INTC,0.0340951988524029,68.0,0.0,0.0,0.0,0.0,18.0,17.21,0.101885,0.105772,0.122826,0.106188,0.112349,0.103304,0.122619,0.115318,0.109739,0.4994251367536698
2014-05,INTC,0.0236049498259884,134.0,0.0,0.0,0.0,0.0,14.0,16.86,0.101885,0.105772,0.122826,0.106188,0.112349,0.103304,0.122619,0.115318,0.109739,0.6392513129796185
2014-06,INTC,0.1407578703389846,125.0,0.0,0.0,0.0,0.0,20.0,18.0,0.102377,0.105466,0.122937,0.106686,0.112445,0.103166,0.122536,0.115479,0.108908,0.7793682438584061
2014-07,INTC,0.0967634039842564,77.0,0.0,0.0,0.0,0.0,23.0,19.29,0.102377,0.105466,0.122937,0.106686,0.112445,0.103166,0.122536,0.115479,0.108908,0.894842935260177
2014-08,INTC,0.030392775459288,84.0,0.0,0.0,0.0,0.0,15.0,17.86,0.102377,0.105466,0.122937,0.106686,0.112445,0.103166,0.122536,0.115479,0.108908,1.0073375076523936
2014-09,INTC,0.0037690735862385,100.0,0.0,0.0,0.0,0.0,14.0,17.64,0.102315,0.10551,0.122346,0.106559,0.112582,0.103099,0.123197,0.115153,0.10924,1.1648740717479673
2014-10,INTC,-0.0232624004200336,105.0,0.0,0.0,0.0,0.0,16.0,18.14,0.102315,0.10551,0.122346,0.106559,0.112582,0.103099,0.123197,0.115153,0.10924,1.2922831753703001
2014-11,INTC,0.095266005095143,104.0,0.0,0.0,0.0,0.0,13.0,18.36,0.102315,0.10551,0.122346,0.106559,0.112582,0.103099,0.123197,0.115153,0.10924,1.4023983965882612
2014-12,INTC,-0.0193835607558182,103.0,0.0,0.0,0.0,0.0,14.0,17.79,0.132071,0.111062,0.105642,0.123798,0.104106,0.094622,0.104735,0.114665,0.1093,1.5167240881177528
2015-01,INTC,-0.089556629215823,239.0,0.0,0.0,0.0,0.0,14.0,17.21,0.132071,0.111062,0.105642,0.123798,0.104106,0.094622,0.104735,0.114665,0.1093,1.606099143145372
2015-02,INTC,0.0063559841719267,56.0,0.0,0.0,0.0,0.0,12.0,17.07,0.132071,0.111062,0.105642,0.123798,0.104106,0.094622,0.104735,0.114665,0.1093,1.6949617777180785
2015-03,INTC,-0.0528031744515032,98.0,0.0,0.0,0.0,0.0,15.0,17.0,0.1015,0.105494,0.123917,0.106136,0.111464,0.102911,0.122052,0.116833,0.109694,1.8339772244288075
2015-04,INTC,0.0409336441923275,77.0,0.0,0.0,0.0,0.0,16.0,17.0,0.1015,0.105494,0.123917,0.106136,0.111464,0.102911,0.122052,0.116833,0.109694,1.8783524807944572
2015-05,INTC,0.0586792933287489,114.0,0.0,0.0,0.0,0.0,12.0,17.07,0.1015,0.105494,0.123917,0.106136,0.111464,0.102911,0.122052,0.116833,0.109694,1.92305891867879
2015-06,INTC,-0.1108540525192692,96.0,0.0,0.0,0.0,0.0,13.0,16.36,0.109968,0.107814,0.116021,0.110409,0.109983,0.102628,0.118436,0.115449,0.109293,1.9766945425653242
2015-07,INTC,-0.048323867282103,76.0,2.0,0.998,0.0,1.996,16.0,16.71,0.109968,0.107814,0.116021,0.110409,0.109983,0.102628,0.118436,0.115449,0.109293,2.1038282587635004
2015-08,INTC,-0.0141620803680686,60.0,1.0,0.992,0.0,0.992,15.0,15.43,0.109968,0.107814,0.116021,0.110409,0.109983,0.102628,0.118436,0.115449,0.109293,2.1350225430613463
2015-09,INTC,0.0648346727608149,82.0,3.0,0.9987,0.0112,2.9961,12.0,15.64,0.109896,0.107314,0.116209,0.11078,0.110123,0.102182,0.118825,0.115263,0.109408,2.4704332603923245
2015-10,INTC,0.1234241569316694,84.0,6.0,0.665,0.0088,3.99,17.0,16.36,0.109896,0.107314,0.116209,0.11078,0.110123,0.102182,0.118825,0.115263,0.109408,2.6759121124722873
2015-11,INTC,0.0268752939761176,77.0,2.0,0.999,0.0,1.998,11.0,16.36,0.109896,0.107314,0.116209,0.11078,0.110123,0.102182,0.118825,0.115263,0.109408,2.7700501686388597
2015-12,INTC,-0.002224132653621,84.0,0.0,0.0,0.0,0.0,11.0,16.36,0.126606,0.111835,0.104664,0.126445,0.108535,0.097691,0.104401,0.113823,0.106,2.8373064717450855
2016-01,INTC,-0.0995643119109748,209.0,1.0,1.0,0.0,1.0,12.0,15.93,0.126606,0.111835,0.104664,0.126445,0.108535,0.097691,0.104401,0.113823,0.106,2.8593162970290615
2016-02,INTC,-0.0460996974451826,42.0,0.0,0.0,0.0,0.0,11.0,16.14,0.126606,0.111835,0.104664,0.126445,0.108535,0.097691,0.104401,0.113823,0.106,2.873526562622562
2016-03,INTC,0.1028975638298661,89.0,3.0,0.9963,0.0155,2.9889,11.0,16.21,0.126606,0.111835,0.104664,0.126445,0.108535,0.097691,0.104401,0.113823,0.106,3.0853967955603103
2016-04,INTC,-0.0639874671957887,63.0,1.0,0.999,0.0034,0.999,15.0,16.21,0.126606,0.111835,0.104664,0.126445,0.108535,0.097691,0.104401,0.113823,0.106,3.177803459761431
2016-05,INTC,0.0432628793972544,103.0,0.0,0.0,0.0,0.0,11.0,17.0,0.126606,0.111835,0.104664,0.126445,0.108535,0.097691,0.104401,0.113823,0.106,3.187798310900115
2016-06,INTC,0.0472719498574587,88.0,1.0,0.998,0.0,0.998,12.0,16.14,0.108409,0.107963,0.118083,0.109033,0.108309,0.101883,0.118887,0.116847,0.110586,3.289095886114854
2016-07,INTC,0.062804712743395,62.0,0.0,0.0,0.0,0.0,18.0,15.21,0.108409,0.107963,0.118083,0.109033,0.108309,0.101883,0.118887,0.116847,0.110586,3.343650072334836
2016-08,INTC,0.0295470254877132,61.0,0.0,0.0,0.0,0.0,13.0,14.79,0.108409,0.107963,0.118083,0.109033,0.108309,0.101883,0.118887,0.116847,0.110586,3.3725844398471643
2016-09,INTC,0.0597982537050496,61.0,0.0,0.0,0.0,0.0,13.0,16.07,0.113639,0.109801,0.114292,0.110886,0.107376,0.09948,0.118436,0.117209,0.10888,3.411867248693145
2016-10,INTC,-0.0762918359402013,83.0,1.0,0.996,0.0,0.996,14.0,17.0,0.113639,0.109801,0.114292,0.110886,0.107376,0.09948,0.118436,0.117209,0.10888,3.4177354672915135
2016-11,INTC,-0.0048750510785376,92.0,0.0,0.0,0.0,0.0,11.0,17.93,0.113639,0.109801,0.114292,0.110886,0.107376,0.09948,0.118436,0.117209,0.10888,3.445665801537377
2016-12,INTC,0.0531589994789278,92.0,0.0,0.0,0.0,0.0,12.0,17.21,0.119763,0.113222,0.1079375,0.11708701,0.105619,0.0972805,0.112794,0.1150835,0.111214,3.4717876352788597
2017-01,INTC,0.0151638427934208,172.0,1.0,0.998,0.0,0.998,13.0,17.64,0.119763,0.113222,0.1079375,0.11708701,0.105619,0.0972805,0.112794,0.1150835,0.111214,3.451128784250253
2017-02,INTC,-0.0168387588348359,52.0,2.0,0.9995,0.0203,1.999,14.0,18.14,0.119763,0.113222,0.1079375,0.11708701,0.105619,0.0972805,0.112794,0.1150835,0.111214,3.5576807180270706
2017-03,INTC,0.0035221118963197,55.0,0.0,0.0,0.0,0.0,13.0,19.21,0.119763,0.113222,0.1079375,0.11708701,0.105619,0.0972805,0.112794,0.1150835,0.111214,3.5595616021322614
2017-04,INTC,0.0022180247308984,68.0,1.0,0.999,0.065,0.999,14.0,19.07,0.119763,0.113222,0.1079375,0.11708701,0.105619,0.0972805,0.112794,0.1150835,0.111214,3.71205435325366
2017-05,INTC,-0.0011061087981883,84.0,0.0,0.0,0.0,0.0,14.0,19.36,0.119763,0.113222,0.1079375,0.11708701,0.105619,0.0972805,0.112794,0.1150835,0.111214,3.658378440428007
2017-06,INTC,-0.0586822582051225,81.0,0.0,0.0,0.0,0.0,12.0,20.14,0.116203,0.1109,0.111499,0.112153,0.109463,0.102422,0.115349,0.114042,0.107969,3.627830989386569
2017-07,INTC,0.0512747769020989,68.0,1.0,0.996,0.0,0.996,13.0,20.0,0.116203,0.1109,0.111499,0.112153,0.109463,0.102422,0.115349,0.114042,0.107969,3.659901557663931
2017-08,INTC,-0.0112775338632752,82.0,1.0,0.999,0.0093,0.999,13.0,19.0,0.116203,0.1109,0.111499,0.112153,0.109463,0.102422,0.115349,0.114042,0.107969,3.7566184013932467
2017-09,INTC,0.093980003226451,74.0,0.0,0.0,0.0,0.0,13.0,19.79,0.115187496,0.109761,0.1118015,0.1128,0.110176995,0.101054996,0.1172555,0.113442004,0.10852,3.767693419841631
2017-10,INTC,0.1945897977073896,83.0,1.0,0.997,0.0,0.997,29.0,20.64,0.115187496,0.109761,0.1118015,0.1128,0.110176995,0.101054996,0.1172555,0.113442004,0.10852,3.8140185077438646
2017-11,INTC,-0.0142885536425416,47.0,1.0,0.995,0.0,0.995,26.0,22.0,0.115187496,0.109761,0.1118015,0.1128,0.110176995,0.101054996,0.1172555,0.113442004,0.10852,3.8141376893602277
2017-12,INTC,0.0355385094813294,87.0,0.0,0.0,0.0,0.0,17.0,20.64,0.118012,0.110296,0.109321,0.115892,0.10899,0.101459,0.109551,0.117651,0.108829,3.8279735667624135
2018-01,INTC,0.0428941552375936,170.0,13.0,0.1428,0.0216,1.8564,42.0,21.21,0.118012,0.110296,0.109321,0.115892,0.10899,0.101459,0.109551,0.117651,0.108829,3.962643879551658
2018-02,INTC,0.0238889300018727,81.0,8.0,-0.3713,0.0,-2.9704,26.0,21.64,0.118012,0.110296,0.109321,0.115892,0.10899,0.101459,0.109551,0.117651,0.108829,3.97865895887766
2018-03,INTC,0.0637721608002954,68.0,3.0,-0.1053,0.0,-0.3159,29.0,21.07,0.102209,0.111816,0.119553,0.106698,0.110564,0.106252,0.125983,0.11186,0.105066,4.011764246615771
2018-04,INTC,-0.008832871433718,57.0,1.0,0.995,0.0,0.995,33.0,21.0,0.102209,0.111816,0.119553,0.106698,0.110564,0.106252,0.125983,0.11186,0.105066,3.9593823636572254
2018-05,INTC,0.0693531995788063,103.0,1.0,0.93,0.0,0.93,28.0,20.5,0.102209,0.111816,0.119553,0.106698,0.110564,0.106252,0.125983,0.11186,0.105066,4.011114277633978
2018-06,INTC,-0.0942593404940141,97.0,0.0,0.0,0.0,0.0,28.0,19.71,0.102551,0.11146,0.120059,0.106579,0.110818,0.10612,0.125972,0.111556,0.104885,4.05184779934502
2018-07,INTC,-0.0323879161929921,79.0,3.0,0.9967,0.0,2.9901,27.0,19.5,0.102551,0.11146,0.120059,0.106579,0.110818,0.10612,0.125972,0.111556,0.104885,4.282791000604494
2018-08,INTC,0.0068609520863163,64.0,0.0,0.0,0.0,0.0,25.0,19.29,0.102551,0.11146,0.120059,0.106579,0.110818,0.10612,0.125972,0.111556,0.104885,4.38415787078942
2018-09,INTC,-0.01760081777815,81.0,1.0,0.997,0.0,0.997,19.0,20.29,0.102551,0.11146,0.120059,0.106579,0.110818,0.10612,0.125972,0.111556,0.104885,4.531142250996849
2018-10,INTC,-0.0086698839808802,113.0,2.0,0.996,0.0037,1.992,28.0,21.07,0.102551,0.11146,0.120059,0.106579,0.110818,0.10612,0.125972,0.111556,0.104885,4.590359011995164
2018-11,INTC,0.0518344960342704,63.0,0.0,0.0,0.0,0.0,21.0,21.29,0.102551,0.11146,0.120059,0.106579,0.110818,0.10612,0.125972,0.111556,0.104885,4.570696640953457
2018-12,INTC,-0.0422768001791753,90.0,1.0,0.997,0.0,0.997,19.0,20.07,0.117349,0.110065,0.107791,0.115919,0.1109,0.100382,0.112082,0.11623,0.109283,4.5857011449452845
2019-01,INTC,0.0040487470390224,199.0,0.0,0.0,0.0,0.0,26.0,20.43,0.117349,0.110065,0.107791,0.115919,0.1109,0.100382,0.112082,0.11623,0.109283,4.526599028388867
2019-02,INTC,0.1239388756237074,55.0,1.0,0.994,0.0,0.994,24.0,21.64,0.117349,0.110065,0.107791,0.115919,0.1109,0.100382,0.112082,0.11623,0.109283,4.5384514011544885
2019-03,INTC,0.0203999286917702,67.0,0.0,0.0,0.0,0.0,20.0,21.64,0.102551,0.11146,0.120059,0.106579,0.110818,0.10612,0.125972,0.111556,0.104885,4.517061030237295
2019-04,INTC,-0.049534316759093,76.0,1.0,0.995,0.0,0.995,32.0,21.14,0.102551,0.11146,0.120059,0.106579,0.110818,0.10612,0.125972,0.111556,0.104885,4.472067515750736
2019-05,INTC,-0.1371475812600239,100.0,0.0,0.0,0.0,0.0,28.0,20.86,0.102551,0.11146,0.120059,0.106579,0.110818,0.10612,0.125972,0.111556,0.104885,4.476415763878946
2019-06,INTC,0.0936235178690818,93.0,1.0,0.998,0.0271,0.998,21.0,20.64,0.102957,0.110711,0.12036,0.106575,0.11106,0.106064,0.125759,0.111724,0.104789,4.6142939538062535
2019-07,INTC,0.0559851622451899,85.0,0.0,0.0,0.0,0.0,28.0,20.71,0.102957,0.110711,0.12036,0.106575,0.11106,0.106064,0.125759,0.111724,0.104789,4.593584964749072
2019-08,INTC,-0.0621170269840768,50.0,1.0,0.999,0.0442,0.999,21.0,20.36,0.102957,0.110711,0.12036,0.106575,0.11106,0.106064,0.125759,0.111724,0.104789,4.77066452387375
2019-09,INTC,0.0942400226044417,105.0,1.0,0.999,0.0,0.999,21.0,21.43,0.102551,0.11146,0.120059,0.106579,0.110818,0.10612,0.125972,0.111556,0.104885,4.813346463733526
2019-10,INTC,0.0970306803425795,92.0,1.0,0.994,0.0202,0.994,24.0,21.79,0.102551,0.11146,0.120059,0.106579,0.110818,0.10612,0.125972,0.111556,0.104885,4.888275859237116
2019-11,INTC,0.0268885735254671,90.0,1.0,0.999,0.0029,0.999,22.0,22.43,0.102551,0.11146,0.120059,0.106579,0.110818,0.10612,0.125972,0.111556,0.104885,4.888535345343113
2019-12,INTC,0.0366819541226504,87.0,0.0,0.0,0.0,0.0,19.0,20.93,0.117052,0.110394,0.110187,0.115448,0.110371,0.096626,0.111978,0.116706,0.111236,4.8487308403404645
2020-01,INTC,0.0681704195819203,175.0,0.0,0.0,0.0,0.0,32.0,25.93,0.117052,0.110394,0.110187,0.115448,0.110371,0.096626,0.111978,0.116706,0.111236,4.759824812537209
2020-02,INTC,-0.1315501373279781,71.0,1.0,0.991,0.0,0.991,26.0,25.07,0.117052,0.110394,0.110187,0.115448,0.110371,0.096626,0.111978,0.116706,0.111236,4.787432824109546
2020-03,INTC,-0.0204155249217353,68.0,3.0,0.987,0.0261,2.961,32.0,20.14,0.1031,0.111767,0.119186,0.107365,0.111093,0.105488,0.125136,0.111027,0.105841,5.032044417964648
2020-04,INTC,0.1082776793677962,86.0,1.0,0.993,0.0,0.993,30.0,20.79,0.1031,0.111767,0.119186,0.107365,0.111093,0.105488,0.125136,0.111027,0.105841,4.9635575373973255
2020-05,INTC,0.0491832236422713,69.0,3.0,0.9567,0.0061,2.8701,24.0,22.21,0.1031,0.111767,0.119186,0.107365,0.111093,0.105488,0.125136,0.111027,0.105841,4.91184188453702
2020-06,INTC,-0.0438907506835331,116.0,1.0,0.998,0.0284,0.998,23.0,21.93,0.102442,0.112328,0.119586,0.107612,0.11116,0.105396,0.125002,0.110968,0.105507,5.009108670378173
2020-07,INTC,-0.2022395516805506,64.0,10.0,0.5426,0.0122,5.426,41.0,21.71,0.102442,0.112328,0.119586,0.107612,0.11116,0.105396,0.125002,0.110968,0.105507,5.017267264335651
2020-08,INTC,0.0674630430465521,66.0,32.0,-0.0538,0.0,-1.7216,42.0,20.71,0.102442,0.112328,0.119586,0.107612,0.11116,0.105396,0.125002,0.110968,0.105507,4.995987150982633
2020-09,INTC,0.0231923729969474,71.0,28.0,0.0423,0.0058,1.1844,31.0,22.07,0.102442,0.112328,0.119586,0.107612,0.11116,0.105396,0.125002,0.110968,0.105507,4.979893593224626
2020-10,INTC,-0.1448436867943956,79.0,12.0,0.7597,0.0275,9.1164,35.0,20.5,0.102442,0.112328,0.119586,0.107612,0.11116,0.105396,0.125002,0.110968,0.105507,5.033433272031521
2020-11,INTC,0.0919151641821474,80.0,10.0,0.8643,0.0325,8.642999999999999,25.0,19.36,0.102442,0.112328,0.119586,0.107612,0.11116,0.105396,0.125002,0.110968,0.105507,5.136920558226711
2020-12,INTC,0.0378981097492632,96.0,18.0,0.7928,0.0104,14.270399999999999,29.0,19.07,0.112315,0.110842,0.113184,0.116036,0.110886,0.099147,0.114347,0.113715,0.109529,5.237520661582483
2021-01,INTC,0.114211019885176,192.0,50.0,0.7802,0.0175,39.01,40.0,18.93,0.112315,0.110842,0.113184,0.116036,0.110886,0.099147,0.114347,0.113715,0.109529,5.340648772064454
2021-02,INTC,0.0949379347482854,77.0,48.0,0.7802,0.0227,37.449600000000004,31.0,20.0,0.112315,0.110842,0.113184,0.116036,0.110886,0.099147,0.114347,0.113715,0.109529,5.467599209801006
2021-03,INTC,0.0593694626684357,80.0,214.0,0.573,0.0288,122.62199999999999,32.0,19.79,0.102551,0.11146,0.120059,0.106579,0.110818,0.10612,0.125972,0.111556,0.104885,5.622284332577672
2021-04,INTC,-0.1010937021084676,80.0,278.0,0.5244,0.0293,145.7832,31.0,19.36,0.102551,0.11146,0.120059,0.106579,0.110818,0.10612,0.125972,0.111556,0.104885,5.691226682573684
2021-05,INTC,-0.0071268217028944,84.0,157.0,0.5731,0.0282,89.97670000000001,22.0,19.64,0.102551,0.11146,0.120059,0.106579,0.110818,0.10612,0.125972,0.111556,0.104885,5.656595063591011
2021-06,INTC,-0.0111034517295215,131.0,181.0,0.6479,0.0259,117.2699,21.0,20.21,0.102551,0.11146,0.120059,0.106579,0.110818,0.10612,0.125972,0.111556,0.104885,5.779878667673559
2021-07,INTC,-0.0431064420680774,81.0,234.0,0.537,0.0195,125.658,24.0,19.43,0.102551,0.11146,0.120059,0.106579,0.110818,0.10612,0.125972,0.111556,0.104885,5.8235169665651
2021-08,INTC,0.0063289430127417,59.0,123.0,0.6609,0.0289,81.2907,21.0,18.29,0.102551,0.11146,0.120059,0.106579,0.110818,0.10612,0.125972,0.111556,0.104885,5.830322248582408
2021-09,INTC,-0.0080237207761209,79.0,97.0,0.5952,0.0229,57.734399999999994,17.0,19.5,0.102173,0.111059,0.119504,0.107432,0.11193,0.10572,0.125737,0.111353,0.105092,5.84681450350156
2021-10,INTC,-0.0803303449782817,97.0,227.0,0.4555,0.0204,103.3985,27.0,19.64,0.102173,0.111059,0.119504,0.107432,0.11193,0.10572,0.125737,0.111353,0.105092,5.8683202009810955
2021-11,INTC,0.0040816216133063,90.0,112.0,0.6991,0.025,78.29920000000001,25.0,20.79,0.102173,0.111059,0.119504,0.107432,0.11193,0.10572,0.125737,0.111353,0.105092,5.928058604117766
2021-12,INTC,0.0540272667612395,73.0,229.0,0.6,0.0172,137.4,25.0,19.29,0.121494,0.107513,0.108709,0.114982,0.112673,0.100626,0.109025,0.112273,0.112706,6.013626911713129
2022-01,INTC,-0.0520389368990882,164.0,353.0,0.5721,0.015,201.95130000000003,34.0,24.86,0.121494,0.107513,0.108709,0.114982,0.112673,0.100626,0.109025,0.112273,0.112706,6.114371861869304
2022-02,INTC,-0.0229411404417995,59.0,263.0,0.5749,0.0154,151.1987,30.0,26.0,0.121494,0.107513,0.108709,0.114982,0.112673,0.100626,0.109025,0.112273,0.112706,6.21903831194991
2022-03,INTC,0.046908282287648,46.0,221.0,0.5389,0.0247,119.0969,26.0,27.36,0.121494,0.107513,0.108709,0.114982,0.112673,0.100626,0.109025,0.112273,0.112706,6.26168479565379
2022-04,INTC,-0.120460000164727,63.0,200.0,0.4882,0.0128,97.64,24.0,26.71,0.121494,0.107513,0.108709,0.114982,0.112673,0.100626,0.109025,0.112273,0.112706,6.185673269547342
2022-05,INTC,0.0190408829340562,113.0,127.0,0.6517,0.0204,82.76589999999999,24.0,25.5,0.121494,0.107513,0.108709,0.114982,0.112673,0.100626,0.109025,0.112273,0.112706,6.235523752615416
2022-06,INTC,-0.151154483898868,77.0,167.0,0.5059,0.0155,84.48530000000001,24.0,25.64,0.102173,0.111059,0.119504,0.107432,0.11193,0.10572,0.125737,0.111353,0.105092,6.181966915451385
2022-07,INTC,-0.0294038841793765,63.0,288.0,0.4418,0.0324,127.23840000000001,27.0,23.43,0.102173,0.111059,0.119504,0.107432,0.11193,0.10572,0.125737,0.111353,0.105092,6.297992406948753
2022-08,INTC,-0.1209033300039428,54.0,200.0,0.4453,0.0278,89.05999999999999,28.0,22.79,0.102173,0.111059,0.119504,0.107432,0.11193,0.10572,0.125737,0.111353,0.105092,6.3201864666804894
2022-09,INTC,-0.184518792963413,74.0,199.0,0.5288,0.0252,105.23120000000002,27.0,24.5,0.102637,0.112777,0.117832,0.108234,0.113839,0.101038,0.124391,0.111971,0.107281,6.422777636960912
2022-10,INTC,0.1032208738815718,90.0,308.0,0.4168,0.0156,128.3744,33.0,24.57,0.102637,0.112777,0.117832,0.108234,0.113839,0.101038,0.124391,0.111971,0.107281,6.457438496501102
2022-11,INTC,0.0576853701677593,93.0,182.0,0.4727,0.011,86.0314,23.0,25.79,0.102637,0.112777,0.117832,0.108234,0.113839,0.101038,0.124391,0.111971,0.107281,6.435444103056516
2022-12,INTC,-0.1091797758097525,85.0,184.0,0.5765,0.0163,106.07600000000001,19.0,25.86,0.108929,0.109559506,0.1158745,0.1101055,0.1130275,0.1015725,0.1173345,0.113012,0.110585496,6.4431755500542796
2023-01,INTC,0.0692394684570665,184.0,334.0,0.3378,0.0185,112.8252,31.0,27.43,0.108929,0.109559506,0.1158745,0.1101055,0.1130275,0.1015725,0.1173345,0.113012,0.110585496,6.424840454937447
2023-02,INTC,-0.1178342370854163,55.0,227.0,0.3756,0.0264,85.2612,30.0,31.0,0.108929,0.109559506,0.1158745,0.1101055,0.1130275,0.1015725,0.1173345,0.113012,0.110585496,6.464747544263639
2023-03,INTC,0.3264369671063667,70.0,147.0,0.615,0.0272,90.405,27.0,30.57,0.108929,0.109559506,0.1158745,0.1101055,0.1130275,0.1015725,0.1173345,0.113012,0.110585496,6.496732396708519
2023-04,INTC,-0.0492806112356518,93.0,179.0,0.5383,0.0403,96.3557,28.0,30.14,0.108929,0.109559506,0.1158745,0.1101055,0.1130275,0.1015725,0.1173345,0.113012,0.110585496,6.5575268669816715
2023-05,INTC,0.0122343605507635,112.0,133.0,0.5341,0.0422,71.0353,26.0,31.29,0.108929,0.109559506,0.1158745,0.1101055,0.1130275,0.1015725,0.1173345,0.113012,0.110585496,6.607462971493197
2023-06,INTC,0.0679687843316751,97.0,272.0,0.581,0.0502,158.03199999999998,38.0,32.64,0.1029,0.112874,0.11757,0.108678,0.11378,0.100773,0.124308,0.111606,0.107512,6.643811607303463
2023-07,INTC,0.0696769846906979,88.0,207.0,0.6396,0.0538,132.3972,33.0,30.57,0.1029,0.112874,0.11757,0.108678,0.11378,0.100773,0.124308,0.111606,0.107512,6.7211739640421175
2023-08,INTC,-0.0176125568306713,76.0,207.0,0.5926,0.0586,122.6682,29.0,29.57,0.1029,0.112874,0.11757,0.108678,0.11378,0.100773,0.124308,0.111606,0.107512,6.811066907435762
2023-09,INTC,0.0153072844020112,97.0,231.0,0.571,0.0577,131.90099999999998,31.0,30.57,0.1029,0.112874,0.11757,0.108678,0.11378,0.100773,0.124308,0.111606,0.107512,6.902814698255292
2023-10,INTC,0.0267229098056518,126.0,321.0,0.5314,0.0461,170.5794,28.0,31.0,0.1029,0.112874,0.11757,0.108678,0.11378,0.100773,0.124308,0.111606,0.107512,6.996628873038852
2023-11,INTC,0.2246576242038718,93.0,202.0,0.5863,0.0413,118.43260000000001,36.0,31.86,0.1029,0.112874,0.11757,0.108678,0.11378,0.100773,0.124308,0.111606,0.107512,7.068059817163446
2023-12,INTC,0.1278575183736268,122.0,254.0,0.6998,0.0646,177.7492,37.0,30.79,0.117209,0.107451,0.113234,0.112017,0.111144,0.099719,0.110528,0.114337,0.114359,7.1944020807208
2024-01,INTC,-0.1426865426840193,194.0,304.0,0.6326,0.0547,192.31040000000002,41.0,32.79,0.117209,0.107451,0.113234,0.112017,0.111144,0.099719,0.110528,0.114337,0.114359,7.2384976026597245
2024-02,INTC,-0.0006964338834242,58.0,193.0,0.6557,0.0682,126.55009999999999,35.0,36.07,0.117209,0.107451,0.113234,0.112017,0.111144,0.099719,0.110528,0.114337,0.114359,7.262411344850954
2024-03,INTC,0.0290236647230273,71.0,182.0,0.641,0.0542,116.662,39.0,35.86,0.1029,0.112874,0.11757,0.108678,0.11378,0.100773,0.124308,0.111606,0.107512,7.268712233658354
2024-04,INTC,-0.3101652395080146,92.0,262.0,0.5646,0.0708,147.9252,44.0,35.29,0.1029,0.112874,0.11757,0.108678,0.11378,0.100773,0.124308,0.111606,0.107512,7.403382597666405
2024-05,INTC,0.0124713016420223,117.0,247.0,0.5979,0.0623,147.6813,34.0,36.21,0.1029,0.112874,0.11757,0.108678,0.11378,0.100773,0.124308,0.111606,0.107512,7.44207387460225
2024-06,INTC,0.0079672969432529,116.0,232.0,0.6817,0.072,158.15439999999998,31.0,34.0,0.1029,0.112874,0.11757,0.108678,0.11378,0.100773,0.124308,0.111606,0.107512,7.49443060260461
2024-07,INTC,-0.0074265350905735,77.0,229.0,0.6338,0.0687,145.1402,48.0,32.57,0.1029,0.112874,0.11757,0.108678,0.11378,0.100773,0.124308,0.111606,0.107512,7.551014384287533
2024-08,INTC,-0.2830188160863989,62.0,267.0,0.4038,0.0523,107.8146,87.0,33.07,0.1029,0.112874,0.11757,0.108678,0.11378,0.100773,0.124308,0.111606,0.107512,7.593246139325062
2024-09,INTC,0.0711805162444172,55.0,259.0,0.5948,0.0743,154.0532,74.0,35.36,0.1029,0.112874,0.11757,0.108678,0.11378,0.100773,0.124308,0.111606,0.107512,7.778731255868726
2024-10,INTC,-0.0826938918336531,101.0,91.0,0.7414,0.0695,67.4674,51.0,36.21,0.1029,0.112874,0.11757,0.108678,0.11378,0.100773,0.124308,0.111606,0.107512,7.796253650935984
2024-11,INTC,0.1175649965371696,82.0,38.0,0.3208,0.0678,12.190399999999999,52.0,38.36,0.1029,0.112874,0.11757,0.108678,0.11378,0.100773,0.124308,0.111606,0.107512,7.796334941421624
2024-12,INTC,-0.1663201715963501,100.0,44.0,0.2908,0.0283,12.7952,53.0,37.14,0.102394,0.106488,0.126292,0.107512,0.117766,0.097961,0.122568,0.111625,0.107393,7.757284309742375
2025-01,INTC,-0.0309226411709161,147.0,158.0,0.5732,0.0501,90.5656,56.0,38.79,0.102394,0.106488,0.126292,0.107512,0.117766,0.097961,0.122568,0.111625,0.107393,7.727048801638636
2025-02,INTC,0.2213072140773517,60.0,220.0,0.6266,0.0594,137.852,73.0,41.43,0.102394,0.106488,0.126292,0.107512,0.117766,0.097961,0.122568,0.111625,0.107393,7.808509262751276
2025-03,INTC,-0.0429835852271384,88.0,243.0,0.5794,0.0608,140.79420000000002,66.0,39.86,0.102063,0.113232,0.118839,0.108353,0.114311,0.099071,0.124891,0.111294,0.107946,7.890212401313796
2025-04,INTC,-0.1149272923039192,76.0,334.0,0.5389,0.0487,179.9926,60.0,40.07,0.102063,0.113232,0.118839,0.108353,0.114311,0.099071,0.124891,0.111294,0.107946,7.913474207635206
2025-05,INTC,-0.0273632404960663,77.0,152.0,0.7041,0.0618,107.02319999999999,38.0,40.21,0.102063,0.113232,0.118839,0.108353,0.114311,0.099071,0.124891,0.111294,0.107946,7.8936658442102905
2025-06,INTC,0.1457800763524859,80.0,246.0,0.729,0.0437,179.334,39.0,45.64,0.102005,0.112536,0.118414,0.10877,0.115163,0.098443,0.125675,0.111674,0.107319,7.8433526552950426
2025-07,INTC,-0.116071447578012,50.0,620.0,0.705,0.0429,437.09999999999997,51.0,48.5,0.102005,0.112536,0.118414,0.10877,0.115163,0.098443,0.125675,0.111674,0.107319,7.8281086697817015
2025-08,INTC,0.2297980464510693,50.0,1000.0,0.6702,0.0369,670.2,95.0,87.57,0.102005,0.112536,0.118414,0.10877,0.115163,0.098443,0.125675,0.111674,0.107319,7.941797962064178
2025-09,INTC,0.3778233557068848,56.0,1000.0,0.7611,0.055,761.1,91.0,86.07,0.102063,0.113232,0.118839,0.108353,0.114311,0.099071,0.124891,0.111294,0.107946,8.164933237195084
2025-10,INTC,0.1919523871193531,78.0,851.0,0.7763,0.0518,660.6313,100.0,86.86,0.102063,0.113232,0.118839,0.108353,0.114311,0.099071,0.124891,0.111294,0.107946,8.280796916021925
2025-11,INTC,0.0142535551612927,63.0,449.0,0.8617,0.049,386.9033,52.0,91.29,0.102063,0.113232,0.118839,0.108353,0.114311,0.099071,0.124891,0.111294,0.107946,8.243769872489457
2025-12,INTC,-0.0902366795732467,65.0,556.0,0.8385,0.0524,466.206,53.0,86.86,0.102388,0.106416,0.126324,0.107444,0.117841,0.098344,0.122369,0.111372,0.107502,8.195638103676796
2014-01,INTU,-0.0402258556212933,5.0,0.0,0.0,0.0,0.0,20.0,18.14,0.103583,0.103231,0.124297,0.111819,0.113271,0.097922,0.125902,0.11599,0.103984,0.04073125622421397
2014-02,INTU,0.0695314424052067,2.0,0.0,0.0,0.0,0.0,19.0,18.14,0.103583,0.103231,0.124297,0.111819,0.113271,0.097922,0.125902,0.11599,0.103984,0.0782276262557317
2014-03,INTU,-0.0053741413898441,2.0,0.0,0.0,0.0,0.0,19.0,17.14,0.103583,0.103231,0.124297,0.111819,0.113271,0.097922,0.125902,0.11599,0.103984,0.1157725308358169
2014-04,INTU,-0.0254731696198853,3.0,0.0,0.0,0.0,0.0,22.0,17.21,0.103583,0.103231,0.124297,0.111819,0.113271,0.097922,0.125902,0.11599,0.103984,0.15642336984313815
2014-05,INTU,0.0493989219817636,2.0,0.0,0.0,0.0,0.0,24.0,16.86,0.103583,0.103231,0.124297,0.111819,0.113271,0.097922,0.125902,0.11599,0.103984,0.19717194426831225
2014-06,INTU,0.015638864677715,2.0,0.0,0.0,0.0,0.0,24.0,18.0,0.103583,0.103231,0.124297,0.111819,0.113271,0.097922,0.125902,0.11599,0.103984,0.2377300611299264
2014-07,INTU,0.0178815161237468,1.0,0.0,0.0,0.0,0.0,26.0,19.29,0.103583,0.103231,0.124297,0.111819,0.113271,0.097922,0.125902,0.11599,0.103984,0.2790386414290869
2014-08,INTU,0.0171405349630009,1.0,0.0,0.0,0.0,0.0,30.0,17.86,0.103583,0.103231,0.124297,0.111819,0.113271,0.097922,0.125902,0.11599,0.103984,0.3279956873009888
2014-09,INTU,0.0537392966091043,2.0,0.0,0.0,0.0,0.0,26.0,17.64,0.108464,0.109514,0.125984,0.108646,0.111061,0.097737,0.114278,0.11859,0.105726,0.36884596317303975
2014-10,INTU,0.0041072047716854,4.0,0.0,0.0,0.0,0.0,32.0,18.14,0.108464,0.109514,0.125984,0.108646,0.111061,0.097737,0.114278,0.11859,0.105726,0.41888140946254965
2014-11,INTU,0.0698259855333915,1.0,0.0,0.0,0.0,0.0,40.0,18.36,0.108464,0.109514,0.125984,0.108646,0.111061,0.097737,0.114278,0.11859,0.105726,0.4897100267902274
2014-12,INTU,-0.0178969286420539,3.0,0.0,0.0,0.0,0.0,60.0,17.79,0.103896,0.102921,0.12587,0.111457,0.113186,0.096337,0.124704,0.11669,0.104938,0.6125912272956386
2015-01,INTU,-0.0582493900963656,5.0,0.0,0.0,0.0,0.0,38.0,17.21,0.103896,0.102921,0.12587,0.111457,0.113186,0.096337,0.124704,0.11669,0.104938,0.664394704712048
2015-02,INTU,0.1277120550385857,4.0,0.0,0.0,0.0,0.0,30.0,17.07,0.103896,0.102921,0.12587,0.111457,0.113186,0.096337,0.124704,0.11669,0.104938,0.7055058598341464
2015-03,INTU,-0.0068623784816586,2.0,0.0,0.0,0.0,0.0,30.0,17.0,0.104133,0.101968,0.124977,0.113482,0.113495,0.096535,0.124427,0.116039,0.104944,0.7407221985139966
2015-04,INTU,0.0347566513503729,1.0,0.0,0.0,0.0,0.0,35.0,17.0,0.104133,0.101968,0.124977,0.113482,0.113495,0.096535,0.124427,0.116039,0.104944,0.7815503123251712
2015-05,INTU,0.0407468897651248,0.0,0.0,0.0,0.0,0.0,36.0,17.07,0.104133,0.101968,0.124977,0.113482,0.113495,0.096535,0.124427,0.116039,0.104944,0.8274288536156736
2015-06,INTU,-0.0324535165377171,2.0,0.0,0.0,0.0,0.0,35.0,16.36,0.104133,0.101968,0.124977,0.113482,0.113495,0.096535,0.124427,0.116039,0.104944,0.8637666182772734
2015-07,INTU,0.0496183142925013,1.0,0.0,0.0,0.0,0.0,41.0,16.71,0.104133,0.101968,0.124977,0.113482,0.113495,0.096535,0.124427,0.116039,0.104944,0.9023737041423776
2015-08,INTU,-0.1873171881844415,3.0,0.0,0.0,0.0,0.0,49.0,15.43,0.104133,0.101968,0.124977,0.113482,0.113495,0.096535,0.124427,0.116039,0.104944,0.970298788350849
2015-09,INTU,0.0349852629078608,1.0,0.0,0.0,0.0,0.0,45.0,15.64,0.107676,0.10852,0.126113,0.109214,0.112022,0.098083,0.115085,0.11783,0.105458,1.0194285516281378
2015-10,INTU,0.0978029864459137,2.0,0.0,0.0,0.0,0.0,46.0,16.36,0.107676,0.10852,0.126113,0.109214,0.112022,0.098083,0.115085,0.11783,0.105458,1.079035024853652
2015-11,INTU,0.0318392128674387,2.0,0.0,0.0,0.0,0.0,52.0,16.36,0.107676,0.10852,0.126113,0.109214,0.112022,0.098083,0.115085,0.11783,0.105458,1.1266985506683231
2015-12,INTU,-0.0369259127940641,2.0,0.0,0.0,0.0,0.0,89.0,16.36,0.105421,0.102328,0.126056,0.111325,0.112782,0.095234,0.124195,0.116984,0.105675,1.2682237248734285
2016-01,INTU,-0.0102590901731565,6.0,1.0,0.995,0.0088,0.995,47.0,15.93,0.105421,0.102328,0.126056,0.111325,0.112782,0.095234,0.124195,0.116984,0.105675,1.3425905493591148
2016-02,INTU,0.0149934449263104,0.0,0.0,0.0,0.0,0.0,42.0,16.14,0.105421,0.102328,0.126056,0.111325,0.112782,0.095234,0.124195,0.116984,0.105675,1.3684712998905064
2016-03,INTU,0.0762625224417399,0.0,0.0,0.0,0.0,0.0,45.0,16.21,0.105536,0.102104,0.125988,0.111666,0.112809,0.095668,0.12396,0.116692,0.105576,1.3951943193734813
2016-04,INTU,-0.02999705910406,1.0,0.0,0.0,0.0,0.0,40.0,16.21,0.105536,0.102104,0.125988,0.111666,0.112809,0.095668,0.12396,0.116692,0.105576,1.4140385860451088
2016-05,INTU,0.0602163211281467,0.0,0.0,0.0,0.0,0.0,44.0,17.0,0.105536,0.102104,0.125988,0.111666,0.112809,0.095668,0.12396,0.116692,0.105576,1.4383784022124244
2016-06,INTU,0.0464090239884797,4.0,0.0,0.0,0.0,0.0,42.0,16.14,0.105112,0.101667,0.125938,0.111841,0.112758,0.096065,0.124131,0.116654,0.105834,1.5565289707226602
2016-07,INTU,-0.005554931849438,0.0,0.0,0.0,0.0,0.0,49.0,15.21,0.105112,0.101667,0.125938,0.111841,0.112758,0.096065,0.124131,0.116654,0.105834,1.6372488281514825
2016-08,INTU,0.006788284936992,1.0,0.0,0.0,0.0,0.0,51.0,14.79,0.105112,0.101667,0.125938,0.111841,0.112758,0.096065,0.124131,0.116654,0.105834,1.6731574370357134
2016-09,INTU,-0.012920602142567,4.0,0.0,0.0,0.0,0.0,48.0,16.07,0.107832,0.107968,0.12622,0.109458,0.112341,0.0984,0.114562,0.11739,0.105829,1.7118455994692279
2016-10,INTU,-0.0115443097386171,1.0,0.0,0.0,0.0,0.0,53.0,17.0,0.107832,0.107968,0.12622,0.109458,0.112341,0.0984,0.114562,0.11739,0.105829,1.7482754498202124
2016-11,INTU,0.0486893719207726,1.0,0.0,0.0,0.0,0.0,55.0,17.93,0.107832,0.107968,0.12622,0.109458,0.112341,0.0984,0.114562,0.11739,0.105829,1.7807212633492049
2016-12,INTU,0.0081810153837813,3.0,0.0,0.0,0.0,0.0,86.0,17.21,0.105081,0.101522,0.125065,0.112156,0.11334,0.096853,0.124138,0.116341,0.105505,1.8872987976518425
2017-01,INTU,0.0346390724830045,10.0,0.0,0.0,0.0,0.0,54.0,17.64,0.105081,0.101522,0.125065,0.112156,0.11334,0.096853,0.124138,0.116341,0.105505,1.9322389942810818
2017-02,INTU,0.0609693324411269,1.0,0.0,0.0,0.0,0.0,45.0,18.14,0.105081,0.101522,0.125065,0.112156,0.11334,0.096853,0.124138,0.116341,0.105505,1.9344940240489468
2017-03,INTU,-0.0753349098805784,2.0,0.0,0.0,0.0,0.0,45.0,19.21,0.104111,0.102963,0.12392,0.11096,0.113554,0.097832,0.124733,0.116381,0.105546,1.963794581300665
2017-04,INTU,0.0794898662163858,3.0,0.0,0.0,0.0,0.0,52.0,19.07,0.104111,0.102963,0.12392,0.11096,0.113554,0.097832,0.124733,0.116381,0.105546,1.9653197661677047
2017-05,INTU,0.1265191543742476,1.0,0.0,0.0,0.0,0.0,46.0,19.36,0.104111,0.102963,0.12392,0.11096,0.113554,0.097832,0.124733,0.116381,0.105546,1.9554169667134365
2017-06,INTU,-0.0556738774117332,5.0,0.0,0.0,0.0,0.0,47.0,20.14,0.103707,0.103399,0.124175,0.109106,0.112863,0.0987,0.124996,0.116593,0.106459,1.9603765833268445
2017-07,INTU,0.0331295269362195,2.0,0.0,0.0,0.0,0.0,48.0,20.0,0.103707,0.103399,0.124175,0.109106,0.112863,0.0987,0.124996,0.116593,0.106459,1.958363855382766
2017-08,INTU,0.0335642227403598,4.0,0.0,0.0,0.0,0.0,53.0,19.0,0.103707,0.103399,0.124175,0.109106,0.112863,0.0987,0.124996,0.116593,0.106459,1.9767239540595738
2017-09,INTU,0.0048781530450707,5.0,0.0,0.0,0.0,0.0,50.0,19.79,0.109748,0.105392,0.123378,0.111158,0.114275,0.09761,0.115377,0.117043,0.106018,2.00258014824581
2017-10,INTU,0.0624736835003065,3.0,0.0,0.0,0.0,0.0,53.0,20.64,0.109748,0.105392,0.123378,0.111158,0.114275,0.09761,0.115377,0.117043,0.106018,2.0411538600982535
2017-11,INTU,0.0439037862766844,2.0,1.0,0.996,0.0,0.996,59.0,22.0,0.109748,0.105392,0.123378,0.111158,0.114275,0.09761,0.115377,0.117043,0.106018,2.10272415379966
2017-12,INTU,0.0035622233783887,6.0,1.0,0.999,0.0,0.999,91.0,20.64,0.102898,0.101082,0.1225,0.111252,0.114845,0.098627,0.123242,0.117103,0.108451,2.2486762099348945
2018-01,INTU,0.0641399234193411,11.0,0.0,0.0,0.0,0.0,53.0,21.21,0.102898,0.101082,0.1225,0.111252,0.114845,0.098627,0.123242,0.117103,0.108451,2.253981104116952
2018-02,INTU,-0.0038279293246535,4.0,1.0,0.999,0.0,0.999,49.0,21.64,0.102898,0.101082,0.1225,0.111252,0.114845,0.098627,0.123242,0.117103,0.108451,2.2572370709171627
2018-03,INTU,0.0388946986356733,2.0,0.0,0.0,0.0,0.0,51.0,21.07,0.102837,0.100996,0.122552,0.111283,0.114853,0.098676,0.123242,0.117048,0.108513,2.2560532802146605
2018-04,INTU,0.0659935021403606,1.0,0.0,0.0,0.0,0.0,48.0,21.0,0.102837,0.100996,0.122552,0.111283,0.114853,0.098676,0.123242,0.117048,0.108513,2.233469200774354
2018-05,INTU,0.0935115464142899,1.0,1.0,0.998,0.0,0.998,46.0,20.5,0.102837,0.100996,0.122552,0.111283,0.114853,0.098676,0.123242,0.117048,0.108513,2.2282714316455077
2018-06,INTU,0.0134423442326625,2.0,0.0,0.0,0.0,0.0,44.0,19.71,0.102734,0.100933,0.122521,0.111245,0.114822,0.098595,0.12329,0.117359,0.108501,2.2327527373700735
2018-07,INTU,-0.0003426489520027,3.0,1.0,0.995,0.0,0.995,49.0,19.5,0.102734,0.100933,0.122521,0.111245,0.114822,0.098595,0.12329,0.117359,0.108501,2.421976483000336
2018-08,INTU,0.0765862109635164,6.0,0.0,0.0,0.0,0.0,54.0,19.29,0.102734,0.100933,0.122521,0.111245,0.114822,0.098595,0.12329,0.117359,0.108501,2.5270884025132347
2018-09,INTU,0.0361323614895936,4.0,0.0,0.0,0.0,0.0,51.0,20.29,0.110544,0.105359,0.123053,0.110244,0.114018,0.097552,0.115459,0.117084,0.106686,2.667344412042934
2018-10,INTU,-0.0721194277185758,7.0,1.0,0.997,0.0,0.997,55.0,21.07,0.110544,0.105359,0.123053,0.110244,0.114018,0.097552,0.115459,0.117084,0.106686,2.6584603825914392
2018-11,INTU,0.018933240728727,6.0,1.0,0.996,0.0,0.996,62.0,21.29,0.110544,0.105359,0.123053,0.110244,0.114018,0.097552,0.115459,0.117084,0.106686,2.6857672869549227
2018-12,INTU,-0.0824127033492482,1.0,0.0,0.0,0.0,0.0,88.0,20.07,0.102997,0.104363,0.123336,0.109137,0.112068,0.099217,0.124038,0.118619,0.106224,2.7372489742197765
2019-01,INTU,0.0963679647781667,14.0,0.0,0.0,0.0,0.0,59.0,20.43,0.102997,0.104363,0.123336,0.109137,0.112068,0.099217,0.124038,0.118619,0.106224,2.74223376524402
2019-02,INTU,0.147721900855275,3.0,1.0,0.997,0.0,0.997,46.0,21.64,0.102997,0.104363,0.123336,0.109137,0.112068,0.099217,0.124038,0.118619,0.106224,2.7254762850183902
2019-03,INTU,0.0577831478496106,4.0,0.0,0.0,0.0,0.0,45.0,21.64,0.103015,0.104476,0.123183,0.10907,0.112049,0.099431,0.124132,0.118652,0.105991,2.681883251195349
2019-04,INTU,-0.0395928160297256,2.0,1.0,0.993,0.0,0.993,54.0,21.14,0.103015,0.104476,0.123183,0.10907,0.112049,0.099431,0.124132,0.118652,0.105991,2.6653298578405327
2019-05,INTU,-0.0229740746071688,1.0,1.0,0.994,0.0,0.994,47.0,20.86,0.103015,0.104476,0.123183,0.10907,0.112049,0.099431,0.124132,0.118652,0.105991,2.647890643672659
2019-06,INTU,0.0673065441186226,1.0,2.0,0.9815,0.0,1.963,50.0,20.64,0.103038,0.104295,0.122651,0.109121,0.112443,0.099094,0.124363,0.118925,0.10607,2.7506807852574457
2019-07,INTU,0.061148560019459,6.0,0.0,0.0,0.0,0.0,50.0,20.71,0.103038,0.104295,0.122651,0.109121,0.112443,0.099094,0.124363,0.118925,0.10607,2.731955740845108
2019-08,INTU,0.0416532493461003,3.0,0.0,0.0,0.0,0.0,60.0,20.36,0.103038,0.104295,0.122651,0.109121,0.112443,0.099094,0.124363,0.118925,0.10607,2.7291841082130786
2019-09,INTU,-0.0777505203563631,3.0,0.0,0.0,0.0,0.0,55.0,21.43,0.11024,0.105466,0.12327,0.109817,0.11403,0.096918,0.11766,0.115989,0.106611,2.723280917623601
2019-10,INTU,-0.0317362762629017,4.0,0.0,0.0,0.0,0.0,56.0,21.79,0.11024,0.105466,0.12327,0.109817,0.11403,0.096918,0.11766,0.115989,0.106611,2.716968394372899
2019-11,INTU,0.007443782634251,3.0,0.0,0.0,0.0,0.0,66.0,22.43,0.11024,0.105466,0.12327,0.109817,0.11403,0.096918,0.11766,0.115989,0.106611,2.729902647694189
2019-12,INTU,0.0117425362104641,5.0,0.0,0.0,0.0,0.0,86.0,20.93,0.104081,0.102981,0.122466,0.111482,0.112845,0.098009,0.123511,0.115997,0.108627,2.788179238153851
2020-01,INTU,0.070439002062197,16.0,0.0,0.0,0.0,0.0,57.0,25.93,0.104081,0.102981,0.122466,0.111482,0.112845,0.098009,0.123511,0.115997,0.108627,2.7880038933589653
2020-02,INTU,-0.0499775734877684,3.0,0.0,0.0,0.0,0.0,56.0,25.07,0.104081,0.102981,0.122466,0.111482,0.112845,0.098009,0.123511,0.115997,0.108627,2.7724434952909633
2020-03,INTU,-0.1348506764006333,1.0,0.0,0.0,0.0,0.0,50.0,20.14,0.104081,0.102981,0.122466,0.111482,0.112845,0.098009,0.123511,0.115997,0.108627,2.711083722863265
2020-04,INTU,0.1730870065110272,4.0,0.0,0.0,0.0,0.0,18.0,20.79,0.104081,0.102981,0.122466,0.111482,0.112845,0.098009,0.123511,0.115997,0.108627,2.6052394121075353
2020-05,INTU,0.0783403425399571,2.0,0.0,0.0,0.0,0.0,24.0,22.21,0.104081,0.102981,0.122466,0.111482,0.112845,0.098009,0.123511,0.115997,0.108627,2.5150689418404313
2020-06,INTU,0.0202192770649447,5.0,0.0,0.0,0.0,0.0,100.0,21.93,0.104661,0.109937,0.116444,0.114268,0.109131,0.10243,0.124394,0.11041,0.108324,2.5825296584818838
2020-07,INTU,0.0343697110140421,4.0,0.0,0.0,0.0,0.0,45.0,21.71,0.104661,0.109937,0.116444,0.114268,0.109131,0.10243,0.124394,0.11041,0.108324,2.527228796450599
2020-08,INTU,0.1292907207886449,5.0,0.0,0.0,0.0,0.0,46.0,20.71,0.104661,0.109937,0.116444,0.114268,0.109131,0.10243,0.124394,0.11041,0.108324,2.5069130814118274
2020-09,INTU,-0.0555311970031301,4.0,2.0,1.0,0.0,2.0,32.0,22.07,0.110227,0.105501,0.123268,0.109818,0.114018,0.096891,0.117657,0.116017,0.106603,2.43745570080372
2020-10,INTU,-0.035345487495096,4.0,4.0,0.7603,0.0,3.0412,35.0,20.5,0.110227,0.105501,0.123268,0.109818,0.114018,0.096891,0.117657,0.116017,0.106603,2.406507213957515
2020-11,INTU,0.1206339675863545,2.0,3.0,0.792,0.0,2.3760000000000003,21.0,19.36,0.110227,0.105501,0.123268,0.109818,0.114018,0.096891,0.117657,0.116017,0.106603,2.3267390521664617
2020-12,INTU,0.0790586302401339,6.0,5.0,0.7082,0.0,3.5410000000000004,41.0,19.07,0.106193,0.10806,0.119007,0.115912,0.110612,0.101013,0.120435,0.110723,0.108044,2.315800099534293
2021-01,INTU,-0.0490194836939407,24.0,3.0,0.9127,0.0,2.7380999999999998,14.0,18.93,0.106193,0.10806,0.119007,0.115912,0.110612,0.101013,0.120435,0.110723,0.108044,2.235900198078162
2021-02,INTU,0.0817633203835626,0.0,18.0,0.8267,0.0,14.8806,13.0,20.0,0.106193,0.10806,0.119007,0.115912,0.110612,0.101013,0.120435,0.110723,0.108044,2.147022532437247
2021-03,INTU,-0.0181472720864722,7.0,23.0,0.923,0.0,21.229,14.0,19.79,0.103932,0.107926,0.116244,0.115494,0.111263,0.105179,0.121055,0.11145,0.107457,2.068596695280963
2021-04,INTU,0.0759672506987318,3.0,14.0,0.9346,0.0,13.0844,20.0,19.36,0.103932,0.107926,0.116244,0.115494,0.111263,0.105179,0.121055,0.11145,0.107457,1.9964469216568383
2021-05,INTU,0.0668688057875341,4.0,47.0,0.6375,0.0,29.9625,32.0,19.64,0.103932,0.107926,0.116244,0.115494,0.111263,0.105179,0.121055,0.11145,0.107457,1.9709334417828444
2021-06,INTU,0.1163316221487062,5.0,62.0,0.991,0.0,61.442,55.0,20.21,0.103908,0.107899,0.116266,0.115492,0.111285,0.105148,0.121059,0.111465,0.107476,1.9954432051074393
2021-07,INTU,0.0811961823561995,3.0,29.0,0.8453,0.0,24.5137,31.0,19.43,0.103908,0.107899,0.116266,0.115492,0.111285,0.105148,0.121059,0.111465,0.107476,1.9757247105977944
2021-08,INTU,0.0694394653458108,2.0,40.0,0.871,0.0,34.84,31.0,18.29,0.103908,0.107899,0.116266,0.115492,0.111285,0.105148,0.121059,0.111465,0.107476,1.9545427003186133
2021-09,INTU,-0.0469871538453574,4.0,53.0,0.6811,0.0,36.0983,23.0,19.5,0.108965,0.105444,0.121026,0.111232,0.113654,0.098844,0.117691,0.116239,0.106905,1.9159926855025895
2021-10,INTU,0.1602933913010158,3.0,23.0,0.8193,0.0,18.8439,24.0,19.64,0.108965,0.105444,0.121026,0.111232,0.113654,0.098844,0.117691,0.116239,0.106905,1.8710971062153594
2021-11,INTU,0.0433567776925229,2.0,70.0,0.7975,0.0,55.824999999999996,23.0,20.79,0.108965,0.105444,0.121026,0.111232,0.113654,0.098844,0.117691,0.116239,0.106905,1.8282929920698228
2021-12,INTU,-0.0139202720771239,9.0,45.0,0.902,0.0,40.59,34.0,19.29,0.108162,0.105491,0.117711,0.111682,0.112283,0.102685,0.121802,0.113352,0.106831,1.8353939647715942
2022-01,INTU,-0.136796119345642,9.0,46.0,0.9667,0.0,44.4682,21.0,24.86,0.108162,0.105491,0.117711,0.111682,0.112283,0.102685,0.121802,0.113352,0.106831,1.7925464545536043
2022-02,INTU,-0.144641389024049,5.0,83.0,0.8792,0.0,72.9736,23.0,26.0,0.108162,0.105491,0.117711,0.111682,0.112283,0.102685,0.121802,0.113352,0.106831,1.7795132535406282
2022-03,INTU,0.0136390430297321,3.0,33.0,0.6745,0.0,22.258499999999998,23.0,27.36,0.106979,0.105161,0.11552,0.110913,0.114197,0.103689,0.12272,0.113495,0.107326,1.7427917102815014
2022-04,INTU,-0.1291282199270423,6.0,43.0,0.6666,0.0,28.6638,21.0,26.71,0.106979,0.105161,0.11552,0.110913,0.114197,0.103689,0.12272,0.113495,0.107326,1.7120493750448649
2022-05,INTU,-0.0088831470794483,3.0,43.0,0.5817,0.0,25.0131,23.0,25.5,0.106979,0.105161,0.11552,0.110913,0.114197,0.103689,0.12272,0.113495,0.107326,1.6774959981441642
2022-06,INTU,-0.0700188482481218,9.0,19.0,0.8612,0.0,16.3628,18.0,25.64,0.106562,0.106787,0.115405,0.111819,0.112652,0.102434,0.122208,0.116429,0.105702,1.6296788078206814
2022-07,INTU,0.183504577622894,3.0,27.0,0.8088,0.0,21.8376,18.0,23.43,0.106562,0.106787,0.115405,0.111819,0.112652,0.102434,0.122208,0.116429,0.105702,1.5864524680551497
2022-08,INTU,-0.0518976560750498,4.0,73.0,0.8842,0.0,64.5466,22.0,22.79,0.106562,0.106787,0.115405,0.111819,0.112652,0.102434,0.122208,0.116429,0.105702,1.5786798764551773
2022-09,INTU,-0.1029691572175116,5.0,34.0,0.8638,0.0,29.3692,20.0,24.5,0.113127,0.10629,0.118585,0.112018,0.1122,0.095512,0.11636,0.115666,0.110241,1.5540218255614586
2022-10,INTU,0.1037386536037272,7.0,34.0,0.8774,0.0,29.831599999999998,15.0,24.57,0.113127,0.10629,0.118585,0.112018,0.1122,0.095512,0.11636,0.115666,0.110241,1.5139781858816392
2022-11,INTU,-0.0447716331174133,6.0,52.0,0.8928,0.0,46.4256,20.0,25.79,0.113127,0.10629,0.118585,0.112018,0.1122,0.095512,0.11636,0.115666,0.110241,1.500847819817273
2022-12,INTU,-0.0450699440993654,7.0,28.0,0.9783,0.0,27.3924,20.0,25.86,0.105546,0.102552,0.117999,0.111089,0.11523,0.102238,0.122371,0.116231,0.106744,1.4785932018626906
2023-01,INTU,0.0859412165284139,22.0,29.0,0.8568,0.0073,24.8472,15.0,27.43,0.105546,0.102552,0.117999,0.111089,0.11523,0.102238,0.122371,0.116231,0.106744,1.4839549874766365
2023-02,INTU,-0.0346999255603364,1.0,31.0,0.8691,0.0,26.9421,18.0,31.0,0.105546,0.102552,0.117999,0.111089,0.11523,0.102238,0.122371,0.116231,0.106744,1.4424353966437704
2023-03,INTU,0.0949210757660072,7.0,31.0,0.8675,0.0049,26.892500000000002,13.0,30.57,0.105546,0.102552,0.117999,0.111089,0.11523,0.102238,0.122371,0.116231,0.106744,1.4268296231319626
2023-04,INTU,-0.0042167820488985,8.0,31.0,0.8068,0.0147,25.0108,15.0,30.14,0.105546,0.102552,0.117999,0.111089,0.11523,0.102238,0.122371,0.116231,0.106744,1.451115504231257
2023-05,INTU,-0.0542499122398417,9.0,61.0,0.6551,0.0157,39.9611,15.0,31.29,0.105546,0.102552,0.117999,0.111089,0.11523,0.102238,0.122371,0.116231,0.106744,1.4733544027724463
2023-06,INTU,0.0932190982734844,12.0,31.0,0.8518,0.0112,26.4058,14.0,32.64,0.106084,0.103158,0.118469,0.110155,0.115065,0.101373,0.123713,0.115562,0.106419,1.4461294790193002
2023-07,INTU,0.1167855837228559,10.0,14.0,0.9877,0.0172,13.8278,14.0,30.57,0.106084,0.103158,0.118469,0.110155,0.115065,0.101373,0.123713,0.115562,0.106419,1.4504648205390132
2023-08,INTU,0.0606758151981774,13.0,47.0,0.8377,0.0079,39.3719,17.0,29.57,0.106084,0.103158,0.118469,0.110155,0.115065,0.101373,0.123713,0.115562,0.106419,1.4616651500544724
2023-09,INTU,-0.056975938600592,6.0,47.0,0.7742,0.036,36.3874,14.0,30.57,0.113413,0.107115,0.118387,0.111949,0.111558,0.094777,0.116464,0.11639,0.109947,1.5271758853568784
2023-10,INTU,-0.0312953265030391,7.0,33.0,0.8458,0.0085,27.9114,14.0,31.0,0.113413,0.107115,0.118387,0.111949,0.111558,0.094777,0.116464,0.11639,0.109947,1.5062986026100382
2023-11,INTU,0.1565928859762089,7.0,60.0,0.8982,0.0069,53.892,14.0,31.86,0.113413,0.107115,0.118387,0.111949,0.111558,0.094777,0.116464,0.11639,0.109947,1.4930712182958945
2023-12,INTU,0.093742629587209,6.0,32.0,0.962,0.0165,30.784,15.0,30.79,0.104039,0.103231,0.120319,0.113154,0.115947,0.097314,0.123878,0.112314,0.109805,1.4883389326935297
2024-01,INTU,0.0100793689438574,20.0,50.0,0.8607,0.0066,43.035000000000004,14.0,32.79,0.104039,0.103231,0.120319,0.113154,0.115947,0.097314,0.123878,0.112314,0.109805,1.464681786513358
2024-02,INTU,0.0515712436150703,9.0,53.0,0.8477,0.0075,44.9281,16.0,36.07,0.104039,0.103231,0.120319,0.113154,0.115947,0.097314,0.123878,0.112314,0.109805,1.4553620146476127
2024-03,INTU,-0.0194451011572063,9.0,27.0,0.8261,0.0048,22.304699999999997,14.0,35.86,0.103897,0.103129,0.121103,0.112969,0.11607,0.096845,0.124168,0.112467,0.109352,1.4108749329339183
2024-04,INTU,-0.0375076985167802,7.0,25.0,0.7263,0.0047,18.1575,13.0,35.29,0.103897,0.103129,0.121103,0.112969,0.11607,0.096845,0.124168,0.112467,0.109352,1.3792731596615473
2024-05,INTU,-0.0773230040246634,4.0,51.0,0.8433,0.0114,43.008300000000006,13.0,36.21,0.103897,0.103129,0.121103,0.112969,0.11607,0.096845,0.124168,0.112467,0.109352,1.352697408129965
2024-06,INTU,0.1401184664744474,8.0,29.0,0.9379,0.0134,27.199099999999998,12.0,34.0,0.104436,0.104492,0.121776,0.113004,0.115231,0.09702,0.123976,0.112643,0.107421,1.2998454803460875
2024-07,INTU,-0.0150029593931307,7.0,40.0,0.7648,0.0154,30.592000000000002,12.0,32.57,0.104436,0.104492,0.121776,0.113004,0.115231,0.09702,0.123976,0.112643,0.107421,1.2939614460625881
2024-08,INTU,-0.0250506995184621,5.0,51.0,0.8023,0.0123,40.9173,16.0,33.07,0.104436,0.104492,0.121776,0.113004,0.115231,0.09702,0.123976,0.112643,0.107421,1.287564455800496
2024-09,INTU,-0.014692304801346,5.0,33.0,0.8973,0.0149,29.6109,13.0,35.36,0.111894,0.109263,0.115499,0.112864,0.112308,0.098361,0.114563,0.117838,0.107411,1.2482971356659551
2024-10,INTU,-0.0172303368576517,5.0,19.0,0.9973,0.017,18.9487,12.0,36.21,0.111894,0.109263,0.115499,0.112864,0.112308,0.098361,0.114563,0.117838,0.107411,1.2193615847306316
2024-11,INTU,0.0532614348432516,5.0,5.0,0.3804,0.0,1.9020000000000001,15.0,38.36,0.111894,0.109263,0.115499,0.112864,0.112308,0.098361,0.114563,0.117838,0.107411,1.1721530001634153
2024-12,INTU,-0.0206161097542613,6.0,7.0,0.8074,0.0106,5.6518,13.0,37.14,0.104223,0.104654,0.120944,0.111932,0.112979,0.099829,0.124512,0.114156,0.106772,1.156276936982223
2025-01,INTU,-0.0429436221042988,29.0,22.0,0.9378,0.0,20.6316,11.0,38.79,0.104223,0.104654,0.120944,0.111932,0.112979,0.099829,0.124512,0.114156,0.106772,1.1156087518353004
2025-02,INTU,0.0221967161489506,10.0,46.0,0.89,0.0098,40.94,13.0,41.43,0.104223,0.104654,0.120944,0.111932,0.112979,0.099829,0.124512,0.114156,0.106772,1.0907144815690502
2025-03,INTU,0.000244211278906,6.0,33.0,0.8615,0.0128,28.4295,12.0,39.86,0.104191,0.104656,0.120938,0.111962,0.113031,0.099804,0.124502,0.114186,0.106732,1.049897889268923
2025-04,INTU,0.0219548757145602,22.0,32.0,0.9428,0.0137,30.1696,12.0,40.07,0.104191,0.104656,0.120938,0.111962,0.113031,0.099804,0.124502,0.114186,0.106732,1.056024576504911
2025-05,INTU,0.2029036176356606,7.0,84.0,0.8426,0.0126,70.7784,13.0,40.21,0.104191,0.104656,0.120938,0.111962,0.113031,0.099804,0.124502,0.114186,0.106732,1.0620658212222993
2025-06,INTU,0.0453368891165333,4.0,86.0,0.9456,0.014,81.3216,12.0,45.64,0.104292,0.105227,0.121,0.111821,0.112634,0.099752,0.124634,0.114328,0.106311,1.0639802840971082
2025-07,INTU,-0.003174047387358,10.0,83.0,0.9282,0.0261,77.0406,12.0,48.5,0.104292,0.105227,0.121,0.111821,0.112634,0.099752,0.124634,0.114328,0.106311,1.0987721878699483
2025-08,INTU,-0.1493095435199459,14.0,261.0,0.8084,0.013,210.9924,17.0,87.57,0.104292,0.105227,0.121,0.111821,0.112634,0.099752,0.124634,0.114328,0.106311,1.115413134580971
2025-09,INTU,0.0238530318266134,9.0,84.0,0.9061,0.0196,76.11240000000001,15.0,86.07,0.114802,0.116639,0.113811,0.114917,0.105361,0.094798,0.113781,0.116747,0.109143,1.1322779743128024
2025-10,INTU,-0.0224919939784999,14.0,70.0,0.9881,0.0193,69.167,13.0,86.86,0.114802,0.116639,0.113811,0.114917,0.105361,0.094798,0.113781,0.116747,0.109143,1.1178073320400608
2025-11,INTU,-0.0484026162730489,12.0,164.0,0.837,0.0208,137.268,14.0,91.29,0.114802,0.116639,0.113811,0.114917,0.105361,0.094798,0.113781,0.116747,0.109143,1.1268272512024606
2025-12,INTU,0.0446946672288794,18.0,66.0,0.9589,0.023,63.2874,13.0,86.86,0.104454,0.102283,0.117737,0.114662,0.114914,0.102717,0.122744,0.113768,0.106723,1.1149778349607327
2014-01,KLAC,-0.0463853363523782,6.0,0.0,0.0,0.0,0.0,17.0,18.14,0.121882,0.105507,0.108852,0.120209,0.109183,0.096965,0.11622,0.113672,0.107509,0.03514013373168303
2014-02,KLAC,0.059866749668376,3.0,0.0,0.0,0.0,0.0,16.0,18.14,0.121882,0.105507,0.108852,0.120209,0.109183,0.096965,0.11622,0.113672,0.107509,0.06859910500477054
2014-03,KLAC,0.0687824729253563,7.0,0.0,0.0,0.0,0.0,15.0,17.14,0.12184,0.105584,0.108804,0.120435,0.109052,0.096911,0.116518,0.113723,0.107132,0.10614678254932271
2014-04,KLAC,-0.074486206556515,18.0,0.0,0.0,0.0,0.0,19.0,17.21,0.12184,0.105584,0.108804,0.120435,0.109052,0.096911,0.116518,0.113723,0.107132,0.1648993144786649
2014-05,KLAC,0.0239096684481283,11.0,0.0,0.0,0.0,0.0,14.0,16.86,0.12184,0.105584,0.108804,0.120435,0.109052,0.096911,0.116518,0.113723,0.107132,0.19402729819499354
2014-06,KLAC,0.1166467250938747,0.0,0.0,0.0,0.0,0.0,13.0,18.0,0.128347,0.103993,0.107625,0.120483,0.108633,0.086805,0.115125,0.111902,0.117087,0.20894383433818875
2014-07,KLAC,-0.0158316844469073,2.0,0.0,0.0,0.0,0.0,17.0,19.29,0.128347,0.103993,0.107625,0.120483,0.108633,0.086805,0.115125,0.111902,0.117087,0.23417897924572198
2014-08,KLAC,0.0689609237268984,9.0,0.0,0.0,0.0,0.0,15.0,17.86,0.128347,0.103993,0.107625,0.120483,0.108633,0.086805,0.115125,0.111902,0.117087,0.26564353403520874
2014-09,KLAC,0.0379977904993964,1.0,0.0,0.0,0.0,0.0,16.0,17.64,0.123197,0.106512,0.108454,0.119708,0.109863,0.096034,0.115433,0.112887,0.107913,0.2859192932910039
2014-10,KLAC,0.0046972669914859,2.0,0.0,0.0,0.0,0.0,24.0,18.14,0.123197,0.106512,0.108454,0.119708,0.109863,0.096034,0.115433,0.112887,0.107913,0.3208654661810716
2014-11,KLAC,-0.1226784874878098,3.0,0.0,0.0,0.0,0.0,19.0,18.36,0.123197,0.106512,0.108454,0.119708,0.109863,0.096034,0.115433,0.112887,0.107913,0.35015825865653744
2014-12,KLAC,0.2675051667881671,5.0,0.0,0.0,0.0,0.0,14.0,17.79,0.122906,0.107076,0.108183,0.118832,0.109807,0.095304,0.116108,0.113388,0.108396,0.3704166511513567
2015-01,KLAC,-0.1258531915801874,7.0,0.0,0.0,0.0,0.0,15.0,17.21,0.122906,0.107076,0.108183,0.118832,0.109807,0.095304,0.116108,0.113388,0.108396,0.385342755317581
2015-02,KLAC,0.056775616957599,3.0,0.0,0.0,0.0,0.0,14.0,17.07,0.122906,0.107076,0.108183,0.118832,0.109807,0.095304,0.116108,0.113388,0.108396,0.40216686454397843
2015-03,KLAC,-0.0956085153848658,19.0,0.0,0.0,0.0,0.0,16.0,17.0,0.122328,0.1068,0.108779,0.117543,0.110483,0.096422,0.11574,0.113662,0.108242,0.45495584891253954
2015-04,KLAC,0.008749393340528,1.0,0.0,0.0,0.0,0.0,19.0,17.0,0.122328,0.1068,0.108779,0.117543,0.110483,0.096422,0.11574,0.113662,0.108242,0.4737275574123013
2015-05,KLAC,0.0146255597547308,12.0,0.0,0.0,0.0,0.0,14.0,17.07,0.122328,0.1068,0.108779,0.117543,0.110483,0.096422,0.11574,0.113662,0.108242,0.4933068305831772
2015-06,KLAC,-0.0497582773997414,2.0,0.0,0.0,0.0,0.0,12.0,16.36,0.128882,0.104566,0.10688,0.12039,0.108552,0.086623,0.115272,0.111834,0.117001,0.49427977637683523
2015-07,KLAC,-0.0562177992728999,5.0,0.0,0.0,0.0,0.0,14.0,16.71,0.128882,0.104566,0.10688,0.12039,0.108552,0.086623,0.115272,0.111834,0.117001,0.5040985487672416
2015-08,KLAC,-0.0554192210782146,1.0,0.0,0.0,0.0,0.0,15.0,15.43,0.128882,0.104566,0.10688,0.12039,0.108552,0.086623,0.115272,0.111834,0.117001,0.5105675760034241
2015-09,KLAC,0.0076390716992509,1.0,0.0,0.0,0.0,0.0,17.0,15.64,0.121764,0.107018,0.108844,0.118412,0.110216,0.096414,0.115995,0.113427,0.10791,0.5211322534634364
2015-10,KLAC,0.3424001877403941,7.0,1.0,1.0,0.0,1.0,19.0,16.36,0.121764,0.107018,0.108844,0.118412,0.110216,0.096414,0.115995,0.113427,0.10791,0.5621203252364292
2015-11,KLAC,-0.0096840311512774,3.0,0.0,0.0,0.0,0.0,13.0,16.36,0.121764,0.107018,0.108844,0.118412,0.110216,0.096414,0.115995,0.113427,0.10791,0.5626055676615767
2015-12,KLAC,0.0515007416983908,3.0,0.0,0.0,0.0,0.0,12.0,16.36,0.122737,0.106632,0.110121,0.117272,0.109449,0.095894,0.115581,0.114423,0.107891,0.5631718006303218
2016-01,KLAC,-0.0340303719143503,4.0,0.0,0.0,0.0,0.0,14.0,15.93,0.122737,0.106632,0.110121,0.117272,0.109449,0.095894,0.115581,0.114423,0.107891,0.564564120471157
2016-02,KLAC,0.0111955179246512,1.0,2.0,0.99,0.0,1.98,14.0,16.14,0.122737,0.106632,0.110121,0.117272,0.109449,0.095894,0.115581,0.114423,0.107891,0.5906287287109396
2016-03,KLAC,0.0836320991768353,14.0,0.0,0.0,0.0,0.0,14.0,16.21,0.122737,0.106632,0.110121,0.117272,0.109449,0.095894,0.115581,0.114423,0.107891,0.6195281948135216
2016-04,KLAC,-0.0394180247843067,7.0,0.0,0.0,0.0,0.0,15.0,16.21,0.122737,0.106632,0.110121,0.117272,0.109449,0.095894,0.115581,0.114423,0.107891,0.6407139110478014
2016-05,KLAC,0.0427509667691758,8.0,0.0,0.0,0.0,0.0,14.0,17.0,0.122737,0.106632,0.110121,0.117272,0.109449,0.095894,0.115581,0.114423,0.107891,0.6472862578519245
2016-06,KLAC,0.0119374950594461,1.0,0.0,0.0,0.0,0.0,13.0,16.14,0.129309,0.103992,0.10747,0.120572,0.108546,0.086228,0.114808,0.111938,0.117137,0.7312914900493138
2016-07,KLAC,0.0335837757371602,0.0,0.0,0.0,0.0,0.0,14.0,15.21,0.129309,0.103992,0.10747,0.120572,0.108546,0.086228,0.114808,0.111938,0.117137,0.7719086151953358
2016-08,KLAC,-0.0851934219246871,1.0,0.0,0.0,0.0,0.0,14.0,14.79,0.129309,0.103992,0.10747,0.120572,0.108546,0.086228,0.114808,0.111938,0.117137,0.7602811421920039
2016-09,KLAC,0.0140877403158701,3.0,0.0,0.0,0.0,0.0,17.0,16.07,0.122176,0.107221,0.108944,0.117837,0.110015,0.096144,0.115918,0.11356,0.108186,0.76640694506614
2016-10,KLAC,0.0774640609944414,3.0,1.0,0.993,0.0,0.993,21.0,17.0,0.122176,0.107221,0.108944,0.117837,0.110015,0.096144,0.115918,0.11356,0.108186,0.7995047229699369
2016-11,KLAC,0.062974167764539,1.0,0.0,0.0,0.0,0.0,13.0,17.93,0.122176,0.107221,0.108944,0.117837,0.110015,0.096144,0.115918,0.11356,0.108186,0.7814972419471866
2016-12,KLAC,-0.0074288988374638,3.0,1.0,0.984,0.0,0.984,13.0,17.21,0.122176,0.107221,0.108944,0.117837,0.110015,0.096144,0.115918,0.11356,0.108186,0.7943921204003688
2017-01,KLAC,0.0817231125225512,4.0,0.0,0.0,0.0,0.0,16.0,17.64,0.122176,0.107221,0.108944,0.117837,0.110015,0.096144,0.115918,0.11356,0.108186,0.7992231801027946
2017-02,KLAC,0.0588650513575446,0.0,0.0,0.0,0.0,0.0,14.0,18.14,0.122176,0.107221,0.108944,0.117837,0.110015,0.096144,0.115918,0.11356,0.108186,0.7941598552742807
2017-03,KLAC,0.061543067388152,13.0,0.0,0.0,0.0,0.0,13.0,19.21,0.122176,0.107221,0.108944,0.117837,0.110015,0.096144,0.115918,0.11356,0.108186,0.8461452472199513
2017-04,KLAC,0.0331335203312852,1.0,0.0,0.0,0.0,0.0,16.0,19.07,0.122176,0.107221,0.108944,0.117837,0.110015,0.096144,0.115918,0.11356,0.108186,0.8271117233555729
2017-05,KLAC,0.0588478159764114,9.0,0.0,0.0,0.0,0.0,14.0,19.36,0.122176,0.107221,0.108944,0.117837,0.110015,0.096144,0.115918,0.11356,0.108186,0.819076128739391
2017-06,KLAC,-0.1153551416350948,0.0,0.0,0.0,0.0,0.0,15.0,20.14,0.129979,0.104124,0.107452,0.121055,0.108096,0.085854,0.114425,0.112038,0.116977,0.798104918047875
2017-07,KLAC,0.0122387909005849,1.0,0.0,0.0,0.0,0.0,16.0,20.0,0.129979,0.104124,0.107452,0.121055,0.108096,0.085854,0.114425,0.112038,0.116977,0.7823181085692442
2017-08,KLAC,0.0114433194864287,1.0,0.0,0.0,0.0,0.0,16.0,19.0,0.129979,0.104124,0.107452,0.121055,0.108096,0.085854,0.114425,0.112038,0.116977,0.7680094852416423
2017-09,KLAC,0.1390153428526577,1.0,0.0,0.0,0.0,0.0,14.0,19.79,0.122176,0.107221,0.108944,0.117837,0.110015,0.096144,0.115918,0.11356,0.108186,0.7522646619647544
2017-10,KLAC,0.0272644128065735,6.0,0.0,0.0,0.0,0.0,18.0,20.64,0.122176,0.107221,0.108944,0.117837,0.110015,0.096144,0.115918,0.11356,0.108186,0.7791735672079352
2017-11,KLAC,-0.0610711375094469,2.0,1.0,0.996,0.0,0.996,14.0,22.0,0.122176,0.107221,0.108944,0.117837,0.110015,0.096144,0.115918,0.11356,0.108186,0.8081250963678993
2017-12,KLAC,0.0336634459548255,1.0,0.0,0.0,0.0,0.0,13.0,20.64,0.121737,0.106726,0.109287,0.117509,0.110546,0.095961,0.116171,0.113802,0.108263,0.7836720216325817
2018-01,KLAC,0.0450174484800065,6.0,1.0,0.994,0.0,0.994,17.0,21.21,0.121737,0.106726,0.109287,0.117509,0.110546,0.095961,0.116171,0.113802,0.108263,0.7883963090494083
2018-02,KLAC,0.0319670248304524,3.0,0.0,0.0,0.0,0.0,14.0,21.64,0.121737,0.106726,0.109287,0.117509,0.110546,0.095961,0.116171,0.113802,0.108263,0.7887307770920501
2018-03,KLAC,-0.0324709491325193,8.0,1.0,0.997,0.0,0.997,15.0,21.07,0.121737,0.106726,0.109287,0.117509,0.110546,0.095961,0.116171,0.113802,0.108263,0.8167758395624192
2018-04,KLAC,-0.0666910626000016,11.0,0.0,0.0,0.0,0.0,15.0,21.0,0.121737,0.106726,0.109287,0.117509,0.110546,0.095961,0.116171,0.113802,0.108263,0.8078568111050686
2018-05,KLAC,0.1129349520260414,2.0,3.0,0.445,0.0,1.335,15.0,20.5,0.121737,0.106726,0.109287,0.117509,0.110546,0.095961,0.116171,0.113802,0.108263,0.8177596475735806
2018-06,KLAC,-0.0883421858713539,5.0,0.0,0.0,0.0,0.0,12.0,19.71,0.130003,0.103261,0.107464,0.121625,0.108341,0.085473,0.114314,0.113104,0.116414,0.8144225042305787
2018-07,KLAC,0.14522588531125,5.0,0.0,0.0,0.0,0.0,17.0,19.5,0.130003,0.103261,0.107464,0.121625,0.108341,0.085473,0.114314,0.113104,0.116414,0.9914984698677083
2018-08,KLAC,-0.0103050391593523,4.0,1.0,0.998,0.014,0.998,16.0,19.29,0.130003,0.103261,0.107464,0.121625,0.108341,0.085473,0.114314,0.113104,0.116414,1.132519199155011
2018-09,KLAC,-0.1190859195284552,3.0,2.0,0.283,0.0,0.566,17.0,20.29,0.121834,0.107146,0.109569,0.117339,0.11052,0.095481,0.116186,0.113525,0.1084,1.260255111749545
2018-10,KLAC,-0.0999898801152099,5.0,2.0,0.9545,0.0,1.909,19.0,21.07,0.121834,0.107146,0.109569,0.117339,0.11052,0.095481,0.116186,0.113525,0.1084,1.2724440109748767
2018-11,KLAC,0.0766875987050472,1.0,1.0,0.995,0.0,0.995,14.0,21.29,0.121834,0.107146,0.109569,0.117339,0.11052,0.095481,0.116186,0.113525,0.1084,1.240134275533051
2018-12,KLAC,-0.0845884597561098,5.0,1.0,0.995,0.0,0.995,12.0,20.07,0.121834,0.107146,0.109569,0.117339,0.11052,0.095481,0.116186,0.113525,0.1084,1.2358119729978816
2019-01,KLAC,0.1908594842363471,7.0,0.0,0.0,0.0,0.0,18.0,20.43,0.121834,0.107146,0.109569,0.117339,0.11052,0.095481,0.116186,0.113525,0.1084,1.2045550687874087
2019-02,KLAC,0.0837008987047309,2.0,1.0,0.994,0.0,0.994,15.0,21.64,0.121834,0.107146,0.109569,0.117339,0.11052,0.095481,0.116186,0.113525,0.1084,1.1854746351134418
2019-03,KLAC,0.0411807702244426,6.0,0.0,0.0,0.0,0.0,15.0,21.64,0.121834,0.107146,0.109569,0.117339,0.11052,0.095481,0.116186,0.113525,0.1084,1.1573623246932958
2019-04,KLAC,0.0675820587131317,0.0,1.0,0.997,0.0,0.997,14.0,21.14,0.121834,0.107146,0.109569,0.117339,0.11052,0.095481,0.116186,0.113525,0.1084,1.138103701259697
2019-05,KLAC,-0.1914809137301915,3.0,0.0,0.0,0.0,0.0,16.0,20.86,0.121834,0.107146,0.109569,0.117339,0.11052,0.095481,0.116186,0.113525,0.1084,1.1257848569815296
2019-06,KLAC,0.1547513957058532,3.0,1.0,-0.128,0.0,-0.128,13.0,20.64,0.130116,0.100966,0.10803,0.122982,0.108283,0.087251,0.113191,0.113123,0.116058,1.166644017236012
2019-07,KLAC,0.1532996409811773,0.0,0.0,0.0,0.0,0.0,20.0,20.71,0.130116,0.100966,0.10803,0.122982,0.108283,0.087251,0.113191,0.113123,0.116058,1.1422612103238095
2019-08,KLAC,0.0849471700845241,1.0,0.0,0.0,0.0,0.0,16.0,20.36,0.130116,0.100966,0.10803,0.122982,0.108283,0.087251,0.113191,0.113123,0.116058,1.109772700968828
2019-09,KLAC,0.0841061625096268,2.0,2.0,0.2855,0.0,0.571,17.0,21.43,0.121869,0.107416,0.109857,0.117594,0.110267,0.095719,0.115572,0.113621,0.108086,1.125604869218094
2019-10,KLAC,0.0601441362110366,5.0,0.0,0.0,0.0,0.0,20.0,21.79,0.121869,0.107416,0.109857,0.117594,0.110267,0.095719,0.115572,0.113621,0.108086,1.113839628042328
2019-11,KLAC,-0.0306433875011099,6.0,0.0,0.0,0.0,0.0,20.0,22.43,0.121869,0.107416,0.109857,0.117594,0.110267,0.095719,0.115572,0.113621,0.108086,1.105253480188178
2019-12,KLAC,0.0925891829712466,6.0,0.0,0.0,0.0,0.0,15.0,20.93,0.121869,0.107416,0.109857,0.117594,0.110267,0.095719,0.115572,0.113621,0.108086,1.0817048304246333
2020-01,KLAC,-0.0697647270627912,14.0,0.0,0.0,0.0,0.0,19.0,25.93,0.121869,0.107416,0.109857,0.117594,0.110267,0.095719,0.115572,0.113621,0.108086,1.0705388578869732
2020-02,KLAC,-0.0725834112576957,5.0,0.0,0.0,0.0,0.0,23.0,25.07,0.121869,0.107416,0.109857,0.117594,0.110267,0.095719,0.115572,0.113621,0.108086,1.0712918824826123
2020-03,KLAC,-0.0602450813547024,6.0,1.0,0.908,0.0,0.908,20.0,20.14,0.122405,0.108233,0.108556,0.119166,0.109069,0.097914,0.115109,0.11287,0.106678,1.0980938049427793
2020-04,KLAC,0.1415754805044617,0.0,0.0,0.0,0.0,0.0,16.0,20.79,0.122405,0.108233,0.108556,0.119166,0.109069,0.097914,0.115109,0.11287,0.106678,1.0715348405040357
2020-05,KLAC,0.0723385959251887,3.0,0.0,0.0,0.0,0.0,18.0,22.21,0.122405,0.108233,0.108556,0.119166,0.109069,0.097914,0.115109,0.11287,0.106678,1.0533645214865979
2020-06,KLAC,0.1105919689976568,3.0,2.0,0.4495,0.0,0.899,18.0,21.93,0.130764,0.100091,0.110743,0.123284,0.108642,0.088335,0.109055,0.112128,0.116957,1.0354161948406553
2020-07,KLAC,0.0275089861673918,2.0,0.0,0.0,0.0,0.0,100.0,21.71,0.130764,0.100091,0.110743,0.123284,0.108642,0.088335,0.109055,0.112128,0.116957,1.1806360825780513
2020-08,KLAC,0.0265727003184621,9.0,0.0,0.0,0.0,0.0,23.0,20.71,0.130764,0.100091,0.110743,0.123284,0.108642,0.088335,0.109055,0.112128,0.116957,1.1894982960760205
2020-09,KLAC,-0.0515060854647563,8.0,0.0,0.0,0.0,0.0,18.0,22.07,0.122598,0.11011,0.108463,0.119855,0.107902,0.097585,0.114072,0.112637,0.106779,1.164608057335089
2020-10,KLAC,0.01775561179765,4.0,2.0,-0.05,0.0,-0.1,18.0,20.5,0.122598,0.11011,0.108463,0.119855,0.107902,0.097585,0.114072,0.112637,0.106779,1.1406092795333185
2020-11,KLAC,0.2778680656512011,6.0,2.0,0.998,0.0,1.996,17.0,19.36,0.122598,0.11011,0.108463,0.119855,0.107902,0.097585,0.114072,0.112637,0.106779,1.1279214468885714
2020-12,KLAC,0.0315231092227785,15.0,4.0,0.067,0.0118,0.268,15.0,19.07,0.122598,0.11011,0.108463,0.119855,0.107902,0.097585,0.114072,0.112637,0.106779,1.197561979849889
2021-01,KLAC,0.0817270328251476,14.0,5.0,0.5384,0.0,2.692,17.0,18.93,0.122598,0.11011,0.108463,0.119855,0.107902,0.097585,0.114072,0.112637,0.106779,1.183467069113073
2021-02,KLAC,0.1112578970191624,6.0,12.0,0.515,0.0,6.18,23.0,20.0,0.122598,0.11011,0.108463,0.119855,0.107902,0.097585,0.114072,0.112637,0.106779,1.1815759961189138
2021-03,KLAC,0.0644949241190169,5.0,14.0,0.9234,0.0,12.9276,18.0,19.79,0.122598,0.11011,0.108463,0.119855,0.107902,0.097585,0.114072,0.112637,0.106779,1.157214579411092
2021-04,KLAC,-0.0455507483646633,5.0,20.0,0.8477,0.0,16.954,21.0,19.36,0.122598,0.11011,0.108463,0.119855,0.107902,0.097585,0.114072,0.112637,0.106779,1.1444941619548972
2021-05,KLAC,0.004883373420448,7.0,16.0,0.7655,0.0,12.248,18.0,19.64,0.122598,0.11011,0.108463,0.119855,0.107902,0.097585,0.114072,0.112637,0.106779,1.1268805381981823
2021-06,KLAC,0.026211599384768,6.0,12.0,0.9977,0.0093,11.9724,17.0,20.21,0.130321,0.100171,0.111924,0.124085,0.10869,0.088796,0.108665,0.110002,0.117346,1.163096607236016
2021-07,KLAC,0.0738717038276262,7.0,12.0,0.6674,0.0,8.0088,19.0,19.43,0.130321,0.100171,0.111924,0.124085,0.10869,0.088796,0.108665,0.110002,0.117346,1.1548934715760064
2021-08,KLAC,-0.0235522425282366,4.0,6.0,0.8182,0.0,4.9092,18.0,18.29,0.130321,0.100171,0.111924,0.124085,0.10869,0.088796,0.108665,0.110002,0.117346,1.1336947980790015
2021-09,KLAC,-0.0128760914463653,2.0,4.0,0.9935,0.0195,3.974,18.0,19.5,0.121837,0.109436,0.10816,0.119911,0.108489,0.098259,0.113928,0.113989,0.105992,1.1870043223127358
2021-10,KLAC,0.1143465034382738,5.0,16.0,0.8151,0.0048,13.0416,18.0,19.64,0.121837,0.109436,0.10816,0.119911,0.108489,0.098259,0.113928,0.113989,0.105992,1.1909954433767984
2021-11,KLAC,0.0948866068800431,4.0,10.0,0.9512,0.0,9.512,20.0,20.79,0.121837,0.109436,0.10816,0.119911,0.108489,0.098259,0.113928,0.113989,0.105992,1.1673704527748732
2021-12,KLAC,0.0565429893678537,11.0,18.0,0.9027,0.0,16.2486,18.0,19.29,0.121837,0.109436,0.10816,0.119911,0.108489,0.098259,0.113928,0.113989,0.105992,1.1584908077592537
2022-01,KLAC,-0.0949525208488892,12.0,25.0,0.8663,0.0,21.6575,25.0,24.86,0.121837,0.109436,0.10816,0.119911,0.108489,0.098259,0.113928,0.113989,0.105992,1.1575996372873687
2022-02,KLAC,-0.1047346457291338,2.0,16.0,0.8609,0.0063,13.7744,20.0,26.0,0.121837,0.109436,0.10816,0.119911,0.108489,0.098259,0.113928,0.113989,0.105992,1.190326644243681
2022-03,KLAC,0.0532252279316338,7.0,4.0,0.9042,0.0,3.6168,19.0,27.36,0.121523,0.109264,0.108601,0.120377,0.108367,0.098568,0.113338,0.113799,0.106163,1.1814513321729563
2022-04,KLAC,-0.1278476309326133,3.0,7.0,0.9584,0.0,6.7088,17.0,26.71,0.121523,0.109264,0.108601,0.120377,0.108367,0.098568,0.113338,0.113799,0.106163,1.1560792689368475
2022-05,KLAC,0.1427986856998655,7.0,4.0,0.964,0.0,3.856,16.0,25.5,0.121523,0.109264,0.108601,0.120377,0.108367,0.098568,0.113338,0.113799,0.106163,1.13242403931631
2022-06,KLAC,-0.1225295436932772,7.0,15.0,0.883,0.0137,13.245000000000001,17.0,25.64,0.13108,0.100799,0.111542,0.123534,0.108339,0.086493,0.110106,0.110593,0.117514,1.1720780364501127
2022-07,KLAC,0.2020185358023107,2.0,25.0,0.6429,0.0082,16.0725,19.0,23.43,0.13108,0.100799,0.111542,0.123534,0.108339,0.086493,0.110106,0.110593,0.117514,1.1975274289903224
2022-08,KLAC,-0.1027534913433456,2.0,11.0,0.8005,0.0128,8.8055,20.0,22.79,0.13108,0.100799,0.111542,0.123534,0.108339,0.086493,0.110106,0.110593,0.117514,1.242700580757547
2022-09,KLAC,-0.1175161562350424,3.0,9.0,0.5601,0.0053,5.040900000000001,16.0,24.5,0.122158,0.10859,0.10865,0.12068,0.108234,0.097415,0.114064,0.114293,0.105916,1.2387220833532295
2022-10,KLAC,0.0456663780858315,4.0,20.0,0.4531,0.0201,9.062,19.0,24.57,0.122158,0.10859,0.10865,0.12068,0.108234,0.097415,0.114064,0.114293,0.105916,1.3084573373146382
2022-11,KLAC,0.2423764383440805,4.0,5.0,0.9736,0.0,4.868,18.0,25.79,0.122158,0.10859,0.10865,0.12068,0.108234,0.097415,0.114064,0.114293,0.105916,1.2764981327975746
2022-12,KLAC,-0.0377119592927638,9.0,7.0,0.969,0.018,6.7829999999999995,16.0,25.86,0.122158,0.10859,0.10865,0.12068,0.108234,0.097415,0.114064,0.114293,0.105916,1.3399513225917283
2023-01,KLAC,0.0409780895076299,12.0,10.0,0.57,0.0,5.699999999999999,22.0,27.43,0.122158,0.10859,0.10865,0.12068,0.108234,0.097415,0.114064,0.114293,0.105916,1.3104340071142568
2023-02,KLAC,-0.0333774278582248,3.0,6.0,0.5965,0.0056,3.579,17.0,31.0,0.122158,0.10859,0.10865,0.12068,0.108234,0.097415,0.114064,0.114293,0.105916,1.2935536334290842
2023-03,KLAC,0.0555628966525343,5.0,4.0,0.996,0.0131,3.984,16.0,30.57,0.121697,0.108662,0.108169,0.119274,0.108954,0.097174,0.115012,0.114382,0.106675,1.3045792966128238
2023-04,KLAC,-0.0316407068684606,5.0,5.0,0.9346,0.0,4.673,16.0,30.14,0.121697,0.108662,0.108169,0.119274,0.108954,0.097174,0.115012,0.114382,0.106675,1.2685353209047185
2023-05,KLAC,0.1460391895650088,9.0,10.0,0.7833,0.0137,7.833,18.0,31.29,0.121697,0.108662,0.108169,0.119274,0.108954,0.097174,0.115012,0.114382,0.106675,1.283314663036443
2023-06,KLAC,0.0985727296635468,3.0,3.0,0.7277,0.0082,2.1831,20.0,32.64,0.130733,0.100934,0.111401,0.123336,0.107896,0.085603,0.109664,0.11118,0.119253,1.2520045397228055
2023-07,KLAC,0.0596470371205444,4.0,11.0,0.9959,0.0,10.9549,24.0,30.57,0.130733,0.100934,0.111401,0.123336,0.107896,0.085603,0.109664,0.11118,0.119253,1.2416375547301324
2023-08,KLAC,-0.0235042165749798,7.0,13.0,0.9682,0.0,12.586599999999999,21.0,29.57,0.130733,0.100934,0.111401,0.123336,0.107896,0.085603,0.109664,0.11118,0.119253,1.2272727695658725
2023-09,KLAC,-0.0836107590708296,7.0,17.0,0.8703,0.0099,14.7951,17.0,30.57,0.121483,0.109741,0.108679,0.119967,0.108051,0.098443,0.114158,0.113682,0.105796,1.221454308289852
2023-10,KLAC,0.0240700492508303,6.0,16.0,0.9093,0.0,14.5488,17.0,31.0,0.121483,0.109741,0.108679,0.119967,0.108051,0.098443,0.114158,0.113682,0.105796,1.1877512041953056
2023-11,KLAC,0.1595059739334234,9.0,10.0,0.9568,0.0,9.568,17.0,31.86,0.121483,0.109741,0.108679,0.119967,0.108051,0.098443,0.114158,0.113682,0.105796,1.1653798694744795
2023-12,KLAC,0.0702874704346645,9.0,6.0,0.8797,0.0333,5.2782,18.0,30.79,0.121483,0.109741,0.108679,0.119967,0.108051,0.098443,0.114158,0.113682,0.105796,1.2340563652146315
2024-01,KLAC,0.0219163794376087,8.0,7.0,0.9736,0.0087,6.8152,26.0,32.79,0.121483,0.109741,0.108679,0.119967,0.108051,0.098443,0.114158,0.113682,0.105796,1.2401379420788148
2024-02,KLAC,0.1485759220870335,2.0,4.0,0.915,0.0217,3.66,23.0,36.07,0.121483,0.109741,0.108679,0.119967,0.108051,0.098443,0.114158,0.113682,0.105796,1.271377108148094
2024-03,KLAC,0.026121452614811,4.0,3.0,0.974,0.0,2.9219999999999997,24.0,35.86,0.121483,0.109741,0.108679,0.119967,0.108051,0.098443,0.114158,0.113682,0.105796,1.232044003636331
2024-04,KLAC,-0.0132842585657239,3.0,10.0,0.8095,0.0057,8.095,22.0,35.29,0.121483,0.109741,0.108679,0.119967,0.108051,0.098443,0.114158,0.113682,0.105796,1.224936976100504
2024-05,KLAC,0.101902076436819,6.0,8.0,0.6686,0.0046,5.3488,24.0,36.21,0.121483,0.109741,0.108679,0.119967,0.108051,0.098443,0.114158,0.113682,0.105796,1.2038440301643374
2024-06,KLAC,0.0877613290763512,9.0,10.0,0.8744,0.0183,8.744,26.0,34.0,0.129218,0.10106,0.111024,0.123888,0.109165,0.087098,0.109808,0.109178,0.119563,1.2032841351714416
2024-07,KLAC,-0.0017464570878107,4.0,18.0,0.9116,0.0,16.4088,31.0,32.57,0.129218,0.10106,0.111024,0.123888,0.109165,0.087098,0.109808,0.109178,0.119563,1.1968678671646116
2024-08,KLAC,-0.0044224186170102,4.0,15.0,0.8707,0.0387,13.060500000000001,27.0,33.07,0.129218,0.10106,0.111024,0.123888,0.109165,0.087098,0.109808,0.109178,0.119563,1.2867116179354279
2024-09,KLAC,-0.0532114355321233,4.0,14.0,0.7868,0.0617,11.0152,24.0,35.36,0.119463,0.108003,0.109066,0.118536,0.110006,0.097956,0.116193,0.114516,0.106262,1.4189335766508282
2024-10,KLAC,-0.1396935682926691,2.0,15.0,0.8598,0.0636,12.897,37.0,36.21,0.119463,0.108003,0.109066,0.118536,0.110006,0.097956,0.116193,0.114516,0.106262,1.57110067393527
2024-11,KLAC,-0.0288187681068798,2.0,6.0,0.6878,0.0,4.126799999999999,27.0,38.36,0.119463,0.108003,0.109066,0.118536,0.110006,0.097956,0.116193,0.114516,0.106262,1.5342069668566396
2024-12,KLAC,-0.0234329692571357,6.0,8.0,0.8515,0.0336,6.812,21.0,37.14,0.119463,0.108003,0.109066,0.118536,0.110006,0.097956,0.116193,0.114516,0.106262,1.5763901806167255
2025-01,KLAC,0.1715863875825618,9.0,23.0,0.973,0.0347,22.378999999999998,29.0,38.79,0.119463,0.108003,0.109066,0.118536,0.110006,0.097956,0.116193,0.114516,0.106262,1.6272340172369928
2025-02,KLAC,-0.0398244071491183,1.0,17.0,0.8286,0.0336,14.0862,27.0,41.43,0.119463,0.108003,0.109066,0.118536,0.110006,0.097956,0.116193,0.114516,0.106262,1.644764610974745
2025-03,KLAC,-0.0388021459677541,4.0,10.0,0.9968,0.0199,9.968,22.0,39.86,0.119618,0.108065,0.109152,0.117555,0.110217,0.097912,0.116857,0.114049,0.106575,1.6063532298626229
2025-04,KLAC,0.0336717890514328,2.0,10.0,0.9945,0.0078,9.945,26.0,40.07,0.119618,0.108065,0.109152,0.117555,0.110217,0.097912,0.116857,0.114049,0.106575,1.55678091661426
2025-05,KLAC,0.0771179320581398,7.0,21.0,0.982,0.0,20.622,24.0,40.21,0.119618,0.108065,0.109152,0.117555,0.110217,0.097912,0.116857,0.114049,0.106575,1.5148814283585637
2025-06,KLAC,0.186312666322592,5.0,79.0,0.6923,0.0,54.691700000000004,28.0,45.64,0.130973,0.101648,0.11082,0.122734,0.106877,0.086234,0.11113,0.110154,0.119428,1.4875727344777514
2025-07,KLAC,-0.0186549249152456,1.0,149.0,0.842,0.0,125.458,31.0,48.5,0.130973,0.101648,0.11082,0.122734,0.106877,0.086234,0.11113,0.110154,0.119428,1.46712361704838
2025-08,KLAC,-0.0079975215074415,7.0,122.0,0.6835,0.0118,83.387,41.0,87.57,0.130973,0.101648,0.11082,0.122734,0.106877,0.086234,0.11113,0.110154,0.119428,1.4685946788414348
2025-09,KLAC,0.2396186013624395,4.0,120.0,0.7738,0.0067,92.85600000000001,44.0,86.07,0.11927,0.107632,0.109306,0.117756,0.110462,0.09792,0.11678,0.114371,0.106502,1.4767698835430212
2025-10,KLAC,0.1206564079093321,6.0,186.0,0.861,0.0165,160.146,49.0,86.86,0.11927,0.107632,0.109306,0.117756,0.110462,0.09792,0.11678,0.114371,0.106502,1.5261150751716217
2025-11,KLAC,-0.0275245062488199,2.0,100.0,0.8492,0.016,84.92,29.0,91.29,0.11927,0.107632,0.109306,0.117756,0.110462,0.09792,0.11678,0.114371,0.106502,1.4962953565579424
2025-12,KLAC,0.0354314609358383,3.0,110.0,0.784,0.0192,86.24000000000001,33.0,86.86,0.11927,0.107632,0.109306,0.117756,0.110462,0.09792,0.11678,0.114371,0.106502,1.4790376094982534
2014-01,LRCX,-0.0705233285705621,0.0,0.0,0.0,0.0,0.0,6.0,18.14,0.124908,0.106684,0.110794,0.117287,0.111198,0.093379,0.116622,0.109759,0.109368,0.0101010101010101
2014-02,LRCX,0.0221297716175608,0.0,0.0,0.0,0.0,0.0,4.0,18.14,0.124908,0.106684,0.110794,0.117287,0.111198,0.093379,0.116622,0.109759,0.109368,0.015594690027087812
2014-03,LRCX,0.0632129209450067,3.0,0.0,0.0,0.0,0.0,4.0,17.14,0.125857,0.106618,0.110574,0.117396,0.110592,0.093297,0.11775,0.109212,0.108704,0.02600974991144673
2014-04,LRCX,0.0474546954570924,0.0,0.0,0.0,0.0,0.0,6.0,17.21,0.125857,0.106618,0.110574,0.117396,0.110592,0.093297,0.11775,0.109212,0.108704,0.03465094492169962
2014-05,LRCX,0.0768959441816063,5.0,0.0,0.0,0.0,0.0,7.0,16.86,0.125857,0.106618,0.110574,0.117396,0.110592,0.093297,0.11775,0.109212,0.108704,0.05034042873709585
2014-06,LRCX,0.0892975252774623,4.0,0.0,0.0,0.0,0.0,7.0,18.0,0.134546,0.108234,0.102455,0.11833,0.107867,0.094922,0.109663,0.107501,0.116481,0.06474258770510405
2014-07,LRCX,0.0386855908141916,1.0,0.0,0.0,0.0,0.0,9.0,19.29,0.134546,0.108234,0.102455,0.11833,0.107867,0.094922,0.109663,0.107501,0.116481,0.07958999608173256
2014-08,LRCX,0.0272857760448241,1.0,0.0,0.0,0.0,0.0,5.0,17.86,0.134546,0.108234,0.102455,0.11833,0.107867,0.094922,0.109663,0.107501,0.116481,0.08539340817150336
2014-09,LRCX,0.038798552615294,2.0,0.0,0.0,0.0,0.0,6.0,17.64,0.127613,0.105615,0.107584,0.117534,0.111965,0.094516,0.115879,0.109472,0.109822,0.09541545926023985
2014-10,LRCX,0.0449158360895105,1.0,0.0,0.0,0.0,0.0,8.0,18.14,0.127613,0.105615,0.107584,0.117534,0.111965,0.094516,0.115879,0.109472,0.109822,0.1061819959002619
2014-11,LRCX,0.0613924142372008,0.0,0.0,0.0,0.0,0.0,6.0,18.36,0.127613,0.105615,0.107584,0.117534,0.111965,0.094516,0.115879,0.109472,0.109822,0.112127220304292
2014-12,LRCX,-0.0399321994572332,1.0,0.0,0.0,0.0,0.0,6.0,17.79,0.127909,0.10556,0.107346,0.11758,0.111632,0.094484,0.115783,0.109903,0.109803,0.11974218200996811
2015-01,LRCX,-0.034489921808103,4.0,0.0,0.0,0.0,0.0,6.0,17.21,0.127909,0.10556,0.107346,0.11758,0.111632,0.094484,0.115783,0.109903,0.109803,0.12668913574209392
2015-02,LRCX,0.0787544024324693,3.0,0.0,0.0,0.0,0.0,5.0,17.07,0.127909,0.10556,0.107346,0.11758,0.111632,0.094484,0.115783,0.109903,0.109803,0.1371001245863938
2015-03,LRCX,-0.1481930378538007,10.0,0.0,0.0,0.0,0.0,7.0,17.0,0.127909,0.10556,0.107346,0.11758,0.111632,0.094484,0.115783,0.109903,0.109803,0.16444759546932655
2015-04,LRCX,0.0784463036301743,1.0,0.0,0.0,0.0,0.0,9.0,17.0,0.127909,0.10556,0.107346,0.11758,0.111632,0.094484,0.115783,0.109903,0.109803,0.17571475555570565
2015-05,LRCX,0.0882511565482586,10.0,0.0,0.0,0.0,0.0,6.0,17.07,0.127909,0.10556,0.107346,0.11758,0.111632,0.094484,0.115783,0.109903,0.109803,0.18936834411446168
2015-06,LRCX,-0.0109425348859998,2.0,0.0,0.0,0.0,0.0,6.0,16.36,0.135013,0.108167,0.102672,0.118982,0.107624,0.094623,0.109063,0.107878,0.115978,0.19328239930483868
2015-07,LRCX,-0.0516609654737251,1.0,6.0,0.9805,0.0,5.883,7.0,16.71,0.135013,0.108167,0.102672,0.118982,0.107624,0.094623,0.109063,0.107878,0.115978,0.3612534057646031
2015-08,LRCX,-0.053336640423846,1.0,2.0,0.9705,0.0,1.941,7.0,15.43,0.135013,0.108167,0.102672,0.118982,0.107624,0.094623,0.109063,0.107878,0.115978,0.41583286360876864
2015-09,LRCX,-0.1022398189597221,0.0,0.0,0.0,0.0,0.0,7.0,15.64,0.12471,0.104841,0.11053,0.116333,0.111827,0.092249,0.118162,0.11032,0.11103,0.40628706177746277
2015-10,LRCX,0.1772778565314745,2.0,3.0,0.9853,0.0,2.9558999999999997,10.0,16.36,0.12471,0.104841,0.11053,0.116333,0.111827,0.092249,0.118162,0.11032,0.11103,0.4520941325585165
2015-11,LRCX,0.0210209305632111,1.0,2.0,0.976,0.0,1.952,7.0,16.36,0.12471,0.104841,0.11053,0.116333,0.111827,0.092249,0.118162,0.11032,0.11103,0.4650067012635296
2015-12,LRCX,0.0156012742164002,0.0,0.0,0.0,0.0,0.0,5.0,16.36,0.125388,0.10484,0.109638,0.116157,0.112516,0.091697,0.118448,0.110148,0.111169,0.44799878963840467
2016-01,LRCX,-0.0925672640886139,2.0,2.0,0.9865,0.0,1.973,8.0,15.93,0.125388,0.10484,0.109638,0.116157,0.112516,0.091697,0.118448,0.110148,0.111169,0.46229474440720925
2016-02,LRCX,0.0210338957505324,2.0,2.0,0.9925,0.0,1.985,6.0,16.14,0.125388,0.10484,0.109638,0.116157,0.112516,0.091697,0.118448,0.110148,0.111169,0.4779733938307924
2016-03,LRCX,0.1268755395344032,8.0,2.0,0.986,0.0,1.972,9.0,16.21,0.125388,0.10484,0.109638,0.116157,0.112516,0.091697,0.118448,0.110148,0.111169,0.5275502357996629
2016-04,LRCX,-0.0713122688056282,2.0,1.0,0.999,0.0,0.999,9.0,16.21,0.125388,0.10484,0.109638,0.116157,0.112516,0.091697,0.118448,0.110148,0.111169,0.5425789825667757
2016-05,LRCX,0.0839004702182,5.0,4.0,0.987,0.0,3.948,9.0,17.0,0.125388,0.10484,0.109638,0.116157,0.112516,0.091697,0.118448,0.110148,0.111169,0.6724491899664231
2016-06,LRCX,0.0150950422956102,3.0,0.0,0.0,0.0,0.0,9.0,16.14,0.131361,0.108579,0.104101,0.118956,0.10921,0.097002,0.109212,0.106833,0.114745,0.7483343564442647
2016-07,LRCX,0.0717968831732605,1.0,3.0,0.9847,0.0,2.9541,12.0,15.21,0.131361,0.108579,0.104101,0.118956,0.10921,0.097002,0.109212,0.106833,0.114745,0.8404508418699428
2016-08,LRCX,0.0395457102832144,1.0,3.0,0.9927,0.0067,2.9781,11.0,14.79,0.131361,0.108579,0.104101,0.118956,0.10921,0.097002,0.109212,0.106833,0.114745,0.9377777101939473
2016-09,LRCX,0.014894808484545,2.0,5.0,0.9852,0.0,4.926,10.0,16.07,0.125822,0.106189,0.109686,0.116908,0.111717,0.09415,0.117411,0.109128,0.108991,1.0115656727505338
2016-10,LRCX,0.0260768285377954,2.0,3.0,0.991,0.0,2.973,14.0,17.0,0.125822,0.106189,0.109686,0.116908,0.111717,0.09415,0.117411,0.109128,0.108991,1.0554370057051001
2016-11,LRCX,0.0945696135826976,4.0,3.0,0.9903,0.0,2.9709,11.0,17.93,0.125822,0.106189,0.109686,0.116908,0.111717,0.09415,0.117411,0.109128,0.108991,1.1020884042329864
2016-12,LRCX,-0.0027354637772892,5.0,0.0,0.0,0.0,0.0,13.0,17.21,0.124883,0.105968,0.108768,0.116698,0.111719,0.093536,0.118303,0.110777,0.109348,1.073053719789461
2017-01,LRCX,0.0910688724929214,8.0,2.0,0.983,0.0,1.966,15.0,17.64,0.124883,0.105968,0.108768,0.116698,0.111719,0.093536,0.118303,0.110777,0.109348,1.1019489827702267
2017-02,LRCX,0.0320391426938471,3.0,2.0,0.98,0.0,1.96,10.0,18.14,0.124883,0.105968,0.108768,0.116698,0.111719,0.093536,0.118303,0.110777,0.109348,1.0946501688843555
2017-03,LRCX,0.0828412210462847,5.0,1.0,0.973,0.0,0.973,13.0,19.21,0.124883,0.105968,0.108768,0.116698,0.111719,0.093536,0.118303,0.110777,0.109348,1.1291880049266996
2017-04,LRCX,0.1327637636515295,2.0,2.0,0.997,0.0,1.994,19.0,19.07,0.124883,0.105968,0.108768,0.116698,0.111719,0.093536,0.118303,0.110777,0.109348,1.170547638436608
2017-05,LRCX,0.0712463828950231,3.0,3.0,0.985,0.0,2.955,22.0,19.36,0.124883,0.105968,0.108768,0.116698,0.111719,0.093536,0.118303,0.110777,0.109348,1.1983399643841255
2017-06,LRCX,-0.0885478594066705,4.0,0.0,0.0,0.0,0.0,23.0,20.14,0.129369,0.109697,0.106401,0.118514,0.109935,0.096754,0.110123,0.105747,0.11346,1.1838493005333337
2017-07,LRCX,0.1306887608440665,3.0,2.0,0.986,0.0,1.972,32.0,20.0,0.129369,0.109697,0.106401,0.118514,0.109935,0.096754,0.110123,0.105747,0.11346,1.2398139074512748
2017-08,LRCX,0.0408878019985663,3.0,5.0,0.9874,0.0,4.937,26.0,19.0,0.129369,0.109697,0.106401,0.118514,0.109935,0.096754,0.110123,0.105747,0.11346,1.3716064608205014
2017-09,LRCX,0.114833099037475,0.0,2.0,0.978,0.0069,1.956,25.0,19.79,0.126519,0.10629,0.109178,0.117141,0.111961,0.094342,0.117452,0.108101,0.109016,1.3962652447691497
2017-10,LRCX,0.1301542224827239,1.0,2.0,0.9825,0.0,1.965,36.0,20.64,0.126519,0.10629,0.109178,0.117141,0.111961,0.094342,0.117452,0.108101,0.109016,1.4538857687079894
2017-11,LRCX,-0.0778632428686421,0.0,2.0,0.9955,0.0,1.991,45.0,22.0,0.126519,0.10629,0.109178,0.117141,0.111961,0.094342,0.117452,0.108101,0.109016,1.5209673350890076
2017-12,LRCX,-0.042947580660457,5.0,0.0,0.0,0.0,0.0,47.0,20.64,0.124765,0.106708,0.110675,0.116341,0.112025,0.092223,0.118057,0.109759,0.109446,1.5447706694966583
2018-01,LRCX,0.043360063342521,7.0,4.0,0.9802,0.0,3.9208,64.0,21.21,0.124765,0.106708,0.110675,0.116341,0.112025,0.092223,0.118057,0.109759,0.109446,1.6767852462442663
2018-02,LRCX,0.0017756281737175,4.0,2.0,0.9895,0.0,1.979,57.0,21.64,0.124765,0.106708,0.110675,0.116341,0.112025,0.092223,0.118057,0.109759,0.109446,1.736969555774805
2018-03,LRCX,0.0588974035586133,12.0,2.0,0.978,0.0061,1.956,66.0,21.07,0.124494,0.106315,0.111001,0.116423,0.112978,0.092277,0.117129,0.109902,0.109481,1.9047344007265474
2018-04,LRCX,-0.0867946993249235,2.0,2.0,0.997,0.0,1.994,75.0,21.0,0.124494,0.106315,0.111001,0.116423,0.112978,0.092277,0.117129,0.109902,0.109481,2.0111652256386776
2018-05,LRCX,0.0708959303825003,4.0,2.0,0.9725,0.0077,1.945,49.0,20.5,0.124494,0.106315,0.111001,0.116423,0.112978,0.092277,0.117129,0.109902,0.109481,2.0726771599141522
2018-06,LRCX,-0.1278131849999655,4.0,2.0,0.9845,0.0,1.969,69.0,19.71,0.128226,0.111654,0.107306,0.117841,0.110209,0.096472,0.109759,0.105003,0.11353,2.207222373153136
2018-07,LRCX,0.1088835428292911,8.0,2.0,0.98,0.0,1.96,61.0,19.5,0.128226,0.111654,0.107306,0.117841,0.110209,0.096472,0.109759,0.105003,0.11353,2.45081380217689
2018-08,LRCX,-0.0920586023770939,3.0,3.0,0.9673,0.0087,2.9019000000000004,43.0,19.29,0.128226,0.111654,0.107306,0.117841,0.110209,0.096472,0.109759,0.105003,0.11353,2.587329762945347
2018-09,LRCX,-0.1235769580567751,7.0,2.0,0.976,0.0073,1.952,36.0,20.29,0.124158,0.107334,0.111376,0.115988,0.111392,0.093662,0.11752,0.111021,0.107549,2.7308700908639048
2018-10,LRCX,-0.0592323172159773,3.0,3.0,0.984,0.0,2.952,44.0,21.07,0.124158,0.107334,0.111376,0.115988,0.111392,0.093662,0.11752,0.111021,0.107549,2.7371136793536515
2018-11,LRCX,0.1074578814213231,2.0,3.0,0.981,0.0,2.943,30.0,21.29,0.124158,0.107334,0.111376,0.115988,0.111392,0.093662,0.11752,0.111021,0.107549,2.6969760279606882
2018-12,LRCX,-0.1324539614584038,7.0,1.0,0.995,0.0,0.995,26.0,20.07,0.125622,0.107351,0.109915,0.116437,0.111184,0.093309,0.117452,0.110744,0.107986,2.649899826435524
2019-01,LRCX,0.2539211908039578,10.0,5.0,0.9822,0.0051,4.911,43.0,20.43,0.125622,0.107351,0.109915,0.116437,0.111184,0.093309,0.117452,0.110744,0.107986,2.7390694090383807
2019-02,LRCX,0.0383886500834442,1.0,1.0,0.98,0.0062,0.98,33.0,21.64,0.125622,0.107351,0.109915,0.116437,0.111184,0.093309,0.117452,0.110744,0.107986,2.713618707491047
2019-03,LRCX,0.0165823603964032,9.0,0.0,0.0,0.0,0.0,31.0,21.64,0.125089,0.107486,0.110182,0.116211,0.110977,0.093503,0.117793,0.110695,0.108063,2.6497191255935504
2019-04,LRCX,0.1658793107764233,4.0,4.0,0.988,0.0,3.952,40.0,21.14,0.125089,0.107486,0.110182,0.116211,0.110977,0.093503,0.117793,0.110695,0.108063,2.693575535390612
2019-05,LRCX,-0.1582219869556833,4.0,5.0,0.9692,0.008,4.846,27.0,20.86,0.125089,0.107486,0.110182,0.116211,0.110977,0.093503,0.117793,0.110695,0.108063,2.7360158153068843
2019-06,LRCX,0.0757684545663885,2.0,1.0,0.98,0.0,0.98,23.0,20.64,0.130006,0.109591,0.106691,0.118287,0.109367,0.096631,0.109433,0.106415,0.113579,2.7368283554101356
2019-07,LRCX,0.1170005484369547,3.0,2.0,0.979,0.0,1.958,29.0,20.71,0.130006,0.109591,0.106691,0.118287,0.109367,0.096631,0.109433,0.106415,0.113579,2.7540498634472437
2019-08,LRCX,0.0091077299205606,10.0,6.0,0.9753,0.0088,5.8518,24.0,20.36,0.130006,0.109591,0.106691,0.118287,0.109367,0.096631,0.109433,0.106415,0.113579,2.907560610358266
2019-09,LRCX,0.0978575957855902,1.0,1.0,0.982,0.0055,0.982,27.0,21.43,0.125487,0.10733,0.10987,0.116265,0.111235,0.093631,0.117491,0.110685,0.108007,2.9363848696463064
2019-10,LRCX,0.1786662922981039,4.0,2.0,0.9785,0.0,1.957,33.0,21.79,0.125487,0.10733,0.10987,0.116265,0.111235,0.093631,0.117491,0.110685,0.108007,2.9061290656354073
2019-11,LRCX,-0.0155328420445258,4.0,2.0,0.972,0.0081,1.944,27.0,22.43,0.125487,0.10733,0.10987,0.116265,0.111235,0.093631,0.117491,0.110685,0.108007,2.886568588821842
2019-12,LRCX,0.0958287664230337,2.0,1.0,0.967,0.0,0.967,22.0,20.93,0.125487,0.10733,0.10987,0.116265,0.111235,0.093631,0.117491,0.110685,0.108007,2.7990668185282486
2020-01,LRCX,0.0242647825594988,6.0,2.0,0.979,0.0,1.958,31.0,25.93,0.125487,0.10733,0.10987,0.116265,0.111235,0.093631,0.117491,0.110685,0.108007,2.7857430856729275
2020-02,LRCX,-0.0160288649633811,3.0,4.0,0.985,0.0084,3.94,33.0,25.07,0.125487,0.10733,0.10987,0.116265,0.111235,0.093631,0.117491,0.110685,0.108007,2.957939473468239
2020-03,LRCX,-0.1820876928062008,6.0,2.0,0.9905,0.0068,1.981,38.0,20.14,0.123263,0.108512,0.10997,0.117807,0.11069,0.095431,0.118225,0.109118,0.106983,3.0003630373708097
2020-04,LRCX,0.0700475606381052,0.0,3.0,0.9463,0.0,2.8389,41.0,20.79,0.123263,0.108512,0.10997,0.117807,0.11069,0.095431,0.118225,0.109118,0.106983,2.9788685342482992
2020-05,LRCX,0.0720387399660482,2.0,5.0,0.9714,0.0158,4.857,41.0,22.21,0.123263,0.108512,0.10997,0.117807,0.11069,0.095431,0.118225,0.109118,0.106983,3.022995923173495
2020-06,LRCX,0.1819344238198679,4.0,1.0,0.999,0.0,0.999,39.0,21.93,0.130942,0.109166,0.10591,0.118163,0.109453,0.09587,0.109904,0.106543,0.114048,2.942759206856682
2020-07,LRCX,0.170641229898782,5.0,2.0,0.978,0.0,1.956,40.0,21.71,0.130942,0.109166,0.10591,0.118163,0.109453,0.09587,0.109904,0.106543,0.114048,2.871159562892925
2020-08,LRCX,-0.1082300598345693,9.0,2.0,0.963,0.0073,1.926,32.0,20.71,0.130942,0.109166,0.10591,0.118163,0.109453,0.09587,0.109904,0.106543,0.114048,2.8568193970863747
2020-09,LRCX,-0.0136466760592721,3.0,7.0,0.4291,0.0209,3.0037,34.0,22.07,0.125154,0.107533,0.110175,0.116119,0.11091,0.093476,0.117805,0.110694,0.108133,2.8117573017106277
2020-10,LRCX,0.0351355667248927,2.0,1.0,0.97,0.0,0.97,30.0,20.5,0.125154,0.107533,0.110175,0.116119,0.11091,0.093476,0.117805,0.110694,0.108133,2.731391557609918
2020-11,LRCX,0.3232574906531964,3.0,5.0,0.9818,0.0,4.909,34.0,19.36,0.125154,0.107533,0.110175,0.116119,0.11091,0.093476,0.117805,0.110694,0.108133,2.677749268574911
2020-12,LRCX,0.0433216685885564,7.0,0.0,0.0,0.0,0.0,29.0,19.07,0.125154,0.107533,0.110175,0.116119,0.11091,0.093476,0.117805,0.110694,0.108133,2.6025683995328586
2021-01,LRCX,0.0273572239566119,4.0,7.0,0.6399,0.0152,4.4793,38.0,18.93,0.125154,0.107533,0.110175,0.116119,0.11091,0.093476,0.117805,0.110694,0.108133,2.640793340243009
2021-02,LRCX,0.1720012511794399,7.0,19.0,0.6881,0.0,13.0739,44.0,20.0,0.125154,0.107533,0.110175,0.116119,0.11091,0.093476,0.117805,0.110694,0.108133,2.6164244477405507
2021-03,LRCX,0.0494542809634874,4.0,35.0,0.6285,0.0109,21.9975,48.0,19.79,0.125154,0.107533,0.110175,0.116119,0.11091,0.093476,0.117805,0.110694,0.108133,2.6354410745250445
2021-04,LRCX,0.0448833075474419,1.0,67.0,0.5077,0.0068,34.0159,53.0,19.36,0.125154,0.107533,0.110175,0.116119,0.11091,0.093476,0.117805,0.110694,0.108133,2.6390743071211173
2021-05,LRCX,0.0473853528187744,3.0,62.0,0.7119,0.0,44.1378,44.0,19.64,0.125154,0.107533,0.110175,0.116119,0.11091,0.093476,0.117805,0.110694,0.108133,2.6133163290473784
2021-06,LRCX,0.0013077647705099,2.0,57.0,0.8816,0.0,50.251200000000004,33.0,20.21,0.129384,0.109836,0.105082,0.118975,0.10962,0.096537,0.110087,0.106135,0.114343,2.5447632391526276
2021-07,LRCX,-0.0184617098923982,2.0,31.0,0.6687,0.0,20.729699999999998,40.0,19.43,0.129384,0.109836,0.105082,0.118975,0.10962,0.096537,0.110087,0.106135,0.114343,2.517840766751254
2021-08,LRCX,-0.051128757822076,1.0,20.0,0.6411,0.0064,12.822,39.0,18.29,0.129384,0.109836,0.105082,0.118975,0.10962,0.096537,0.110087,0.106135,0.114343,2.507108233898978
2021-09,LRCX,-0.05897617069691,6.0,23.0,0.8593,0.0,19.7639,32.0,19.5,0.12414,0.105962,0.11135,0.116807,0.110109,0.094459,0.118593,0.111336,0.107244,2.458114295249551
2021-10,LRCX,-0.0073730760240338,2.0,31.0,0.7175,0.0,22.2425,36.0,19.64,0.12414,0.105962,0.11135,0.116807,0.110109,0.094459,0.118593,0.111336,0.107244,2.4154843275903097
2021-11,LRCX,0.2063271851414159,2.0,38.0,0.7786,0.0,29.586799999999997,39.0,20.79,0.12414,0.105962,0.11135,0.116807,0.110109,0.094459,0.118593,0.111336,0.107244,2.367748646810594
2021-12,LRCX,0.0578068734524739,7.0,47.0,0.877,0.0043,41.219,37.0,19.29,0.12414,0.105962,0.11135,0.116807,0.110109,0.094459,0.118593,0.111336,0.107244,2.3918501073638367
2022-01,LRCX,-0.1778979293589508,7.0,60.0,0.7995,0.0,47.97,43.0,24.86,0.12414,0.105962,0.11135,0.116807,0.110109,0.094459,0.118593,0.111336,0.107244,2.374692883509257
2022-02,LRCX,-0.0484302443682052,5.0,29.0,0.685,0.0,19.865000000000002,30.0,26.0,0.12414,0.105962,0.11135,0.116807,0.110109,0.094459,0.118593,0.111336,0.107244,2.3230913654089638
2022-03,LRCX,-0.0422908052977986,2.0,23.0,0.6469,0.0126,14.8787,30.0,27.36,0.12414,0.105962,0.11135,0.116807,0.110109,0.094459,0.118593,0.111336,0.107244,2.3326366071467803
2022-04,LRCX,-0.13086738682547,3.0,26.0,0.7398,0.0097,19.2348,30.0,26.71,0.12414,0.105962,0.11135,0.116807,0.110109,0.094459,0.118593,0.111336,0.107244,2.332505117480145
2022-05,LRCX,0.1165191078015905,13.0,19.0,0.6835,0.0051,12.9865,25.0,25.5,0.12414,0.105962,0.11135,0.116807,0.110109,0.094459,0.118593,0.111336,0.107244,2.307086969228109
2022-06,LRCX,-0.180527917196502,4.0,19.0,0.8367,0.0112,15.8973,22.0,25.64,0.129384,0.109836,0.105082,0.118975,0.10962,0.096537,0.110087,0.106135,0.114343,2.2758457854619496
2022-07,LRCX,0.1784459949866101,4.0,42.0,0.6555,0.0093,27.531,25.0,23.43,0.129384,0.109836,0.105082,0.118975,0.10962,0.096537,0.110087,0.106135,0.114343,2.273138130040398
2022-08,LRCX,-0.1250720781646241,6.0,25.0,0.4126,0.0141,10.315000000000001,28.0,22.79,0.129384,0.109836,0.105082,0.118975,0.10962,0.096537,0.110087,0.106135,0.114343,2.297237358802929
2022-09,LRCX,-0.1642119722156051,4.0,25.0,0.7331,0.0095,18.3275,20.0,24.5,0.12414,0.105962,0.11135,0.116807,0.110109,0.094459,0.118593,0.111336,0.107244,2.279157214725934
2022-10,LRCX,0.1102378094566769,5.0,72.0,0.4159,0.0182,29.9448,32.0,24.57,0.12414,0.105962,0.11135,0.116807,0.110109,0.094459,0.118593,0.111336,0.107244,2.327222948006405
2022-11,LRCX,0.1670042488744572,2.0,24.0,0.7102,0.0114,17.044800000000002,26.0,25.79,0.12414,0.105962,0.11135,0.116807,0.110109,0.094459,0.118593,0.111336,0.107244,2.317342431864023
2022-12,LRCX,-0.1102500345837407,2.0,31.0,0.7589,0.0078,23.5259,18.0,25.86,0.12414,0.105962,0.11135,0.116807,0.110109,0.094459,0.118593,0.111336,0.107244,2.268974000630323
2023-01,LRCX,0.1943014200192951,7.0,57.0,0.5865,0.0,33.4305,27.0,27.43,0.12414,0.105962,0.11135,0.116807,0.110109,0.094459,0.118593,0.111336,0.107244,2.2148093893228418
2023-02,LRCX,-0.0281742572253813,6.0,19.0,0.5833,0.0053,11.0827,24.0,31.0,0.12414,0.105962,0.11135,0.116807,0.110109,0.094459,0.118593,0.111336,0.107244,2.1758223041607705
2023-03,LRCX,0.0907592125245784,9.0,28.0,0.797,0.0096,22.316000000000003,23.0,30.57,0.123964,0.105782,0.111359,0.116923,0.110422,0.09416,0.118979,0.111188,0.107224,2.1647221791405085
2023-04,LRCX,-0.0078054795139708,7.0,43.0,0.4941,0.008,21.246299999999998,25.0,30.14,0.123964,0.105782,0.111359,0.116923,0.110422,0.09416,0.118979,0.111188,0.107224,2.143418997271987
2023-05,LRCX,0.1767286867090136,4.0,41.0,0.4786,0.0,19.622600000000002,29.0,31.29,0.123964,0.105782,0.111359,0.116923,0.110422,0.09416,0.118979,0.111188,0.107224,2.0941766738814582
2023-06,LRCX,0.0424194068136716,3.0,38.0,0.4258,0.0,16.1804,26.0,32.64,0.129552,0.109834,0.104962,0.118924,0.109653,0.096802,0.109903,0.106062,0.114309,2.0179262640191675
2023-07,LRCX,0.1207269093945155,6.0,53.0,0.6492,0.0052,34.4076,30.0,30.57,0.129552,0.109834,0.104962,0.118924,0.109653,0.096802,0.109903,0.106062,0.114309,2.007642320476442
2023-08,LRCX,-0.0223941679197434,0.0,36.0,0.7855,0.0,28.278,28.0,29.57,0.129552,0.109834,0.104962,0.118924,0.109653,0.096802,0.109903,0.106062,0.114309,1.9600480401472131
2023-09,LRCX,-0.1076738064716397,1.0,49.0,0.7602,0.015,37.2498,20.0,30.57,0.124452,0.105555,0.111162,0.116824,0.110483,0.094344,0.118492,0.111462,0.107227,1.9363903512011074
2023-10,LRCX,-0.0586691672441098,0.0,61.0,0.4963,0.0,30.2743,22.0,31.0,0.124452,0.105555,0.111162,0.116824,0.110483,0.094344,0.118492,0.111462,0.107227,1.8731978664289384
2023-11,LRCX,0.2170959424166298,4.0,31.0,0.7071,0.0067,21.920099999999998,27.0,31.86,0.124452,0.105555,0.111162,0.116824,0.110483,0.094344,0.118492,0.111462,0.107227,1.8583920347965714
2023-12,LRCX,0.0940605640741458,1.0,20.0,0.8427,0.0218,16.854,26.0,30.79,0.124452,0.105555,0.111162,0.116824,0.110483,0.094344,0.118492,0.111462,0.107227,1.8652128923661813
2024-01,LRCX,0.0563793465933191,1.0,43.0,0.7232,0.0126,31.097599999999996,37.0,32.79,0.124452,0.105555,0.111162,0.116824,0.110483,0.094344,0.118492,0.111462,0.107227,1.8765157852113594
2024-02,LRCX,0.1370384696721953,4.0,26.0,0.8227,0.0202,21.3902,37.0,36.07,0.124452,0.105555,0.111162,0.116824,0.110483,0.094344,0.118492,0.111462,0.107227,1.9081756862483894
2024-03,LRCX,0.0355129335654396,2.0,19.0,0.8319,0.0155,15.806099999999999,35.0,35.86,0.123869,0.105585,0.111606,0.116869,0.110443,0.094251,0.119459,0.111003,0.106916,1.9156082330343476
2024-04,LRCX,-0.0774363301098751,7.0,46.0,0.8679,0.0122,39.9234,31.0,35.29,0.123869,0.105585,0.111606,0.116869,0.110443,0.094251,0.119459,0.111003,0.106916,1.934482123167665
2024-05,LRCX,0.0425196263474951,1.0,30.0,0.7742,0.024,23.226,31.0,36.21,0.123869,0.105585,0.111606,0.116869,0.110443,0.094251,0.119459,0.111003,0.106916,1.948663121045033
2024-06,LRCX,0.1420037787587029,4.0,33.0,0.9565,0.0287,31.5645,42.0,34.0,0.129333,0.109651,0.105117,0.119099,0.109897,0.096859,0.109706,0.106222,0.114116,1.9732058814288875
2024-07,LRCX,-0.1332464896460355,2.0,39.0,0.9019,0.0146,35.1741,43.0,32.57,0.129333,0.109651,0.105117,0.119099,0.109897,0.096859,0.109706,0.106222,0.114116,1.9990122028270159
2024-08,LRCX,-0.1087991477542509,2.0,22.0,0.7895,0.0368,17.369,47.0,33.07,0.129333,0.109651,0.105117,0.119099,0.109897,0.096859,0.109706,0.106222,0.114116,2.084965414369404
2024-09,LRCX,-0.0060047691655301,0.0,32.0,0.9637,0.0517,30.8384,39.0,35.36,0.124758,0.105271,0.109856,0.117712,0.11019,0.0951,0.118916,0.11067,0.107528,2.1762063224130928
2024-10,LRCX,-0.086166183552291,1.0,49.0,0.9201,0.0369,45.084900000000005,80.0,36.21,0.124758,0.105271,0.109856,0.117712,0.11019,0.0951,0.118916,0.11067,0.107528,2.345511169933003
2024-11,LRCX,-0.0063214444903647,3.0,4.0,0.1775,0.032,0.71,45.0,38.36,0.124758,0.105271,0.109856,0.117712,0.11019,0.0951,0.118916,0.11067,0.107528,2.3635439616275558
2024-12,LRCX,-0.0223333647657322,2.0,6.0,0.3605,0.084,2.163,44.0,37.14,0.124758,0.105271,0.109856,0.117712,0.11019,0.0951,0.118916,0.11067,0.107528,2.5137796266818775
2025-01,LRCX,0.1255555850535417,7.0,55.0,0.8283,0.0348,45.5565,58.0,38.79,0.124758,0.105271,0.109856,0.117712,0.11019,0.0951,0.118916,0.11067,0.107528,2.6028637644012496
2025-02,LRCX,-0.0531770673730515,4.0,49.0,0.7768,0.0339,38.0632,47.0,41.43,0.124758,0.105271,0.109856,0.117712,0.11019,0.0951,0.118916,0.11067,0.107528,2.638629859206786
2025-03,LRCX,-0.0526453458062061,1.0,29.0,0.9339,0.0265,27.083099999999998,32.0,39.86,0.124758,0.105271,0.109856,0.117712,0.11019,0.0951,0.118916,0.11067,0.107528,2.5871458041883417
2025-04,LRCX,-0.0111925786435602,7.0,50.0,0.8687,0.0158,43.435,46.0,40.07,0.124758,0.105271,0.109856,0.117712,0.11019,0.0951,0.118916,0.11067,0.107528,2.5860393044639
2025-05,LRCX,0.1272499220157499,5.0,44.0,0.9505,0.0265,41.822,36.0,40.21,0.124758,0.105271,0.109856,0.117712,0.11019,0.0951,0.118916,0.11067,0.107528,2.590049936645002
2025-06,LRCX,0.2048519812489826,11.0,101.0,0.6759,0.0149,68.26589999999999,40.0,45.64,0.128635,0.110357,0.10541,0.118953,0.109932,0.096631,0.109897,0.106134,0.114051,2.590293842530814
2025-07,LRCX,-0.0232586397404969,4.0,189.0,0.8416,0.0116,159.0624,52.0,48.5,0.128635,0.110357,0.10541,0.118953,0.109932,0.096631,0.109897,0.106134,0.114051,2.6082795430756454
2025-08,LRCX,0.0559890235003888,2.0,202.0,0.7647,0.0121,154.4694,89.0,87.57,0.128635,0.110357,0.10541,0.118953,0.109932,0.096631,0.109897,0.106134,0.114051,2.6710933322646393
2025-09,LRCX,0.3369944409768486,4.0,231.0,0.8656,0.0144,199.9536,84.0,86.07,0.124758,0.105271,0.109856,0.117712,0.11019,0.0951,0.118916,0.11067,0.107528,2.760368140416557
2025-10,LRCX,0.1782743574517142,4.0,285.0,0.8816,0.0172,251.256,100.0,86.86,0.124758,0.105271,0.109856,0.117712,0.11019,0.0951,0.118916,0.11067,0.107528,2.8744580325040183
2025-11,LRCX,-0.0092721979154731,3.0,175.0,0.8797,0.0147,153.94750000000002,68.0,91.29,0.124758,0.105271,0.109856,0.117712,0.11019,0.0951,0.118916,0.11067,0.107528,2.87526595735516
2025-12,LRCX,0.0973076133065766,6.0,166.0,0.7731,0.0244,128.3346,68.0,86.86,0.124758,0.105271,0.109856,0.117712,0.11019,0.0951,0.118916,0.11067,0.107528,2.8933872747931964
2014-01,META,0.1449221794290414,15.0,0.0,0.0,0.0,0.0,10.0,18.14,0.099033,0.102297,0.112868,0.121071,0.115897,0.129029,0.109546,0.108178,0.102081,0.025224071702944946
2014-02,META,0.0941344556031851,10.0,0.0,0.0,0.0,0.0,10.0,18.14,0.099033,0.102297,0.112868,0.121071,0.115897,0.129029,0.109546,0.108178,0.102081,0.0590841886174862
2014-03,META,-0.1200700412879689,12.0,0.0,0.0,0.0,0.0,10.0,17.14,0.101909,0.104778,0.116636,0.117582,0.114776,0.121163,0.113845,0.110567,0.098745,0.09447772534104017
2014-04,META,-0.0076361659972596,11.0,0.0,0.0,0.0,0.0,10.0,17.21,0.101909,0.104778,0.116636,0.117582,0.114776,0.121163,0.113845,0.110567,0.098745,0.12467975089749159
2014-05,META,0.0588825687757139,13.0,0.0,0.0,0.0,0.0,10.0,16.86,0.101909,0.104778,0.116636,0.117582,0.114776,0.121163,0.113845,0.110567,0.098745,0.14992292574093824
2014-06,META,0.0630331543422793,9.0,0.0,0.0,0.0,0.0,10.0,18.0,0.102736,0.105625,0.116329,0.116121,0.114472,0.119575,0.113993,0.112277,0.098872,0.17059296692836382
2014-07,META,0.0796552685586824,6.0,0.0,0.0,0.0,0.0,10.0,19.29,0.102736,0.105625,0.116329,0.116121,0.114472,0.119575,0.113993,0.112277,0.098872,0.1889263796656443
2014-08,META,0.0298691734626441,13.0,0.0,0.0,0.0,0.0,10.0,17.86,0.102736,0.105625,0.116329,0.116121,0.114472,0.119575,0.113993,0.112277,0.098872,0.21836041509053694
2014-09,META,0.056402239280477,4.0,0.0,0.0,0.0,0.0,10.0,17.64,0.102583,0.105182,0.117542,0.116229,0.114354,0.118037,0.114563,0.111899,0.099611,0.23351219411787727
2014-10,META,-0.0512402344681031,6.0,0.0,0.0,0.0,0.0,10.0,18.14,0.102583,0.105182,0.117542,0.116229,0.114354,0.118037,0.114563,0.111899,0.099611,0.24838693095657483
2014-11,META,0.036138431020223,14.0,0.0,0.0,0.0,0.0,10.0,18.36,0.102583,0.105182,0.117542,0.116229,0.114354,0.118037,0.114563,0.111899,0.099611,0.27661535590506453
2014-12,META,0.0041183588791129,9.0,0.0,0.0,0.0,0.0,11.0,17.79,0.091448,0.10072,0.116663,0.12117,0.115344,0.13385,0.114146,0.104883,0.101775,0.29984398695678616
2015-01,META,-0.0270441995811016,26.0,0.0,0.0,0.0,0.0,10.0,17.21,0.091448,0.10072,0.116663,0.12117,0.115344,0.13385,0.114146,0.104883,0.101775,0.3190452273263189
2015-02,META,0.0403107512455425,6.0,0.0,0.0,0.0,0.0,11.0,17.07,0.091448,0.10072,0.116663,0.12117,0.115344,0.13385,0.114146,0.104883,0.101775,0.34083276477487584
2015-03,META,0.0411549536565201,10.0,0.0,0.0,0.0,0.0,10.0,17.0,0.105283,0.109068,0.117672,0.111953,0.112394,0.106775,0.12119,0.116443,0.099222,0.3640626743687885
2015-04,META,-0.0419607383602599,11.0,0.0,0.0,0.0,0.0,10.0,17.0,0.105283,0.109068,0.117672,0.111953,0.112394,0.106775,0.12119,0.116443,0.099222,0.3810000069569781
2015-05,META,0.0053320187619274,13.0,0.0,0.0,0.0,0.0,11.0,17.07,0.105283,0.109068,0.117672,0.111953,0.112394,0.106775,0.12119,0.116443,0.099222,0.3991608886547718
2015-06,META,0.0830912656382723,11.0,0.0,0.0,0.0,0.0,10.0,16.36,0.108103,0.110342,0.115422,0.116521,0.111094,0.105053,0.119183,0.115283,0.099,0.4132119577944498
2015-07,META,0.0960710062566621,4.0,0.0,0.0,0.0,0.0,10.0,16.71,0.108103,0.110342,0.115422,0.116521,0.111094,0.105053,0.119183,0.115283,0.099,0.41708988090451393
2015-08,META,-0.0487182580594767,11.0,0.0,0.0,0.0,0.0,11.0,15.43,0.108103,0.110342,0.115422,0.116521,0.111094,0.105053,0.119183,0.115283,0.099,0.433204234189047
2015-09,META,0.0052554924771499,4.0,0.0,0.0,0.0,0.0,11.0,15.64,0.107568,0.109905,0.11486,0.1158,0.111545,0.104767,0.120437,0.1155,0.099618,0.4416349521040882
2015-10,META,0.1342602305941613,9.0,0.0,0.0,0.0,0.0,12.0,16.36,0.107568,0.109905,0.11486,0.1158,0.111545,0.104767,0.120437,0.1155,0.099618,0.4577394664001513
2015-11,META,0.0222614708027686,6.0,0.0,0.0,0.0,0.0,11.0,16.36,0.107568,0.109905,0.11486,0.1158,0.111545,0.104767,0.120437,0.1155,0.099618,0.46783496002216374
2015-12,META,0.0040293407767162,5.0,0.0,0.0,0.0,0.0,10.0,16.36,0.097532,0.106702,0.111639,0.121431,0.1127,0.125063,0.110585,0.107893,0.106455,0.47393670869869475
2016-01,META,0.072138323895996,37.0,0.0,0.0,0.0,0.0,10.0,15.93,0.097532,0.106702,0.111639,0.121431,0.1127,0.125063,0.110585,0.107893,0.106455,0.49387245406792396
2016-02,META,-0.0471438090622728,13.0,0.0,0.0,0.0,0.0,11.0,16.14,0.097532,0.106702,0.111639,0.121431,0.1127,0.125063,0.110585,0.107893,0.106455,0.5372734525890458
2016-03,META,0.067152991862913,12.0,0.0,0.0,0.0,0.0,10.0,16.21,0.107545,0.110149,0.115293,0.116453,0.111115,0.104234,0.11994,0.115594,0.099677,0.5552613735076728
2016-04,META,0.0304995637133507,10.0,0.0,0.0,0.0,0.0,11.0,16.21,0.107545,0.110149,0.115293,0.116453,0.111115,0.104234,0.11994,0.115594,0.099677,0.5799393645664481
2016-05,META,0.0104608805170629,16.0,0.0,0.0,0.0,0.0,11.0,17.0,0.107545,0.110149,0.115293,0.116453,0.111115,0.104234,0.11994,0.115594,0.099677,0.5954185429623398
2016-06,META,-0.0381281085757292,7.0,0.0,0.0,0.0,0.0,11.0,16.14,0.107997,0.110603,0.115502,0.115598,0.110987,0.105703,0.119276,0.115579,0.098757,0.6875280054247066
2016-07,META,0.0845292470682148,10.0,0.0,0.0,0.0,0.0,10.0,15.21,0.107997,0.110603,0.115502,0.115598,0.110987,0.105703,0.119276,0.115579,0.098757,0.7445343668243761
2016-08,META,0.0175891501065261,10.0,0.0,0.0,0.0,0.0,10.0,14.79,0.107997,0.110603,0.115502,0.115598,0.110987,0.105703,0.119276,0.115579,0.098757,0.7521786819360761
2016-09,META,0.0170474058633398,3.0,0.0,0.0,0.0,0.0,10.0,16.07,0.107952,0.110382,0.114548,0.115087,0.111158,0.104625,0.120863,0.115663,0.099723,0.7405774227792272
2016-10,META,0.0212052753862346,8.0,0.0,0.0,0.0,0.0,10.0,17.0,0.107952,0.110382,0.114548,0.115087,0.111158,0.104625,0.120863,0.115663,0.099723,0.7334378699044044
2016-11,META,-0.0959617240249414,10.0,0.0,0.0,0.0,0.0,10.0,17.93,0.107952,0.110382,0.114548,0.115087,0.111158,0.104625,0.120863,0.115663,0.099723,0.7312962464028115
2016-12,META,-0.0284579494110912,11.0,0.0,0.0,0.0,0.0,10.0,17.21,0.100111,0.105793,0.111085,0.122412,0.112559,0.123616,0.109748,0.105166,0.109509,0.7287989317598804
2017-01,META,0.1327249556488738,45.0,0.0,0.0,0.0,0.0,10.0,17.64,0.100111,0.105793,0.111085,0.122412,0.112559,0.123616,0.109748,0.105166,0.109509,0.7493515880374173
2017-02,META,0.0400551040452312,12.0,0.0,0.0,0.0,0.0,14.0,18.14,0.100111,0.105793,0.111085,0.122412,0.112559,0.123616,0.109748,0.105166,0.109509,0.7804206739245642
2017-03,META,0.0480302905151865,12.0,0.0,0.0,0.0,0.0,12.0,19.21,0.107726,0.11128,0.116951,0.111915,0.110806,0.103156,0.120852,0.117352,0.099963,0.8285266492322698
2017-04,META,0.0577261664434496,10.0,0.0,0.0,0.0,0.0,12.0,19.07,0.107726,0.11128,0.116951,0.111915,0.110806,0.103156,0.120852,0.117352,0.099963,0.8204407724983261
2017-05,META,0.008053232541606,13.0,0.0,0.0,0.0,0.0,12.0,19.36,0.107726,0.11128,0.116951,0.111915,0.110806,0.103156,0.120852,0.117352,0.099963,0.8143299771809731
2017-06,META,-0.0031692201939425,7.0,0.0,0.0,0.0,0.0,11.0,20.14,0.108377,0.11137,0.116699,0.111628,0.110532,0.10429,0.120294,0.11721,0.0996,0.7972173805174989
2017-07,META,0.1210094298168327,16.0,0.0,0.0,0.0,0.0,11.0,20.0,0.108377,0.11137,0.116699,0.111628,0.110532,0.10429,0.120294,0.11721,0.0996,0.81182914391478
2017-08,META,0.0160707247091071,10.0,0.0,0.0,0.0,0.0,11.0,19.0,0.108377,0.11137,0.116699,0.111628,0.110532,0.10429,0.120294,0.11721,0.0996,0.8054697339447845
2017-09,META,-0.0063962612911101,11.0,0.0,0.0,0.0,0.0,10.0,19.79,0.108269,0.111013,0.115737,0.111363,0.110902,0.103401,0.121534,0.117451,0.100329,0.803690551379756
2017-10,META,0.053783458903222,21.0,0.0,0.0,0.0,0.0,11.0,20.64,0.108269,0.111013,0.115737,0.111363,0.110902,0.103401,0.121534,0.117451,0.100329,0.8385150300260175
2017-11,META,-0.0159947504934223,12.0,0.0,0.0,0.0,0.0,11.0,22.0,0.108269,0.111013,0.115737,0.111363,0.110902,0.103401,0.121534,0.117451,0.100329,0.8727483892944663
2017-12,META,-0.0040635333619065,7.0,0.0,0.0,0.0,0.0,10.0,20.64,0.101424,0.107599,0.110724,0.12118,0.11281,0.125158,0.109598,0.104561,0.106946,0.8514846470891021
2018-01,META,0.0591068651124233,81.0,0.0,0.0,0.0,0.0,10.0,21.21,0.101424,0.107599,0.110724,0.12118,0.11281,0.125158,0.109598,0.104561,0.106946,0.8718720473713157
2018-02,META,-0.0458556587017404,7.0,0.0,0.0,0.0,0.0,16.0,21.64,0.101424,0.107599,0.110724,0.12118,0.11281,0.125158,0.109598,0.104561,0.106946,0.8815785550560302
2018-03,META,-0.1039145135906201,17.0,0.0,0.0,0.0,0.0,11.0,21.07,0.107728,0.111164,0.11699,0.111982,0.110862,0.103173,0.120906,0.117269,0.099927,0.8991580885662367
2018-04,META,0.0764128010526581,22.0,0.0,0.0,0.0,0.0,11.0,21.0,0.107728,0.111164,0.11699,0.111982,0.110862,0.103173,0.120906,0.117269,0.099927,0.8925383766837959
2018-05,META,0.1150000420227348,10.0,0.0,0.0,0.0,0.0,12.0,20.5,0.107728,0.111164,0.11699,0.111982,0.110862,0.103173,0.120906,0.117269,0.099927,0.8785281892292743
2018-06,META,0.013244397977937,23.0,0.0,0.0,0.0,0.0,12.0,19.71,0.108377,0.11137,0.116699,0.111628,0.110532,0.10429,0.120294,0.11721,0.0996,0.9063957543339002
2018-07,META,-0.1118773117358564,16.0,0.0,0.0,0.0,0.0,11.0,19.5,0.108377,0.11137,0.116699,0.111628,0.110532,0.10429,0.120294,0.11721,0.0996,1.089256350909201
2018-08,META,0.0182523152005438,13.0,0.0,0.0,0.0,0.0,11.0,19.29,0.108377,0.11137,0.116699,0.111628,0.110532,0.10429,0.120294,0.11721,0.0996,1.1715986593942143
2018-09,META,-0.0641324102771618,12.0,0.0,0.0,0.0,0.0,10.0,20.29,0.108269,0.111013,0.115737,0.111363,0.110902,0.103401,0.121534,0.117451,0.100329,1.2953567817058487
2018-10,META,-0.0770401217340841,21.0,0.0,0.0,0.0,0.0,10.0,21.07,0.108269,0.111013,0.115737,0.111363,0.110902,0.103401,0.121534,0.117451,0.100329,1.2662737465063245
2018-11,META,-0.073654249151896,17.0,0.0,0.0,0.0,0.0,10.0,21.29,0.108269,0.111013,0.115737,0.111363,0.110902,0.103401,0.121534,0.117451,0.100329,1.259298098397265
2018-12,META,-0.0677049098210639,24.0,0.0,0.0,0.0,0.0,11.0,20.07,0.101935,0.105249,0.112624,0.121893,0.112845,0.123418,0.109771,0.104334,0.107931,1.251829003629292
2019-01,META,0.2715690651885885,63.0,0.0,0.0,0.0,0.0,10.0,20.43,0.101935,0.105249,0.112624,0.121893,0.112845,0.123418,0.109771,0.104334,0.107931,1.2372812904738546
2019-02,META,-0.0314356207509878,10.0,0.0,0.0,0.0,0.0,11.0,21.64,0.101935,0.105249,0.112624,0.121893,0.112845,0.123418,0.109771,0.104334,0.107931,1.2151605681131536
2019-03,META,0.0324558918585895,19.0,0.0,0.0,0.0,0.0,10.0,21.64,0.107214,0.11092,0.116428,0.111865,0.111681,0.104109,0.120756,0.117184,0.099843,1.2113675716284547
2019-04,META,0.1602373879027454,18.0,0.0,0.0,0.0,0.0,10.0,21.14,0.107214,0.11092,0.116428,0.111865,0.111681,0.104109,0.120756,0.117184,0.099843,1.1813975690948837
2019-05,META,-0.0823681859342562,29.0,0.0,0.0,0.0,0.0,11.0,20.86,0.107214,0.11092,0.116428,0.111865,0.111681,0.104109,0.120756,0.117184,0.099843,1.203602560574104
2019-06,META,0.0875079028695735,42.0,0.0,0.0,0.0,0.0,11.0,20.64,0.108279,0.111717,0.116646,0.111955,0.11093,0.104453,0.12014,0.116858,0.099023,1.293865640739295
2019-07,META,0.0063730865182629,35.0,0.0,0.0,0.0,0.0,10.0,20.71,0.108279,0.111717,0.116646,0.111955,0.11093,0.104453,0.12014,0.116858,0.099023,1.3071101209458555
2019-08,META,-0.0440716091796123,9.0,0.0,0.0,0.0,0.0,10.0,20.36,0.108279,0.111717,0.116646,0.111955,0.11093,0.104453,0.12014,0.116858,0.099023,1.2803681590060993
2019-09,META,-0.0408788864507311,20.0,0.0,0.0,0.0,0.0,10.0,21.43,0.107885,0.110322,0.115031,0.112119,0.113178,0.104177,0.121631,0.116189,0.099467,1.2625564602981674
2019-10,META,0.0762017133487606,48.0,0.0,0.0,0.0,0.0,11.0,21.79,0.107885,0.110322,0.115031,0.112119,0.113178,0.104177,0.121631,0.116189,0.099467,1.3122586534889373
2019-11,META,0.0521262013750727,23.0,0.0,0.0,0.0,0.0,11.0,22.43,0.107885,0.110322,0.115031,0.112119,0.113178,0.104177,0.121631,0.116189,0.099467,1.3060183181625913
2019-12,META,0.0179032845568536,27.0,0.0,0.0,0.0,0.0,10.0,20.93,0.101959,0.106286,0.112454,0.122533,0.111685,0.12211,0.109881,0.104482,0.10861,1.3071317869350043
2020-01,META,-0.0162729213170645,143.0,0.0,0.0,0.0,0.0,11.0,25.93,0.101959,0.106286,0.112454,0.122533,0.111685,0.12211,0.109881,0.104482,0.10861,1.3392731674827216
2020-02,META,-0.0467535270810621,14.0,0.0,0.0,0.0,0.0,12.0,25.07,0.101959,0.106286,0.112454,0.122533,0.111685,0.12211,0.109881,0.104482,0.10861,1.3217239783509167
2020-03,META,-0.1333713608519613,19.0,0.0,0.0,0.0,0.0,11.0,20.14,0.105465,0.111028,0.113263,0.112412,0.112052,0.112656,0.119547,0.115168,0.098408,1.3099454036924965
2020-04,META,0.2272781962568026,44.0,0.0,0.0,0.0,0.0,12.0,20.79,0.105465,0.111028,0.113263,0.112412,0.112052,0.112656,0.119547,0.115168,0.098408,1.324918888495968
2020-05,META,0.0995553890818812,29.0,0.0,0.0,0.0,0.0,12.0,22.21,0.105465,0.111028,0.113263,0.112412,0.112052,0.112656,0.119547,0.115168,0.098408,1.3211821863897222
2020-06,META,0.0087966245251556,37.0,0.0,0.0,0.0,0.0,12.0,21.93,0.107377,0.111696,0.113775,0.112925,0.111565,0.112781,0.118249,0.115166,0.096465,1.321575719726215
2020-07,META,0.1171443490486874,33.0,0.0,0.0,0.0,0.0,12.0,21.71,0.107377,0.111696,0.113775,0.112925,0.111565,0.112781,0.118249,0.115166,0.096465,1.3151673315602042
2020-08,META,0.15583260261004,45.0,0.0,0.0,0.0,0.0,12.0,20.71,0.107377,0.111696,0.113775,0.112925,0.111565,0.112781,0.118249,0.115166,0.096465,1.382824885922593
2020-09,META,-0.1067531151225598,24.0,0.0,0.0,0.0,0.0,12.0,22.07,0.107369,0.111353,0.111864,0.11282,0.111795,0.111451,0.12055,0.114882,0.097917,1.378821148651496
2020-10,META,0.0046199007459437,40.0,1.0,-0.572,0.0,-0.572,11.0,20.5,0.107369,0.111353,0.111864,0.11282,0.111795,0.111451,0.12055,0.114882,0.097917,1.373103508624154
2020-11,META,0.0526775691315064,23.0,0.0,0.0,0.0,0.0,11.0,19.36,0.107369,0.111353,0.111864,0.11282,0.111795,0.111451,0.12055,0.114882,0.097917,1.355702893767745
2020-12,META,-0.0137557835378566,39.0,0.0,0.0,0.0,0.0,11.0,19.07,0.10026,0.108583,0.109383,0.122035,0.111351,0.123257,0.111291,0.103608,0.110232,1.3740210317924555
2021-01,META,-0.0542906695290383,96.0,0.0,0.0,0.0,0.0,11.0,18.93,0.10026,0.108583,0.109383,0.122035,0.111351,0.123257,0.111291,0.103608,0.110232,1.3739016283537846
2021-02,META,-0.002748466909218,24.0,0.0,0.0,0.0,0.0,11.0,20.0,0.10026,0.108583,0.109383,0.122035,0.111351,0.123257,0.111291,0.103608,0.110232,1.3729212209406263
2021-03,META,0.1432731633257864,29.0,0.0,0.0,0.0,0.0,13.0,19.79,0.105465,0.111028,0.113263,0.112412,0.112052,0.112656,0.119547,0.115168,0.098408,1.3812682995878969
2021-04,META,0.1037243896519761,29.0,0.0,0.0,0.0,0.0,13.0,19.36,0.105465,0.111028,0.113263,0.112412,0.112052,0.112656,0.119547,0.115168,0.098408,1.38346588912476
2021-05,META,0.0112282030995873,54.0,0.0,0.0,0.0,0.0,13.0,19.64,0.105465,0.111028,0.113263,0.112412,0.112052,0.112656,0.119547,0.115168,0.098408,1.3943864703620272
2021-06,META,0.0577372540595242,29.0,0.0,0.0,0.0,0.0,12.0,20.21,0.107377,0.111696,0.113775,0.112925,0.111565,0.112781,0.118249,0.115166,0.096465,1.3706353752471796
2021-07,META,0.0247044571693433,37.0,0.0,0.0,0.0,0.0,12.0,19.43,0.107377,0.111696,0.113775,0.112925,0.111565,0.112781,0.118249,0.115166,0.096465,1.3873995450120975
2021-08,META,0.0647768148870069,46.0,0.0,0.0,0.0,0.0,11.0,18.29,0.107377,0.111696,0.113775,0.112925,0.111565,0.112781,0.118249,0.115166,0.096465,1.4046306104749846
2021-09,META,-0.1054085838631518,26.0,0.0,0.0,0.0,0.0,12.0,19.5,0.106581,0.108999,0.117503,0.113348,0.109631,0.107903,0.118115,0.114214,0.103707,1.4055766984823568
2021-10,META,-0.0466131800691284,50.0,0.0,0.0,0.0,0.0,23.0,19.64,0.106581,0.108999,0.117503,0.113348,0.109631,0.107903,0.118115,0.114214,0.103707,1.4513874240792046
2021-11,META,0.0027505219727599,25.0,8.0,0.72,0.0,5.76,29.0,20.79,0.106581,0.108999,0.117503,0.113348,0.109631,0.107903,0.118115,0.114214,0.103707,1.4782301156404212
2021-12,META,0.0366455176691973,32.0,3.0,0.9873,0.0,2.9619,20.0,19.29,0.101793,0.108155,0.112076,0.12021,0.112978,0.120479,0.1108,0.104305,0.109204,1.493923888666205
2022-01,META,-0.0686485610110519,109.0,10.0,0.5671,0.0,5.671,24.0,24.86,0.101793,0.108155,0.112076,0.12021,0.112978,0.120479,0.1108,0.104305,0.109204,1.541535512719765
2022-02,META,-0.3263424499942513,14.0,2.0,0.1255,0.0,0.251,32.0,26.0,0.101793,0.108155,0.112076,0.12021,0.112978,0.120479,0.1108,0.104305,0.109204,1.5636498702496695
2022-03,META,0.0536890258654916,18.0,0.0,0.0,0.0,0.0,26.0,27.36,0.107855,0.112481,0.117577,0.113895,0.107565,0.10494,0.118808,0.113778,0.1031,1.5869058957092683
2022-04,META,-0.0984438399661611,27.0,2.0,0.0,0.0,0.0,23.0,26.71,0.107855,0.112481,0.117577,0.113895,0.107565,0.10494,0.118808,0.113778,0.1031,1.5960296446554312
2022-05,META,-0.0340700380938324,29.0,1.0,-0.841,0.0,-0.841,24.0,25.5,0.107855,0.112481,0.117577,0.113895,0.107565,0.10494,0.118808,0.113778,0.1031,1.6035619500271918
2022-06,META,-0.1672690930978553,24.0,283.0,0.424,0.0,119.99199999999999,24.0,25.64,0.107056,0.112417,0.118602,0.113685,0.107158,0.10571,0.119238,0.113969,0.102165,1.6469582726123644
2022-07,META,-0.0133334960993847,18.0,530.0,0.2891,0.0,153.223,26.0,23.43,0.107056,0.112417,0.118602,0.113685,0.107158,0.10571,0.119238,0.113969,0.102165,1.7252133404402143
2022-08,META,0.0240728658297884,26.0,345.0,0.3688,0.0,127.236,25.0,22.79,0.107056,0.112417,0.118602,0.113685,0.107158,0.10571,0.119238,0.113969,0.102165,1.799990602613208
2022-09,META,-0.1672496030539222,10.0,316.0,0.3628,0.0049,114.6448,27.0,24.5,0.108128,0.111592,0.117346,0.113573,0.109093,0.105403,0.121608,0.115101,0.098155,1.8696632108403002
2022-10,META,-0.3133844454904848,20.0,536.0,0.3632,0.0,194.67520000000002,34.0,24.57,0.108128,0.111592,0.117346,0.113573,0.109093,0.105403,0.121608,0.115101,0.098155,1.9748166105094829
2022-11,META,0.2677114141604813,26.0,437.0,0.3379,0.0,147.6623,35.0,25.79,0.108128,0.111592,0.117346,0.113573,0.109093,0.105403,0.121608,0.115101,0.098155,2.0700701393855576
2022-12,META,0.0189669649984736,11.0,372.0,0.3522,0.0114,131.0184,30.0,25.86,0.108989,0.112302,0.11009,0.118985,0.110711,0.11367,0.112365,0.104361,0.108529,2.1651751107743875
2023-01,META,0.2379092454449052,53.0,331.0,0.3784,0.0,125.2504,28.0,27.43,0.108989,0.112302,0.11009,0.118985,0.110711,0.11367,0.112365,0.104361,0.108529,2.2022815749595694
2023-02,META,0.1743303313347537,8.0,523.0,0.4101,0.0081,214.4823,33.0,31.0,0.108989,0.112302,0.11009,0.118985,0.110711,0.11367,0.112365,0.104361,0.108529,2.311293855386901
2023-03,META,0.2115012513189418,9.0,490.0,0.3301,0.0116,161.749,32.0,30.57,0.108617,0.112396,0.118027,0.111548,0.109297,0.103511,0.121386,0.114576,0.100641,2.3995194251261815
2023-04,META,0.1339057653166733,19.0,118.0,0.7012,0.0105,82.7416,30.0,30.14,0.108617,0.112396,0.118027,0.111548,0.109297,0.103511,0.121386,0.114576,0.100641,2.43968843285611
2023-05,META,0.1015313964394526,22.0,114.0,0.7692,0.0241,87.6888,29.0,31.29,0.108617,0.112396,0.118027,0.111548,0.109297,0.103511,0.121386,0.114576,0.100641,2.5220133189834617
2023-06,META,0.0840887047038598,30.0,99.0,0.8009,0.0196,79.28909999999999,33.0,32.64,0.10872,0.11205,0.117392,0.111729,0.109344,0.103522,0.121757,0.115006,0.100481,2.5581712305419613
2023-07,META,0.1101820591500661,30.0,172.0,0.8014,0.0137,137.8408,39.0,30.57,0.10872,0.11205,0.117392,0.111729,0.109344,0.103522,0.121757,0.115006,0.100481,2.6585071217904352
2023-08,META,-0.0712806956386081,13.0,132.0,0.8448,0.0126,111.5136,31.0,29.57,0.10872,0.11205,0.117392,0.111729,0.109344,0.103522,0.121757,0.115006,0.100481,2.681645744004985
2023-09,META,0.0145999643043839,16.0,130.0,0.8499,0.028,110.487,34.0,30.57,0.108,0.111672,0.117557,0.110843,0.109227,0.103318,0.122024,0.116299,0.101061,2.7571150183687365
2023-10,META,0.0035309000885592,19.0,145.0,0.7834,0.017,113.593,36.0,31.0,0.108,0.111672,0.117557,0.110843,0.109227,0.103318,0.122024,0.116299,0.101061,2.81097782200049
2023-11,META,0.0859030409749805,9.0,131.0,0.9306,0.0103,121.90859999999999,40.0,31.86,0.108,0.111672,0.117557,0.110843,0.109227,0.103318,0.122024,0.116299,0.101061,2.83491472097435
2023-12,META,0.0819502056158836,17.0,132.0,0.977,0.0295,128.964,42.0,30.79,0.110094,0.113166,0.108746,0.120455,0.110571,0.110574,0.111196,0.10457,0.11063,2.9168581680396084
2024-01,META,0.1022150107779191,37.0,221.0,0.7664,0.0285,169.37439999999998,40.0,32.79,0.110094,0.113166,0.108746,0.120455,0.110571,0.110574,0.111196,0.10457,0.11063,2.994331409808532
2024-02,META,0.2562923905877119,9.0,574.0,0.6506,0.021,373.4444,47.0,36.07,0.110094,0.113166,0.108746,0.120455,0.110571,0.110574,0.111196,0.10457,0.11063,3.1081254372055
2024-03,META,-0.0082319848263548,12.0,327.0,0.5697,0.0265,186.2919,46.0,35.86,0.107559,0.111114,0.120006,0.113036,0.109738,0.103698,0.119948,0.115457,0.099443,3.191620967211533
2024-04,META,-0.1141109684780335,7.0,454.0,0.6285,0.0396,285.339,50.0,35.29,0.107559,0.111114,0.120006,0.113036,0.109738,0.103698,0.119948,0.115457,0.099443,3.3753876676948793
2024-05,META,0.0852220518759694,23.0,359.0,0.6137,0.0359,220.31830000000002,44.0,36.21,0.107559,0.111114,0.120006,0.113036,0.109738,0.103698,0.119948,0.115457,0.099443,3.4715081944855846
2024-06,META,0.0800934969409137,12.0,312.0,0.6792,0.0472,211.9104,43.0,34.0,0.108626,0.11113,0.118458,0.111361,0.110239,0.102895,0.121276,0.11545,0.100566,3.5350440783323194
2024-07,META,-0.057353083387164,21.0,372.0,0.608,0.0319,226.176,47.0,32.57,0.108626,0.11113,0.118458,0.111361,0.110239,0.102895,0.121276,0.11545,0.100566,3.627376436595654
2024-08,META,0.0978876009030236,11.0,334.0,0.6521,0.0507,217.8014,47.0,33.07,0.108626,0.11113,0.118458,0.111361,0.110239,0.102895,0.121276,0.11545,0.100566,3.748017659135187
2024-09,META,0.0980798165060909,14.0,259.0,0.6491,0.0516,168.11690000000002,45.0,35.36,0.107904,0.110715,0.118648,0.110542,0.110236,0.102705,0.121473,0.116654,0.101124,3.8607405226183094
2024-10,META,-0.0075438458021017,22.0,227.0,0.6246,0.0399,141.7842,54.0,36.21,0.107904,0.110715,0.118648,0.110542,0.110236,0.102705,0.121473,0.116654,0.101124,3.947140061170165
2024-11,META,0.0118749517807672,15.0,75.0,0.2118,0.042,15.885,56.0,38.36,0.107904,0.110715,0.118648,0.110542,0.110236,0.102705,0.121473,0.116654,0.101124,3.9931307512856167
2024-12,META,0.0194837868615358,21.0,71.0,0.21,0.0307,14.91,62.0,37.14,0.112807,0.115082,0.104815,0.122189,0.110135,0.106892,0.111114,0.106381,0.110586,4.063793493879537
2025-01,META,0.1780086016910094,41.0,355.0,0.582,0.0567,206.60999999999999,64.0,38.79,0.112807,0.115082,0.104815,0.122189,0.110135,0.106892,0.111114,0.106381,0.110586,4.2590443752621745
2025-02,META,-0.0304419164851048,10.0,488.0,0.6167,0.0507,300.94960000000003,55.0,41.43,0.112807,0.115082,0.104815,0.122189,0.110135,0.106892,0.111114,0.106381,0.110586,4.399185518154132
2025-03,META,-0.1374438407639591,16.0,312.0,0.6554,0.0556,204.4848,56.0,39.86,0.109235,0.11276,0.117733,0.113214,0.108359,0.101135,0.120545,0.115667,0.101352,4.493037195060269
2025-04,META,-0.0466228461983216,22.0,553.0,0.5468,0.034,302.38039999999995,61.0,40.07,0.109235,0.11276,0.117733,0.113214,0.108359,0.101135,0.120545,0.115667,0.101352,4.615733697522085
2025-05,META,0.1793987225379905,17.0,478.0,0.6866,0.0463,328.1948,63.0,40.21,0.109235,0.11276,0.117733,0.113214,0.108359,0.101135,0.120545,0.115667,0.101352,4.753326177090016
2025-06,META,0.1399250644084118,17.0,975.0,0.7001,0.0505,682.5975,63.0,45.64,0.109169,0.111722,0.117064,0.113711,0.109507,0.101919,0.1204,0.115556,0.100954,4.9653341869042436
2025-07,META,0.0487001645837994,14.0,1000.0,0.7391,0.0724,739.1,68.0,48.5,0.109169,0.111722,0.117064,0.113711,0.109507,0.101919,0.1204,0.115556,0.100954,5.237527833366831
2025-08,META,-0.0449162537028321,17.0,1000.0,0.7726,0.0291,772.5999999999999,84.0,87.57,0.109169,0.111722,0.117064,0.113711,0.109507,0.101919,0.1204,0.115556,0.100954,5.399788353760899
2025-09,META,-0.0058480253804235,23.0,1000.0,0.723,0.0498,723.0,89.0,86.07,0.108179,0.11143,0.117724,0.112406,0.109495,0.101682,0.120713,0.116817,0.101554,5.651702266462141
2025-10,META,-0.1165506251264694,13.0,1000.0,0.7265,0.0695,726.5,90.0,86.86,0.108179,0.11143,0.117724,0.112406,0.109495,0.101682,0.120713,0.116817,0.101554,5.848356001434167
2025-11,META,-0.0006168887195739,44.0,1000.0,0.7384,0.0331,738.4,100.0,91.29,0.108179,0.11143,0.117724,0.112406,0.109495,0.101682,0.120713,0.116817,0.101554,6.0577170809994785
2025-12,META,0.0187360449159335,15.0,1000.0,0.7749,0.0592,774.9,100.0,86.86,0.114148,0.116752,0.101432,0.124788,0.105573,0.108121,0.109555,0.109346,0.110286,6.259775804047271
2014-01,MSFT,0.0114943972943228,426.0,0.0,0.0,0.0,0.0,18.0,18.14,0.107536,0.111908,0.119227,0.114944,0.109129,0.102119,0.114793,0.114918,0.105425,0.23434343434343435
2014-02,MSFT,0.0124206677729397,117.0,0.0,0.0,0.0,0.0,18.0,18.14,0.107536,0.111908,0.119227,0.114944,0.109129,0.102119,0.114793,0.114918,0.105425,0.455534182365811
2014-03,MSFT,0.0779785440143856,66.0,0.0,0.0,0.0,0.0,15.0,17.14,0.107402,0.110053,0.119423,0.115391,0.108738,0.100714,0.115569,0.115283,0.107427,0.5665261530684933
2014-04,MSFT,-0.0143932890607677,127.0,0.0,0.0,0.0,0.0,17.0,17.21,0.107402,0.110053,0.119423,0.115391,0.108738,0.100714,0.115569,0.115283,0.107427,0.7670527156669604
2014-05,MSFT,0.013366022765612,190.0,0.0,0.0,0.0,0.0,13.0,16.86,0.107402,0.110053,0.119423,0.115391,0.108738,0.100714,0.115569,0.115283,0.107427,0.9487436228320159
2014-06,MSFT,0.0257492254496503,146.0,0.0,0.0,0.0,0.0,11.0,18.0,0.110694,0.113449,0.124479,0.121905,0.108799,0.095925,0.10682,0.110155,0.107774,1.0748379490936326
2014-07,MSFT,0.0350122805966572,137.0,0.0,0.0,0.0,0.0,18.0,19.29,0.110694,0.113449,0.124479,0.121905,0.108799,0.095925,0.10682,0.110155,0.107774,1.2506821432109112
2014-08,MSFT,0.0525947469340768,127.0,0.0,0.0,0.0,0.0,11.0,17.86,0.110694,0.113449,0.124479,0.121905,0.108799,0.095925,0.10682,0.110155,0.107774,1.402225878741249
2014-09,MSFT,0.0268448840727066,108.0,0.0,0.0,0.0,0.0,15.0,17.64,0.10776,0.112093,0.119629,0.115691,0.107843,0.101493,0.114801,0.115405,0.105285,1.5546360986324912
2014-10,MSFT,0.0127265343660629,130.0,0.0,0.0,0.0,0.0,16.0,18.14,0.10776,0.112093,0.119629,0.115691,0.107843,0.101493,0.114801,0.115405,0.105285,1.6986310790668921
2014-11,MSFT,0.0183174422128253,135.0,0.0,0.0,0.0,0.0,15.0,18.36,0.10776,0.112093,0.119629,0.115691,0.107843,0.101493,0.114801,0.115405,0.105285,1.8366275755873596
2014-12,MSFT,-0.0223183269643066,128.0,0.0,0.0,0.0,0.0,11.0,17.79,0.10776,0.112093,0.119629,0.115691,0.107843,0.101493,0.114801,0.115405,0.105285,1.9582369485844555
2015-01,MSFT,-0.1302473756603579,329.0,0.0,0.0,0.0,0.0,17.0,17.21,0.10776,0.112093,0.119629,0.115691,0.107843,0.101493,0.114801,0.115405,0.105285,2.084284610092825
2015-02,MSFT,0.0853958264844472,73.0,0.0,0.0,0.0,0.0,16.0,17.07,0.10776,0.112093,0.119629,0.115691,0.107843,0.101493,0.114801,0.115405,0.105285,2.202186424714629
2015-03,MSFT,-0.0661489138709181,77.0,0.0,0.0,0.0,0.0,13.0,17.0,0.10776,0.112093,0.119629,0.115691,0.107843,0.101493,0.114801,0.115405,0.105285,2.2649983478502604
2015-04,MSFT,0.1962615133322875,138.0,0.0,0.0,0.0,0.0,17.0,17.0,0.10776,0.112093,0.119629,0.115691,0.107843,0.101493,0.114801,0.115405,0.105285,2.375968996897574
2015-05,MSFT,-0.036595349820152,187.0,0.0,0.0,0.0,0.0,13.0,17.07,0.10776,0.112093,0.119629,0.115691,0.107843,0.101493,0.114801,0.115405,0.105285,2.4733853346689414
2015-06,MSFT,-0.0517087621970431,144.0,0.0,0.0,0.0,0.0,12.0,16.36,0.105305,0.118009,0.116313,0.119755,0.107232,0.09916,0.108134,0.112475,0.113617,2.5604472356988044
2015-07,MSFT,0.0577571365672455,101.0,3.0,0.9983,0.006,2.9949,17.0,16.71,0.105305,0.118009,0.116313,0.119755,0.107232,0.09916,0.108134,0.112475,0.113617,2.7543755873221967
2015-08,MSFT,-0.0680940938361071,140.0,4.0,0.9953,0.0236,3.9812,15.0,15.43,0.105305,0.118009,0.116313,0.119755,0.107232,0.09916,0.108134,0.112475,0.113617,3.0767015733067167
2015-09,MSFT,0.0237103452399036,81.0,1.0,0.997,0.0077,0.997,11.0,15.64,0.106692,0.111942,0.119934,0.115757,0.107884,0.102173,0.115524,0.115364,0.104731,3.264657922962351
2015-10,MSFT,0.1893357615565816,138.0,5.0,0.5982,0.0,2.9909999999999997,18.0,16.36,0.106692,0.111942,0.119934,0.115757,0.107884,0.102173,0.115524,0.115364,0.104731,3.367901315670351
2015-11,MSFT,0.0324849785586931,52.0,6.0,0.9985,0.0,5.9910000000000005,12.0,16.36,0.106692,0.111942,0.119934,0.115757,0.107884,0.102173,0.115524,0.115364,0.104731,3.408496802851497
2015-12,MSFT,0.0276716795501095,55.0,3.0,0.9957,0.0045,2.9871,10.0,16.36,0.106421,0.111972,0.120803,0.115336,0.107387,0.102061,0.11581,0.115386,0.104824,3.48562817105653
2016-01,MSFT,-0.007029778768727,289.0,2.0,0.9895,0.007,1.979,15.0,15.93,0.106421,0.111972,0.120803,0.115336,0.107387,0.102061,0.11581,0.115386,0.104824,3.563038111781757
2016-02,MSFT,-0.0764203895819272,56.0,3.0,0.9943,0.0,2.9829,12.0,16.14,0.106421,0.111972,0.120803,0.115336,0.107387,0.102061,0.11581,0.115386,0.104824,3.623485948766294
2016-03,MSFT,0.0932890006427114,84.0,5.0,0.9938,0.0,4.969,11.0,16.21,0.106421,0.111972,0.120803,0.115336,0.107387,0.102061,0.11581,0.115386,0.104824,3.7321979015674533
2016-04,MSFT,-0.0970488697856799,57.0,1.0,0.999,0.0034,0.999,17.0,16.21,0.106421,0.111972,0.120803,0.115336,0.107387,0.102061,0.11581,0.115386,0.104824,3.7740740671964974
2016-05,MSFT,0.062763509774149,124.0,1.0,0.999,0.0054,0.999,11.0,17.0,0.106421,0.111972,0.120803,0.115336,0.107387,0.102061,0.11581,0.115386,0.104824,3.8436276345609657
2016-06,MSFT,-0.0277758690981717,117.0,3.0,0.9957,0.0051,2.9871,15.0,16.14,0.10524,0.118634,0.115114,0.118258,0.106669,0.10009,0.108294,0.113934,0.113767,4.020294687652518
2016-07,MSFT,0.1076805802125313,84.0,1.0,0.998,0.0,0.998,16.0,15.21,0.10524,0.118634,0.115114,0.118258,0.106669,0.10009,0.108294,0.113934,0.113767,4.099837941521763
2016-08,MSFT,0.0137614434996242,64.0,1.0,0.996,0.0641,0.996,11.0,14.79,0.10524,0.118634,0.115114,0.118258,0.106669,0.10009,0.108294,0.113934,0.113767,4.3238509680575
2016-09,MSFT,0.0086842130698971,49.0,4.0,0.998,0.0,3.992,11.0,16.07,0.106126,0.116342,0.117771,0.11371,0.107172,0.101103,0.116403,0.116099,0.105275,4.345501918567061
2016-10,MSFT,0.0402780706763217,115.0,1.0,0.996,0.0,0.996,16.0,17.0,0.106126,0.116342,0.117771,0.11371,0.107172,0.101103,0.116403,0.116099,0.105275,4.359749628655805
2016-11,MSFT,0.0056739943532113,77.0,1.0,0.98,0.0,0.98,14.0,17.93,0.106126,0.116342,0.117771,0.11371,0.107172,0.101103,0.116403,0.116099,0.105275,4.335152263952804
2016-12,MSFT,0.0381645513761441,87.0,0.0,0.0,0.0,0.0,13.0,17.21,0.106615,0.116096,0.117556,0.113811,0.106706,0.101317,0.116427,0.11643,0.105042,4.302920517803745
2017-01,MSFT,0.0403928875142205,299.0,1.0,0.999,0.0,0.999,15.0,17.64,0.106615,0.116096,0.117556,0.113811,0.106706,0.101317,0.116427,0.11643,0.105042,4.325711939150738
2017-02,MSFT,-0.0103635383308925,72.0,0.0,0.0,0.0,0.0,14.0,18.14,0.106615,0.116096,0.117556,0.113811,0.106706,0.101317,0.116427,0.11643,0.105042,4.322722008900376
2017-03,MSFT,0.0356247528951128,80.0,1.0,0.994,0.0,0.994,13.0,19.21,0.106811,0.11701,0.117217,0.113754,0.106574,0.101247,0.116366,0.116373,0.104647,4.364001180600617
2017-04,MSFT,0.0394778457822426,96.0,1.0,0.996,0.0,0.996,15.0,19.07,0.106811,0.11701,0.117217,0.113754,0.106574,0.101247,0.116366,0.116373,0.104647,4.377011729537396
2017-05,MSFT,0.0201576835626622,129.0,0.0,0.0,0.0,0.0,16.0,19.36,0.106811,0.11701,0.117217,0.113754,0.106574,0.101247,0.116366,0.116373,0.104647,4.360433231581604
2017-06,MSFT,-0.0073724932113762,103.0,0.0,0.0,0.0,0.0,17.0,20.14,0.108649,0.118754,0.112876,0.116795,0.107992,0.097332,0.108102,0.114188,0.115312,4.345700919453503
2017-07,MSFT,0.0546927356531792,71.0,0.0,0.0,0.0,0.0,23.0,20.0,0.108649,0.118754,0.112876,0.116795,0.107992,0.097332,0.108102,0.114188,0.115312,4.344652611326521
2017-08,MSFT,0.0284739107013234,61.0,1.0,0.991,0.0089,0.991,15.0,19.0,0.108649,0.118754,0.112876,0.116795,0.107992,0.097332,0.108102,0.114188,0.115312,4.354120177456404
2017-09,MSFT,0.0015624687523101,45.0,1.0,0.997,0.0,0.997,13.0,19.79,0.109504,0.116947,0.116173,0.114662,0.106262,0.10043,0.114365,0.116101,0.105557,4.2691939026127335
2017-10,MSFT,0.1166600950242664,106.0,2.0,0.9975,0.0048,1.995,22.0,20.64,0.109504,0.116947,0.116173,0.114662,0.106262,0.10043,0.114365,0.116101,0.105557,4.347239353022851
2017-11,MSFT,0.0119019072605974,79.0,3.0,0.997,0.0,2.991,18.0,22.0,0.109504,0.116947,0.116173,0.114662,0.106262,0.10043,0.114365,0.116101,0.105557,4.399707376312514
2017-12,MSFT,0.02138048610461,72.0,0.0,0.0,0.0,0.0,19.0,20.64,0.109151,0.115975,0.116455,0.115113,0.106297,0.099898,0.115383,0.116097,0.105631,4.350846156731745
2018-01,MSFT,0.110708650717999,281.0,0.0,0.0,0.0,0.0,29.0,21.21,0.109151,0.115975,0.116455,0.115113,0.106297,0.099898,0.115383,0.116097,0.105631,4.367178241558436
2018-02,MSFT,-0.0130513548318444,82.0,2.0,0.997,0.0028,1.994,32.0,21.64,0.109151,0.115975,0.116455,0.115113,0.106297,0.099898,0.115383,0.116097,0.105631,4.426256690695238
2018-03,MSFT,-0.0220890593605233,56.0,3.0,0.9937,0.0092,2.9811,27.0,21.07,0.109675,0.116289,0.115495,0.115614,0.106499,0.099291,0.115236,0.115761,0.106142,4.509690806139539
2018-04,MSFT,0.0246524498267179,130.0,2.0,0.9945,0.0096,1.989,31.0,21.0,0.109675,0.116289,0.115495,0.115614,0.106499,0.099291,0.115236,0.115761,0.106142,4.596002594047852
2018-05,MSFT,0.0568860940187534,77.0,2.0,0.998,0.0045,1.996,26.0,20.5,0.109675,0.116289,0.115495,0.115614,0.106499,0.099291,0.115236,0.115761,0.106142,4.591450147120921
2018-06,MSFT,0.0019972549988516,104.0,1.0,0.995,0.0,0.995,30.0,19.71,0.110004,0.117372,0.114711,0.121204,0.106662,0.098238,0.104284,0.114749,0.112776,4.641621216560596
2018-07,MSFT,0.0757527648476554,79.0,0.0,0.0,0.0,0.0,37.0,19.5,0.110004,0.117372,0.114711,0.121204,0.106662,0.098238,0.104284,0.114749,0.112776,4.847572824285378
2018-08,MSFT,0.058917980870162,61.0,1.0,0.999,0.0,0.999,31.0,19.29,0.110004,0.117372,0.114711,0.121204,0.106662,0.098238,0.104284,0.114749,0.112776,4.938127851768545
2018-09,MSFT,0.0220790665617829,49.0,3.0,0.8973,0.0,2.6919,28.0,20.29,0.108128,0.113603,0.118325,0.114396,0.107765,0.100873,0.115947,0.115408,0.105555,5.014124734624948
2018-10,MSFT,-0.0661010233410404,103.0,1.0,0.995,0.0,0.995,43.0,21.07,0.108128,0.113603,0.118325,0.114396,0.107765,0.100873,0.115947,0.115408,0.105555,5.0175805330522945
2018-11,MSFT,0.0381983898040287,53.0,0.0,0.0,0.0,0.0,32.0,21.29,0.108128,0.113603,0.118325,0.114396,0.107765,0.100873,0.115947,0.115408,0.105555,4.970042130023875
2018-12,MSFT,-0.0800902597688583,67.0,1.0,0.997,0.0119,0.997,32.0,20.07,0.108147,0.113326,0.118476,0.114493,0.107972,0.100953,0.116106,0.115122,0.105404,5.009731859396258
2019-01,MSFT,0.0281578907559807,280.0,1.0,0.962,0.0,0.962,35.0,20.43,0.108147,0.113326,0.118476,0.114493,0.107972,0.100953,0.116106,0.115122,0.105404,5.0305748788034315
2019-02,MSFT,0.0727760674800184,44.0,3.0,0.997,0.0,2.991,28.0,21.64,0.108147,0.113326,0.118476,0.114493,0.107972,0.100953,0.116106,0.115122,0.105404,5.023946258675449
2019-03,MSFT,0.0572498894238417,57.0,1.0,0.997,0.0,0.997,28.0,21.64,0.108036,0.113303,0.118556,0.114367,0.107935,0.100927,0.116009,0.115446,0.105422,4.984381898532849
2019-04,MSFT,0.1073426598035371,122.0,2.0,0.9975,0.0,1.995,39.0,21.14,0.108036,0.113303,0.118556,0.114367,0.107935,0.100927,0.116009,0.115446,0.105422,5.032227280567342
2019-05,MSFT,-0.0529863855581371,103.0,0.0,0.0,0.0,0.0,33.0,20.86,0.108036,0.113303,0.118556,0.114367,0.107935,0.100927,0.116009,0.115446,0.105422,5.021393452215165
2019-06,MSFT,0.0871270951327043,137.0,1.0,0.992,0.0,0.992,32.0,20.64,0.111169,0.117616,0.112479,0.12347,0.10576,0.097951,0.104216,0.114311,0.113028,5.117351814553561
2019-07,MSFT,0.0172442928780724,97.0,0.0,0.0,0.0,0.0,39.0,20.71,0.111169,0.117616,0.112479,0.12347,0.10576,0.097951,0.104216,0.114311,0.113028,5.123287611643666
2019-08,MSFT,0.011667828292883,53.0,0.0,0.0,0.0,0.0,34.0,20.36,0.111169,0.117616,0.112479,0.12347,0.10576,0.097951,0.104216,0.114311,0.113028,5.109157294629787
2019-09,MSFT,0.0118448523019294,107.0,0.0,0.0,0.0,0.0,33.0,21.43,0.107966,0.115302,0.117989,0.114097,0.107563,0.101069,0.115881,0.114998,0.105135,5.102957885406907
2019-10,MSFT,0.031216091515215,88.0,0.0,0.0,0.0,0.0,44.0,21.79,0.107966,0.115302,0.117989,0.114097,0.107563,0.101069,0.115881,0.114998,0.105135,5.113260619963564
2019-11,MSFT,0.0558697287989427,93.0,0.0,0.0,0.0,0.0,36.0,22.43,0.107966,0.115302,0.117989,0.114097,0.107563,0.101069,0.115881,0.114998,0.105135,5.108326635281761
2019-12,MSFT,0.0452938344047242,82.0,0.0,0.0,0.0,0.0,33.0,20.93,0.107994,0.115207,0.117964,0.114119,0.107571,0.10112,0.115984,0.114964,0.105076,5.079259841425733
2020-01,MSFT,0.0794548466906972,331.0,0.0,0.0,0.0,0.0,51.0,25.93,0.107994,0.115207,0.117964,0.114119,0.107571,0.10112,0.115984,0.114964,0.105076,5.124738447312997
2020-02,MSFT,-0.0482877614793052,60.0,0.0,0.0,0.0,0.0,81.0,25.07,0.107994,0.115207,0.117964,0.114119,0.107571,0.10112,0.115984,0.114964,0.105076,5.203525661540644
2020-03,MSFT,-0.0238824308294559,66.0,2.0,0.993,0.0,1.986,100.0,20.14,0.10791,0.114181,0.117788,0.114804,0.108444,0.100464,0.1158,0.11528,0.105329,5.400068805986862
2020-04,MSFT,0.1363260335626619,137.0,12.0,0.6234,0.0,7.4807999999999995,80.0,20.79,0.10791,0.114181,0.117788,0.114804,0.108444,0.100464,0.1158,0.11528,0.105329,5.621669332923255
2020-05,MSFT,0.022543435707695,70.0,5.0,0.9962,0.0182,4.981,59.0,22.21,0.10791,0.114181,0.117788,0.114804,0.108444,0.100464,0.1158,0.11528,0.105329,5.689466709550032
2020-06,MSFT,0.1136520844325372,104.0,12.0,0.7232,0.0,8.6784,64.0,21.93,0.11214,0.11386,0.119148,0.120133,0.106421,0.097965,0.103516,0.114221,0.112597,5.7911954292921575
2020-07,MSFT,0.007370749958715,120.0,2.0,0.835,0.0,1.67,86.0,21.71,0.11214,0.11386,0.119148,0.120133,0.106421,0.097965,0.103516,0.114221,0.112597,5.847379474171085
2020-08,MSFT,0.1000927719674729,77.0,31.0,0.9407,0.0,29.1617,80.0,20.71,0.11214,0.11386,0.119148,0.120133,0.106421,0.097965,0.103516,0.114221,0.112597,6.077245636439583
2020-09,MSFT,-0.0651423722883358,67.0,27.0,0.8393,0.0,22.6611,79.0,22.07,0.109175,0.113788,0.116849,0.115222,0.107255,0.101772,0.114627,0.11448,0.106832,6.187761945428664
2020-10,MSFT,-0.0373701450482404,138.0,28.0,0.7647,0.0,21.4116,57.0,20.5,0.109175,0.113788,0.116849,0.115222,0.107255,0.101772,0.114627,0.11448,0.106832,6.305568987389161
2020-11,MSFT,0.0572927383389232,108.0,33.0,0.8807,0.0,29.063100000000002,46.0,19.36,0.109175,0.113788,0.116849,0.115222,0.107255,0.101772,0.114627,0.11448,0.106832,6.378032680233603
2020-12,MSFT,0.0417260876731568,74.0,46.0,0.8277,0.0059,38.0742,42.0,19.07,0.109313,0.114079,0.116646,0.115495,0.107302,0.101746,0.114379,0.114298,0.106742,6.469177443767329
2021-01,MSFT,0.0428918997318217,339.0,57.0,0.7619,0.0,43.4283,52.0,18.93,0.109313,0.114079,0.116646,0.115495,0.107302,0.101746,0.114379,0.114298,0.106742,6.558074600864513
2021-02,MSFT,0.0018104987903897,60.0,113.0,0.7523,0.0,85.0099,46.0,20.0,0.109313,0.114079,0.116646,0.115495,0.107302,0.101746,0.114379,0.114298,0.106742,6.544199351332231
2021-03,MSFT,0.0169251327710528,77.0,364.0,0.5245,0.0,190.91799999999998,43.0,19.79,0.109313,0.114079,0.116646,0.115495,0.107302,0.101746,0.114379,0.114298,0.106742,6.532468501095133
2021-04,MSFT,0.0696016379252317,91.0,528.0,0.5202,0.0122,274.6656,54.0,19.36,0.109313,0.114079,0.116646,0.115495,0.107302,0.101746,0.114379,0.114298,0.106742,6.620509166561089
2021-05,MSFT,-0.0099134755051151,158.0,390.0,0.6223,0.0,242.69699999999997,38.0,19.64,0.109313,0.114079,0.116646,0.115495,0.107302,0.101746,0.114379,0.114298,0.106742,6.630250860589269
2021-06,MSFT,0.0874940180120094,137.0,611.0,0.6169,0.0,376.9259,39.0,20.21,0.110385,0.113018,0.119714,0.122278,0.107887,0.095813,0.104445,0.114328,0.112131,6.656349418279899
2021-07,MSFT,0.051716677973598,98.0,503.0,0.5014,0.0045,252.2042,51.0,19.43,0.110385,0.113018,0.119714,0.122278,0.107887,0.095813,0.104445,0.114328,0.112131,6.747987142433433
2021-08,MSFT,0.0595626339434522,116.0,320.0,0.6017,0.0,192.544,42.0,18.29,0.110385,0.113018,0.119714,0.122278,0.107887,0.095813,0.104445,0.114328,0.112131,6.765199848624691
2021-09,MSFT,-0.064331126103466,81.0,383.0,0.542,0.0065,207.586,39.0,19.5,0.109461,0.114215,0.116609,0.115609,0.107145,0.101957,0.114598,0.114424,0.105983,6.7959647729067925
2021-10,MSFT,0.1762907180947954,131.0,576.0,0.5795,0.0,333.79200000000003,48.0,19.64,0.109461,0.114215,0.116609,0.115609,0.107145,0.101957,0.114598,0.114424,0.105983,6.865357639162697
2021-11,MSFT,-0.0031057686063434,80.0,441.0,0.6329,0.0064,279.1089,48.0,20.79,0.109461,0.114215,0.116609,0.115609,0.107145,0.101957,0.114598,0.114424,0.105983,6.882133180504831
2021-12,MSFT,0.0191940730970772,101.0,559.0,0.5781,0.0,323.1579,52.0,19.29,0.109461,0.114215,0.116609,0.115609,0.107145,0.101957,0.114598,0.114424,0.105983,6.956520703201411
2022-01,MSFT,-0.0753452462961976,236.0,912.0,0.5761,0.0,525.4032,78.0,24.86,0.109461,0.114215,0.116609,0.115609,0.107145,0.101957,0.114598,0.114424,0.105983,7.137407909893386
2022-02,MSFT,-0.0391985647428624,45.0,463.0,0.5703,0.0,264.0489,56.0,26.0,0.109461,0.114215,0.116609,0.115609,0.107145,0.101957,0.114598,0.114424,0.105983,7.1180981902956315
2022-03,MSFT,0.033995574805997,59.0,436.0,0.5017,0.0,218.74120000000002,48.0,27.36,0.109461,0.114215,0.116609,0.115609,0.107145,0.101957,0.114598,0.114424,0.105983,7.12663302469701
2022-04,MSFT,-0.099867207033832,101.0,508.0,0.4686,0.0,238.0488,54.0,26.71,0.109461,0.114215,0.116609,0.115609,0.107145,0.101957,0.114598,0.114424,0.105983,7.150872896269365
2022-05,MSFT,-0.0203586524869857,54.0,416.0,0.4839,0.0,201.3024,50.0,25.5,0.109461,0.114215,0.116609,0.115609,0.107145,0.101957,0.114598,0.114424,0.105983,7.054029605295746
2022-06,MSFT,-0.0531204579068131,102.0,502.0,0.4782,0.0,240.0564,43.0,25.64,0.110518,0.113962,0.120188,0.11953,0.106972,0.095962,0.106244,0.114822,0.111803,7.040447890080839
2022-07,MSFT,0.0930969144651494,74.0,615.0,0.4283,0.0,263.4045,44.0,23.43,0.110518,0.113962,0.120188,0.11953,0.106972,0.095962,0.106244,0.114822,0.111803,7.068292638263715
2022-08,MSFT,-0.0686401500645299,85.0,363.0,0.5999,0.0,217.7637,38.0,22.79,0.110518,0.113962,0.120188,0.11953,0.106972,0.095962,0.106244,0.114822,0.111803,7.061788935500733
2022-09,MSFT,-0.1073761924726333,67.0,402.0,0.5882,0.0,236.45639999999997,35.0,24.5,0.108013,0.11305,0.118036,0.115129,0.108285,0.10107,0.115943,0.115065,0.105409,7.04846147979719
2022-10,MSFT,-0.003306209848952,97.0,567.0,0.4938,0.0,279.9846,49.0,24.57,0.108013,0.11305,0.118036,0.115129,0.108285,0.10107,0.115943,0.115065,0.105409,7.106743382637755
2022-11,MSFT,0.099125654750964,88.0,383.0,0.564,0.0,216.01199999999997,36.0,25.79,0.108013,0.11305,0.118036,0.115129,0.108285,0.10107,0.115943,0.115065,0.105409,7.083890381538801
2022-12,MSFT,-0.0573967450989346,44.0,502.0,0.4507,0.0057,226.2514,33.0,25.86,0.108019,0.112987,0.11806,0.115188,0.108304,0.101171,0.116044,0.114974,0.105253,7.0068088972668106
2023-01,MSFT,0.0333167982238458,230.0,719.0,0.408,0.0335,293.352,54.0,27.43,0.108019,0.112987,0.11806,0.115188,0.108304,0.101171,0.116044,0.114974,0.105253,7.244630215288084
2023-02,MSFT,0.0064968818581585,29.0,731.0,0.5122,0.0501,374.4182,52.0,31.0,0.108019,0.112987,0.11806,0.115188,0.108304,0.101171,0.116044,0.114974,0.105253,7.441347250968148
2023-03,MSFT,0.1587768013247661,60.0,682.0,0.5401,0.0543,368.3482,44.0,30.57,0.108174,0.113807,0.117592,0.11459,0.107549,0.101389,0.115931,0.115558,0.10541,7.681755305255312
2023-04,MSFT,0.0657649927951189,106.0,710.0,0.4992,0.0494,354.43199999999996,55.0,30.14,0.108174,0.113807,0.117592,0.11459,0.107549,0.101389,0.115931,0.115558,0.10541,7.928241749275885
2023-05,MSFT,0.0687692061798146,108.0,522.0,0.6437,0.0437,336.01140000000004,51.0,31.29,0.108174,0.113807,0.117592,0.11459,0.107549,0.101389,0.115931,0.115558,0.10541,8.126291417364884
2023-06,MSFT,0.0392654998260517,87.0,671.0,0.5191,0.0409,348.3161,50.0,32.64,0.112981,0.123834,0.111421,0.120956,0.103781,0.092947,0.10451,0.114954,0.114616,8.140741152852737
2023-07,MSFT,-0.0135667585946298,74.0,962.0,0.5302,0.0263,510.0524,63.0,30.57,0.112981,0.123834,0.111421,0.120956,0.103781,0.092947,0.10451,0.114954,0.114616,8.271741815649293
2023-08,MSFT,-0.0242913003608107,71.0,513.0,0.7012,0.032,359.7156,45.0,29.57,0.112981,0.123834,0.111421,0.120956,0.103781,0.092947,0.10451,0.114954,0.114616,8.29505727886094
2023-09,MSFT,-0.034603399719017,71.0,635.0,0.6372,0.0375,404.622,36.0,30.57,0.108769,0.115551,0.115785,0.115066,0.107276,0.100593,0.115521,0.115074,0.106365,8.318158952011487
2023-10,MSFT,0.070815860773044,78.0,859.0,0.5747,0.0272,493.6673,50.0,31.0,0.108769,0.115551,0.115785,0.115066,0.107276,0.100593,0.115521,0.115074,0.106365,8.375838938184247
2023-11,MSFT,0.12067069831226,94.0,950.0,0.6081,0.028,577.6949999999999,66.0,31.86,0.108769,0.115551,0.115785,0.115066,0.107276,0.100593,0.115521,0.115074,0.106365,8.54876574041342
2023-12,MSFT,-0.0055601537393303,51.0,670.0,0.6484,0.0415,434.428,46.0,30.79,0.108783,0.115456,0.115913,0.115059,0.107271,0.100669,0.11561,0.11503,0.10621,8.516896117604489
2024-01,MSFT,0.0572812327231748,171.0,874.0,0.664,0.0508,580.336,69.0,32.79,0.108783,0.115456,0.115913,0.115059,0.107271,0.100669,0.11561,0.11503,0.10621,8.641273722046297
2024-02,MSFT,0.040394369452374,42.0,693.0,0.7807,0.0385,541.0251,65.0,36.07,0.108783,0.115456,0.115913,0.115059,0.107271,0.100669,0.11561,0.11503,0.10621,8.656465690475473
2024-03,MSFT,0.0189970867466258,55.0,470.0,0.6853,0.0487,322.091,54.0,35.86,0.108583,0.115387,0.115943,0.114827,0.10723,0.100626,0.115601,0.115502,0.1063,8.648641755808965
2024-04,MSFT,-0.0746100734944984,67.0,537.0,0.6762,0.0556,363.1194,60.0,35.29,0.108583,0.115387,0.115943,0.114827,0.10723,0.100626,0.115601,0.115502,0.1063,8.751174626750087
2024-05,MSFT,0.0662676444525518,122.0,575.0,0.7706,0.057,443.09499999999997,53.0,36.21,0.108583,0.115387,0.115943,0.114827,0.10723,0.100626,0.115601,0.115502,0.1063,8.845845832764466
2024-06,MSFT,0.0785926438575754,95.0,610.0,0.7348,0.0715,448.228,56.0,34.0,0.114542,0.12029,0.111511,0.121193,0.104895,0.093353,0.103051,0.115707,0.115458,8.923228506664849
2024-07,MSFT,-0.0639892746722364,69.0,605.0,0.6264,0.0624,378.972,84.0,32.57,0.114542,0.12029,0.111511,0.121193,0.104895,0.093353,0.103051,0.115707,0.115458,9.031295586234542
2024-08,MSFT,-0.0028922892839351,58.0,443.0,0.6814,0.0524,301.8602,64.0,33.07,0.114542,0.12029,0.111511,0.121193,0.104895,0.093353,0.103051,0.115707,0.115458,8.998684131572519
2024-09,MSFT,0.0334073382133746,48.0,373.0,0.7126,0.0591,265.7998,47.0,35.36,0.109705,0.117671,0.114408,0.115477,0.107131,0.098332,0.115801,0.115289,0.106186,8.997889259476164
2024-10,MSFT,-0.0556587098873032,90.0,318.0,0.7764,0.0546,246.8952,61.0,36.21,0.109705,0.117671,0.114408,0.115477,0.107131,0.098332,0.115801,0.115289,0.106186,9.002610550627281
2024-11,MSFT,0.0421064652442366,89.0,57.0,0.3553,0.0394,20.2521,55.0,38.36,0.109705,0.117671,0.114408,0.115477,0.107131,0.098332,0.115801,0.115289,0.106186,8.926361613370098
2024-12,MSFT,-0.002636140630622,78.0,42.0,0.4425,0.0173,18.585,50.0,37.14,0.109399,0.117281,0.114607,0.115507,0.107801,0.097716,0.115672,0.115327,0.10669,8.771685622567189
2025-01,MSFT,-0.0152787241556597,179.0,323.0,0.7163,0.0845,231.3649,71.0,38.79,0.109399,0.117281,0.114607,0.115507,0.107801,0.097716,0.115672,0.115327,0.10669,8.917758945348607
2025-02,MSFT,-0.0435359269910364,76.0,472.0,0.6841,0.0658,322.89520000000005,59.0,41.43,0.109399,0.117281,0.114607,0.115507,0.107801,0.097716,0.115672,0.115327,0.10669,9.033632195072762
2025-03,MSFT,-0.052513361247237,69.0,438.0,0.7355,0.0682,322.149,54.0,39.86,0.109431,0.117352,0.11455,0.115477,0.107756,0.097606,0.115652,0.115511,0.106666,9.065583958097132
2025-04,MSFT,0.0529316619324873,123.0,542.0,0.644,0.0566,349.048,67.0,40.07,0.109431,0.117352,0.11455,0.115477,0.107756,0.097606,0.115652,0.115511,0.106666,9.212110886026256
2025-05,MSFT,0.164701634475771,84.0,724.0,0.7254,0.0561,525.1896,64.0,40.21,0.109431,0.117352,0.11455,0.115477,0.107756,0.097606,0.115652,0.115511,0.106666,9.332335722933546
2025-06,MSFT,0.0824641554292089,100.0,1000.0,0.7742,0.0663,774.2,59.0,45.64,0.115332,0.125688,0.1095,0.121861,0.107696,0.091248,0.104756,0.112633,0.111286,9.513514062529074
2025-07,MSFT,0.0725558384930078,67.0,1000.0,0.7993,0.0576,799.3,74.0,48.5,0.115332,0.125688,0.1095,0.121861,0.107696,0.091248,0.104756,0.112633,0.111286,9.638660569778493
2025-08,MSFT,-0.0502530326345875,67.0,1000.0,0.7576,0.0358,757.6,91.0,87.57,0.115332,0.125688,0.1095,0.121861,0.107696,0.091248,0.104756,0.112633,0.111286,9.694068508021791
2025-09,MSFT,0.0239030840004008,45.0,1000.0,0.8408,0.0443,840.8,77.0,86.07,0.109272,0.118001,0.114537,0.115517,0.106671,0.098106,0.11576,0.115366,0.106771,9.737388154012123
2025-10,MSFT,-0.0002703837710099,100.0,1000.0,0.8044,0.0708,804.4,87.0,86.86,0.109272,0.118001,0.114537,0.115517,0.106671,0.098106,0.11576,0.115366,0.106771,9.855109001712302
2025-11,MSFT,-0.0498251439931464,86.0,1000.0,0.8203,0.0632,820.3000000000001,70.0,91.29,0.109272,0.118001,0.114537,0.115517,0.106671,0.098106,0.11576,0.115366,0.106771,9.981815515530576
2025-12,MSFT,-0.0152128066409972,91.0,1000.0,0.8078,0.0648,807.8,59.0,86.86,0.109329,0.117903,0.114615,0.11551,0.106633,0.098186,0.115804,0.115344,0.106676,10.016608656594352
2014-01,MU,0.0593102091470381,22.0,0.0,0.0,0.0,0.0,50.0,18.14,0.126248,0.10376,0.112958,0.116432,0.110143,0.094833,0.11504,0.114486,0.106101,0.10931853748755158
2014-02,MU,0.0499132761580141,7.0,0.0,0.0,0.0,0.0,49.0,18.14,0.126248,0.10376,0.112958,0.116432,0.110143,0.094833,0.11504,0.114486,0.106101,0.21211846836993964
2014-03,MU,-0.0219098292148195,4.0,0.0,0.0,0.0,0.0,49.0,17.14,0.125807,0.104134,0.113595,0.115751,0.109909,0.094461,0.114265,0.114818,0.10726,0.309890592894609
2014-04,MU,0.103972929305186,9.0,0.0,0.0,0.0,0.0,48.0,17.21,0.125807,0.104134,0.113595,0.115751,0.109909,0.094461,0.114265,0.114818,0.10726,0.40162049367087327
2014-05,MU,0.0945634373706572,12.0,0.0,0.0,0.0,0.0,49.0,16.86,0.125807,0.104134,0.113595,0.115751,0.109909,0.094461,0.114265,0.114818,0.10726,0.4906799185347948
2014-06,MU,0.1525010358121845,24.0,0.0,0.0,0.0,0.0,47.0,18.0,0.125582,0.103646,0.111188,0.116057,0.110565,0.09705,0.113196,0.116095,0.106621,0.5880108479824805
2014-07,MU,-0.0728377285161709,4.0,0.0,0.0,0.0,0.0,51.0,19.29,0.125582,0.103646,0.111188,0.116057,0.110565,0.09705,0.113196,0.116095,0.106621,0.6672307297706419
2014-08,MU,0.0671031554416559,5.0,0.0,0.0,0.0,0.0,59.0,17.86,0.125582,0.103646,0.111188,0.116057,0.110565,0.09705,0.113196,0.116095,0.106621,0.7637429187321401
2014-09,MU,0.0509201799248599,12.0,0.0,0.0,0.0,0.0,53.0,17.64,0.126166,0.103421,0.115412,0.11896,0.114717,0.094055,0.113909,0.107569,0.105791,0.858655100261587
2014-10,MU,-0.0341504030205822,4.0,0.0,0.0,0.0,0.0,53.0,18.14,0.126166,0.103421,0.115412,0.11896,0.114717,0.094055,0.113909,0.107569,0.105791,0.9249496720772155
2014-11,MU,0.0864304745910125,10.0,0.0,0.0,0.0,0.0,52.0,18.36,0.126166,0.103421,0.115412,0.11896,0.114717,0.094055,0.113909,0.107569,0.105791,1.0092796222404257
2014-12,MU,-0.0261470264043383,8.0,0.0,0.0,0.0,0.0,55.0,17.79,0.122071,0.10623,0.11287,0.116082,0.110612,0.095103,0.116858,0.113641,0.106533,1.0984664430791544
2015-01,MU,-0.1639532393378645,31.0,0.0,0.0,0.0,0.0,53.0,17.21,0.122071,0.10623,0.11287,0.116082,0.110612,0.095103,0.116858,0.113641,0.106533,1.172513176351943
2015-02,MU,0.0478304125099304,2.0,0.0,0.0,0.0,0.0,50.0,17.07,0.122071,0.10623,0.11287,0.116082,0.110612,0.095103,0.116858,0.113641,0.106533,1.226138008866307
2015-03,MU,-0.1154222417655516,13.0,0.0,0.0,0.0,0.0,53.0,17.0,0.120371,0.106198,0.112561,0.115674,0.109829,0.096171,0.1178,0.11522,0.106176,1.3106800509091665
2015-04,MU,0.0368595412234882,12.0,0.0,0.0,0.0,0.0,57.0,17.0,0.120371,0.106198,0.112561,0.115674,0.109829,0.096171,0.1178,0.11522,0.106176,1.387841869878656
2015-05,MU,-0.0071096897540627,15.0,0.0,0.0,0.0,0.0,55.0,17.07,0.120371,0.106198,0.112561,0.115674,0.109829,0.096171,0.1178,0.11522,0.106176,1.4644526102527944
2015-06,MU,-0.3254564686055778,11.0,0.0,0.0,0.0,0.0,53.0,16.36,0.120846,0.106155,0.1157,0.115257,0.111375,0.093683,0.115739,0.113539,0.107706,1.5198899199115166
2015-07,MU,-0.0175160928278906,5.0,2.0,0.9855,0.0,1.971,61.0,16.71,0.120846,0.106155,0.1157,0.115257,0.111375,0.093683,0.115739,0.113539,0.107706,1.6271154975934843
2015-08,MU,-0.1134519975872562,7.0,2.0,0.936,0.0,1.872,56.0,15.43,0.120846,0.106155,0.1157,0.115257,0.111375,0.093683,0.115739,0.113539,0.107706,1.7337832941220255
2015-09,MU,-0.0871422290851726,9.0,0.0,0.0,0.0,0.0,59.0,15.64,0.126443,0.104957,0.114642,0.117871,0.113926,0.09377,0.112551,0.109559,0.106282,1.7917580679239578
2015-10,MU,0.1054739042811228,4.0,6.0,0.9905,0.0,5.9430000000000005,55.0,16.36,0.126443,0.104957,0.114642,0.117871,0.113926,0.09377,0.112551,0.109559,0.106282,1.9200071779162926
2015-11,MU,-0.0380432767264952,6.0,2.0,0.996,0.0,1.992,55.0,16.36,0.126443,0.104957,0.114642,0.117871,0.113926,0.09377,0.112551,0.109559,0.106282,1.9609717797852124
2015-12,MU,-0.1111111042907202,8.0,5.0,0.995,0.0,4.975,56.0,16.36,0.120701,0.104806,0.113677,0.11457,0.11022,0.097587,0.116275,0.115489,0.106675,2.167629619140614
2016-01,MU,-0.2210453006908063,33.0,5.0,0.9886,0.0047,4.9430000000000005,57.0,15.93,0.120701,0.104806,0.113677,0.11457,0.11022,0.097587,0.116275,0.115489,0.106675,2.26611498866686
2016-02,MU,-0.0362646386705495,2.0,1.0,0.877,0.0,0.877,56.0,16.14,0.120701,0.104806,0.113677,0.11457,0.11022,0.097587,0.116275,0.115489,0.106675,2.2916533592291244
2016-03,MU,-0.0150515527456085,10.0,3.0,0.9747,0.0,2.9241,55.0,16.21,0.119136,0.105071,0.114462,0.115485,0.109673,0.098718,0.114739,0.115687,0.10703,2.3712862363185065
2016-04,MU,0.0267429238104426,15.0,11.0,0.9554,0.0043,10.5094,53.0,16.21,0.119136,0.105071,0.114462,0.115485,0.109673,0.098718,0.114739,0.115687,0.10703,2.6273428340093545
2016-05,MU,0.1832558414535696,9.0,6.0,0.6257,0.0,3.7542,56.0,17.0,0.119136,0.105071,0.114462,0.115485,0.109673,0.098718,0.114739,0.115687,0.10703,2.7560795919440615
2016-06,MU,0.0817608273997367,6.0,7.0,0.5799,0.0,4.0592999999999995,58.0,16.14,0.121541,0.104598,0.110231,0.116774,0.110904,0.098644,0.11524,0.114741,0.107327,2.8998979627715524
2016-07,MU,-0.0014535414634534,3.0,6.0,0.4828,0.0,2.8968,60.0,15.21,0.121541,0.104598,0.110231,0.116774,0.110904,0.098644,0.11524,0.114741,0.107327,2.9934698064151064
2016-08,MU,0.2001459785029005,6.0,5.0,0.5672,0.0,2.8360000000000003,64.0,14.79,0.121541,0.104598,0.110231,0.116774,0.110904,0.098644,0.11524,0.114741,0.107327,3.097582862439678
2016-09,MU,0.0782289213667786,10.0,8.0,0.9637,0.0,7.7096,62.0,16.07,0.13163,0.102232,0.110045,0.11871,0.113605,0.091955,0.112752,0.109541,0.10953,3.2674358691669583
2016-10,MU,-0.0348703746621421,12.0,1.0,0.997,0.0,0.997,63.0,17.0,0.13163,0.102232,0.110045,0.11871,0.113605,0.091955,0.112752,0.109541,0.10953,3.283595496874706
2016-11,MU,0.1381118219630455,8.0,4.0,0.9255,0.0078,3.702,55.0,17.93,0.13163,0.102232,0.110045,0.11871,0.113605,0.091955,0.112752,0.109541,0.10953,3.3681151367293776
2016-12,MU,0.1223757180209732,9.0,10.0,0.6958,0.0,6.958,56.0,17.21,0.126601,0.103966,0.10774,0.119189,0.110198,0.099059,0.114467,0.112323,0.106456,3.5254718453972367
2017-01,MU,0.0999086933495496,29.0,4.0,0.9145,0.0,3.658,56.0,17.64,0.126601,0.103966,0.10774,0.119189,0.110198,0.099059,0.114467,0.112323,0.106456,3.569973258558209
2017-02,MU,-0.0277892172246733,7.0,5.0,0.947,0.0,4.734999999999999,53.0,18.14,0.126601,0.103966,0.10774,0.119189,0.110198,0.099059,0.114467,0.112323,0.106456,3.5513104187370743
2017-03,MU,0.2329351168501423,10.0,5.0,0.9972,0.0,4.986,55.0,19.21,0.12452,0.10362,0.109884,0.117165,0.111191,0.098968,0.115106,0.114938,0.104609,3.630874504191954
2017-04,MU,-0.0425605128669799,5.0,4.0,0.9895,0.0,3.958,63.0,19.07,0.12452,0.10362,0.109884,0.117165,0.111191,0.098968,0.115106,0.114938,0.104609,3.7013638598806233
2017-05,MU,0.1120347399802381,9.0,4.0,0.9413,0.0072,3.7652,59.0,19.36,0.12452,0.10362,0.109884,0.117165,0.111191,0.098968,0.115106,0.114938,0.104609,3.7193022641858957
2017-06,MU,-0.0295743497320523,11.0,4.0,0.9798,0.0,3.9192,51.0,20.14,0.121738,0.105712,0.110878,0.115635,0.109252,0.096949,0.116057,0.116694,0.107086,3.714437772393969
2017-07,MU,-0.0582720273402078,6.0,2.0,0.932,0.0,1.864,55.0,20.0,0.121738,0.105712,0.110878,0.115635,0.109252,0.096949,0.116057,0.116694,0.107086,3.6888635679735358
2017-08,MU,0.1369132554080057,10.0,5.0,0.9712,0.0,4.856,57.0,19.0,0.121738,0.105712,0.110878,0.115635,0.109252,0.096949,0.116057,0.116694,0.107086,3.7744847219687285
2017-09,MU,0.2302158471421178,2.0,2.0,0.9985,0.0,1.997,56.0,19.79,0.126773,0.105151,0.11204,0.119747,0.113738,0.091259,0.112277,0.111128,0.107887,3.7396430518523034
2017-10,MU,0.1266208939317861,7.0,5.0,0.985,0.0062,4.925,54.0,20.64,0.126773,0.105151,0.11204,0.119747,0.113738,0.091259,0.112277,0.111128,0.107887,3.7925476899591586
2017-11,MU,-0.0433312448040551,7.0,7.0,0.9613,0.0115,6.729100000000001,54.0,22.0,0.126773,0.105151,0.11204,0.119747,0.113738,0.091259,0.112277,0.111128,0.107887,3.8599956340862
2017-12,MU,-0.0299597717811196,10.0,2.0,0.943,0.0,1.886,61.0,20.64,0.124902,0.105357,0.111009,0.117768,0.109578,0.098502,0.111137,0.115469,0.106278,3.8912980581710426
2018-01,MU,0.0632297888741642,71.0,5.0,0.9818,0.0058,4.909,54.0,21.21,0.124902,0.105357,0.111009,0.117768,0.109578,0.098502,0.111137,0.115469,0.106278,3.9544035236500727
2018-02,MU,0.1164225572244033,10.0,5.0,0.9322,0.0077,4.6610000000000005,54.0,21.64,0.124902,0.105357,0.111009,0.117768,0.109578,0.098502,0.111137,0.115469,0.106278,3.951573283028041
2018-03,MU,0.0682237466626043,13.0,3.0,0.969,0.0,2.907,53.0,21.07,0.125403,0.105392,0.111366,0.118026,0.109486,0.098304,0.110585,0.115594,0.105845,3.955371753402002
2018-04,MU,-0.1181434868202468,24.0,1.0,0.999,0.0041,0.999,54.0,21.0,0.125403,0.105392,0.111366,0.118026,0.109486,0.098304,0.110585,0.115594,0.105845,3.9247353824067384
2018-05,MU,0.2525009552968702,11.0,7.0,0.9536,0.0,6.6752,54.0,20.5,0.125403,0.105392,0.111366,0.118026,0.109486,0.098304,0.110585,0.115594,0.105845,3.980243610492361
2018-06,MU,-0.0894251715846162,13.0,3.0,0.998,0.0225,2.9939999999999998,50.0,19.71,0.125014,0.104985,0.11161,0.117552,0.10949,0.099055,0.111131,0.115171,0.105992,4.049297802081519
2018-07,MU,0.0066742208685124,5.0,2.0,0.983,0.0,1.966,50.0,19.5,0.125014,0.104985,0.11161,0.117552,0.10949,0.099055,0.111131,0.115171,0.105992,4.1509608805299685
2018-08,MU,-0.0051145511569959,8.0,5.0,0.952,0.0061,4.76,50.0,19.29,0.125014,0.104985,0.11161,0.117552,0.10949,0.099055,0.111131,0.115171,0.105992,4.242410999200613
2018-09,MU,-0.1388042847096356,10.0,2.0,0.9975,0.0,1.995,48.0,20.29,0.130144,0.107771,0.109585,0.119079,0.110897,0.094426,0.107807,0.113092,0.107199,4.310008410929747
2018-10,MU,-0.1660400537610696,10.0,7.0,0.9967,0.0329,6.9769000000000005,50.0,21.07,0.130144,0.107771,0.109585,0.119079,0.110897,0.094426,0.107807,0.113092,0.107199,4.514773942828538
2018-11,MU,0.0222691244065691,8.0,13.0,0.9763,0.0162,12.691899999999999,48.0,21.29,0.130144,0.107771,0.109585,0.119079,0.110897,0.094426,0.107807,0.113092,0.107199,4.650348907775799
2018-12,MU,-0.177126456159314,9.0,3.0,0.9393,0.0124,2.8179,53.0,20.07,0.127845,0.105838,0.110704,0.119671,0.110619,0.095118,0.107596,0.11496,0.107647,4.710262942980474
2019-01,MU,0.2045381858166131,30.0,13.0,0.1452,0.0,1.8876,53.0,20.43,0.127845,0.105838,0.110704,0.119671,0.110619,0.095118,0.107596,0.11496,0.107647,4.638964989923
2019-02,MU,0.0695972037985406,6.0,22.0,0.3994,0.0,8.7868,57.0,21.64,0.127845,0.105838,0.110704,0.119671,0.110619,0.095118,0.107596,0.11496,0.107647,4.708327188175928
2019-03,MU,0.0110078692152235,12.0,25.0,0.1292,0.0,3.2300000000000004,55.0,21.64,0.12765,0.105076,0.110934,0.119677,0.110694,0.095238,0.108035,0.114688,0.108009,4.662618784037346
2019-04,MU,0.0176626227539742,14.0,1.0,0.993,0.0,0.993,56.0,21.14,0.12765,0.105076,0.110934,0.119677,0.110694,0.095238,0.108035,0.114688,0.108009,4.558822697802459
2019-05,MU,-0.224679049657226,7.0,4.0,0.8658,0.0079,3.4632,50.0,20.86,0.12765,0.105076,0.110934,0.119677,0.110694,0.095238,0.108035,0.114688,0.108009,4.526673816497347
2019-06,MU,0.1833792357151475,6.0,2.0,0.994,0.0,1.988,45.0,20.64,0.12765,0.105076,0.110934,0.119677,0.110694,0.095238,0.108035,0.114688,0.108009,4.517336986793347
2019-07,MU,0.1632545581665287,9.0,4.0,0.9612,0.0,3.8448,48.0,20.71,0.12765,0.105076,0.110934,0.119677,0.110694,0.095238,0.108035,0.114688,0.108009,4.5943450819519915
2019-08,MU,0.0084653166423132,11.0,6.0,0.9362,0.0166,5.6172,50.0,20.36,0.12765,0.105076,0.110934,0.119677,0.110694,0.095238,0.108035,0.114688,0.108009,4.737289002697851
2019-09,MU,-0.0534572146067235,8.0,2.0,0.998,0.0092,1.996,47.0,21.43,0.13095,0.106996,0.108983,0.118965,0.110812,0.095026,0.10717,0.113099,0.107998,4.840677695726151
2019-10,MU,0.1096851817097741,8.0,8.0,0.975,0.0204,7.8,48.0,21.79,0.13095,0.106996,0.108983,0.118965,0.110812,0.095026,0.10717,0.113099,0.107998,4.971517772450086
2019-11,MU,-0.0008414149557662,9.0,3.0,0.9013,0.0226,2.7039,46.0,22.43,0.13095,0.106996,0.108983,0.118965,0.110812,0.095026,0.10717,0.113099,0.107998,4.962241856574767
2019-12,MU,0.1319724230682406,16.0,2.0,0.998,0.0,1.996,48.0,20.93,0.128654,0.105392,0.111085,0.11888,0.109763,0.095244,0.106662,0.115118,0.109202,4.884349933357114
2020-01,MU,-0.0128300981112314,34.0,3.0,0.958,0.0055,2.8739999999999997,50.0,25.93,0.128654,0.105392,0.111085,0.11888,0.109763,0.095244,0.106662,0.115118,0.109202,4.9040426260869685
2020-02,MU,-0.0099829886490305,6.0,5.0,0.9534,0.0185,4.767,47.0,25.07,0.128654,0.105392,0.111085,0.11888,0.109763,0.095244,0.106662,0.115118,0.109202,5.1409271724859416
2020-03,MU,-0.1997716439640214,12.0,3.0,0.993,0.0044,2.979,52.0,20.14,0.12788,0.107654,0.110847,0.119181,0.107425,0.094228,0.107663,0.115325,0.109798,5.145327318162479
2020-04,MU,0.138611415901297,9.0,7.0,0.7756,0.0179,5.4292,53.0,20.79,0.12788,0.107654,0.110847,0.119181,0.107425,0.094228,0.107663,0.115325,0.109798,5.197888171668122
2020-05,MU,0.0004176797960833,7.0,5.0,0.9368,0.0203,4.684,55.0,22.21,0.12788,0.107654,0.110847,0.119181,0.107425,0.094228,0.107663,0.115325,0.109798,5.17304580176366
2020-06,MU,0.0753495219954898,9.0,5.0,0.9912,0.0,4.9559999999999995,48.0,21.93,0.128206,0.107434,0.110247,0.119252,0.107189,0.094794,0.107222,0.116303,0.109353,5.054445084712307
2020-07,MU,-0.028338367410308,7.0,3.0,0.666,0.0103,1.9980000000000002,53.0,21.71,0.128206,0.107434,0.110247,0.119252,0.107189,0.094794,0.107222,0.116303,0.109353,4.956722923883936
2020-08,MU,-0.0908910136831104,13.0,9.0,0.969,0.0047,8.721,51.0,20.71,0.128206,0.107434,0.110247,0.119252,0.107189,0.094794,0.107222,0.116303,0.109353,4.907490208683739
2020-09,MU,0.0318611094041474,10.0,4.0,0.9313,0.0,3.7252,50.0,22.07,0.13177,0.10903,0.11004,0.119852,0.106738,0.093588,0.107138,0.113573,0.108271,4.768420913871881
2020-10,MU,0.0719761520432182,16.0,6.0,0.4528,0.0149,2.7168,56.0,20.5,0.13177,0.10903,0.11004,0.119852,0.106738,0.093588,0.107138,0.113573,0.108271,4.725147715507875
2020-11,MU,0.2731425516755359,19.0,6.0,0.8217,0.0062,4.9302,56.0,19.36,0.13177,0.10903,0.11004,0.119852,0.106738,0.093588,0.107138,0.113573,0.108271,4.671554486272436
2020-12,MU,0.1730381507874103,11.0,5.0,0.9578,0.0044,4.789,57.0,19.07,0.128069,0.107852,0.110675,0.118754,0.108668,0.093295,0.109462,0.11435,0.108875,4.615500298772972
2021-01,MU,0.0411013025996429,26.0,20.0,0.9896,0.0131,19.792,61.0,18.93,0.128069,0.107852,0.110675,0.118754,0.108668,0.093295,0.109462,0.11435,0.108875,4.651518008999709
2021-02,MU,0.1694134122740975,14.0,14.0,0.8613,0.0213,12.0582,56.0,20.0,0.128069,0.107852,0.110675,0.118754,0.108668,0.093295,0.109462,0.11435,0.108875,4.672419998864196
2021-03,MU,-0.0362723460859367,7.0,118.0,0.7745,0.0116,91.39099999999999,55.0,19.79,0.127963,0.108148,0.112006,0.119809,0.106559,0.092359,0.108574,0.114638,0.109944,4.633440283398474
2021-04,MU,-0.0242601785558932,11.0,119.0,0.7402,0.0188,88.0838,57.0,19.36,0.127963,0.108148,0.112006,0.119809,0.106559,0.092359,0.108574,0.114638,0.109944,4.615190337065705
2021-05,MU,-0.0224235751422485,16.0,47.0,0.8047,0.0053,37.8209,59.0,19.64,0.127963,0.108148,0.112006,0.119809,0.106559,0.092359,0.108574,0.114638,0.109944,4.550758529939538
2021-06,MU,0.0099832137937894,7.0,125.0,0.7632,0.0064,95.4,47.0,20.21,0.128033,0.107837,0.111428,0.11948,0.106761,0.091909,0.1088,0.115779,0.109972,4.470724674560434
2021-07,MU,-0.087079049119171,8.0,77.0,0.4971,0.0131,38.2767,48.0,19.43,0.128033,0.107837,0.111428,0.11948,0.106761,0.091909,0.1088,0.115779,0.109972,4.443382859075873
2021-08,MU,-0.0500129420658279,9.0,71.0,0.5163,0.0061,36.6573,59.0,18.29,0.128033,0.107837,0.111428,0.11948,0.106761,0.091909,0.1088,0.115779,0.109972,4.401667497395033
2021-09,MU,-0.0369066584469776,9.0,105.0,0.4866,0.0099,51.092999999999996,77.0,19.5,0.13164,0.109906,0.110814,0.121164,0.105375,0.093668,0.106058,0.114407,0.106968,4.425567731107157
2021-10,MU,-0.0251254935624588,20.0,68.0,0.6103,0.0218,41.5004,63.0,19.64,0.13164,0.109906,0.110814,0.121164,0.105375,0.093668,0.106058,0.114407,0.106968,4.48924124451617
2021-11,MU,0.2156297004328142,12.0,59.0,0.7942,0.0085,46.8578,67.0,20.79,0.13164,0.109906,0.110814,0.121164,0.105375,0.093668,0.106058,0.114407,0.106968,4.455536370942714
2021-12,MU,0.1089285302439289,36.0,166.0,0.6941,0.0093,115.2206,66.0,19.29,0.126254,0.109009,0.111725,0.119297,0.107436,0.094608,0.108809,0.114052,0.108809,4.584530156048744
2022-01,MU,-0.1158591387500102,20.0,104.0,0.6832,0.0064,71.0528,66.0,24.86,0.126254,0.109009,0.111725,0.119297,0.107436,0.094608,0.108809,0.114052,0.108809,4.592315359279288
2022-02,MU,0.0801019697256983,6.0,67.0,0.6824,0.0086,45.7208,69.0,26.0,0.126254,0.109009,0.111725,0.119297,0.107436,0.094608,0.108809,0.114052,0.108809,4.593660696799606
2022-03,MU,-0.1234524881422006,13.0,142.0,0.6707,0.0094,95.23939999999999,66.0,27.36,0.126247,0.109719,0.111826,0.120466,0.10635,0.093845,0.108623,0.113854,0.10907,4.624114634132119
2022-04,MU,-0.1245347243671735,12.0,59.0,0.6727,0.0115,39.689299999999996,76.0,26.71,0.126247,0.109719,0.111826,0.120466,0.10635,0.093845,0.108623,0.113854,0.10907,4.65447318200498
2022-05,MU,0.0843366048659641,17.0,63.0,0.8276,0.0096,52.1388,63.0,25.5,0.126247,0.109719,0.111826,0.120466,0.10635,0.093845,0.108623,0.113854,0.10907,4.64103697031436
2022-06,MU,-0.2513544047837659,14.0,88.0,0.4029,0.0109,35.4552,58.0,25.64,0.12624,0.111452,0.111386,0.120388,0.105168,0.094441,0.109373,0.112029,0.109524,4.589104656971519
2022-07,MU,0.1190304525782484,15.0,164.0,0.2815,0.027,46.166,69.0,23.43,0.12624,0.111452,0.111386,0.120388,0.105168,0.094441,0.109373,0.112029,0.109524,4.718444552746864
2022-08,MU,-0.084372922983275,9.0,131.0,0.349,0.022,45.718999999999994,75.0,22.79,0.12624,0.111452,0.111386,0.120388,0.105168,0.094441,0.109373,0.112029,0.109524,4.802125031214246
2022-09,MU,-0.1137450108759807,12.0,131.0,0.4243,0.0222,55.5833,76.0,24.5,0.129088,0.116444,0.105239,0.119082,0.105262,0.095264,0.109839,0.112293,0.107489,4.908740725248027
2022-10,MU,0.0798403993060083,10.0,89.0,0.6008,0.0259,53.4712,85.0,24.57,0.129088,0.116444,0.105239,0.119082,0.105262,0.095264,0.109839,0.112293,0.107489,5.00435835245387
2022-11,MU,0.0678676755789422,10.0,76.0,0.5321,0.0177,40.4396,67.0,25.79,0.129088,0.116444,0.105239,0.119082,0.105262,0.095264,0.109839,0.112293,0.107489,5.0160738963597655
2022-12,MU,-0.1330442586268383,15.0,102.0,0.3357,0.022,34.2414,59.0,25.86,0.128023,0.111973,0.108371,0.119898,0.10595,0.094821,0.109319,0.11308,0.108566,5.034929226366507
2023-01,MU,0.209228169016709,31.0,35.0,0.3291,0.0067,11.5185,83.0,27.43,0.128023,0.111973,0.108371,0.119898,0.10595,0.094821,0.109319,0.11308,0.108566,5.012890437850865
2023-02,MU,-0.0411278330520659,14.0,43.0,0.6325,0.0278,27.197499999999998,100.0,31.0,0.128023,0.111973,0.108371,0.119898,0.10595,0.094821,0.109319,0.11308,0.108566,5.106163517296215
2023-03,MU,0.043583611151698,15.0,115.0,0.4324,0.02,49.726,84.0,30.57,0.127569,0.111552,0.108525,0.120341,0.106096,0.094466,0.109975,0.11264,0.108835,5.157717007173994
2023-04,MU,0.0666224389021923,16.0,95.0,0.3339,0.0506,31.720499999999998,82.0,30.14,0.127569,0.111552,0.108525,0.120341,0.106096,0.094466,0.109975,0.11264,0.108835,5.283768548810748
2023-05,MU,0.0618058197934097,38.0,161.0,0.2691,0.0316,43.3251,71.0,31.29,0.127569,0.111552,0.108525,0.120341,0.106096,0.094466,0.109975,0.11264,0.108835,5.343360868286232
2023-06,MU,-0.0746334107982611,19.0,173.0,0.4893,0.0388,84.6489,73.0,32.64,0.127569,0.111552,0.108525,0.120341,0.106096,0.094466,0.109975,0.11264,0.108835,5.364294889514788
2023-07,MU,0.1311996536060335,14.0,46.0,0.566,0.0581,26.035999999999998,65.0,30.57,0.127569,0.111552,0.108525,0.120341,0.106096,0.094466,0.109975,0.11264,0.108835,5.4048202758986745
2023-08,MU,-0.0184674885601161,14.0,52.0,0.7632,0.0369,39.6864,67.0,29.57,0.127569,0.111552,0.108525,0.120341,0.106096,0.094466,0.109975,0.11264,0.108835,5.4403063455972465
2023-09,MU,-0.0273092543102345,11.0,108.0,0.5099,0.0295,55.0692,72.0,30.57,0.128757,0.11186,0.108371,0.12044,0.105494,0.094905,0.109266,0.112677,0.108229,5.437292248913634
2023-10,MU,-0.0170514973633832,18.0,88.0,0.5453,0.0291,47.9864,69.0,31.0,0.128757,0.11186,0.108371,0.12044,0.105494,0.094905,0.109266,0.112677,0.108229,5.448595596588147
2023-11,MU,0.1402273876580759,16.0,68.0,0.6709,0.0236,45.6212,74.0,31.86,0.128757,0.11186,0.108371,0.12044,0.105494,0.094905,0.109266,0.112677,0.108229,5.459771377536158
2023-12,MU,0.1211244731112481,15.0,110.0,0.6781,0.0306,74.59100000000001,78.0,30.79,0.126628,0.111465,0.108946,0.120238,0.105706,0.094326,0.111459,0.111905,0.109326,5.470627238507423
2024-01,MU,0.006149761162453,34.0,62.0,0.7924,0.0454,49.1288,68.0,32.79,0.126628,0.111465,0.108946,0.120238,0.105706,0.094326,0.111459,0.111905,0.109326,5.48613858121513
2024-02,MU,0.0566764050562618,9.0,55.0,0.6932,0.0511,38.126000000000005,67.0,36.07,0.126628,0.111465,0.108946,0.120238,0.105706,0.094326,0.111459,0.111905,0.109326,5.487728919020218
2024-03,MU,0.3010704584447818,10.0,122.0,0.5722,0.0448,69.8084,77.0,35.86,0.126809,0.111466,0.108799,0.12032,0.105727,0.094253,0.11151,0.111846,0.10927,5.538088758465023
2024-04,MU,-0.0408936330436289,19.0,112.0,0.7048,0.0669,78.9376,71.0,35.29,0.126809,0.111466,0.108799,0.12032,0.105727,0.094253,0.11151,0.111846,0.10927,5.655836510745916
2024-05,MU,0.1065863606724804,29.0,101.0,0.804,0.0467,81.20400000000001,72.0,36.21,0.126809,0.111466,0.108799,0.12032,0.105727,0.094253,0.11151,0.111846,0.10927,5.689590310304675
2024-06,MU,0.0522399155199513,10.0,180.0,0.6438,0.0376,115.884,64.0,34.0,0.127362,0.111333,0.109046,0.120048,0.105629,0.094219,0.111298,0.111578,0.109489,5.617099359936584
2024-07,MU,-0.1650573423286023,10.0,136.0,0.7344,0.0493,99.87840000000001,65.0,32.57,0.127362,0.111333,0.109046,0.120048,0.105629,0.094219,0.111298,0.111578,0.109489,5.630357892855463
2024-08,MU,-0.1228903916262297,12.0,97.0,0.8355,0.0546,81.04350000000001,73.0,33.07,0.127362,0.111333,0.109046,0.120048,0.105629,0.094219,0.111298,0.111578,0.109489,5.664909739934359
2024-09,MU,0.0776183533187742,11.0,155.0,0.7293,0.0513,113.04149999999998,71.0,35.36,0.129653,0.111872,0.108059,0.119593,0.105291,0.09475,0.109248,0.112979,0.108556,5.711774836541839
2024-10,MU,-0.0391475669061848,19.0,73.0,0.7474,0.0611,54.560199999999995,72.0,36.21,0.129653,0.111872,0.108059,0.119593,0.105291,0.09475,0.109248,0.112979,0.108556,5.757270233486999
2024-11,MU,-0.0159529306276763,13.0,12.0,0.1453,0.0199,1.7436000000000003,71.0,38.36,0.129653,0.111872,0.108059,0.119593,0.105291,0.09475,0.109248,0.112979,0.108556,5.648680387507449
2024-12,MU,-0.1407861572743525,19.0,40.0,0.2034,0.0518,8.136,77.0,37.14,0.126651,0.113072,0.10803,0.119307,0.104985,0.094471,0.111981,0.111146,0.110357,5.688738301996302
2025-01,MU,0.0855340526897148,35.0,119.0,0.5485,0.0641,65.2715,74.0,38.79,0.126651,0.113072,0.10803,0.119307,0.104985,0.094471,0.111981,0.111146,0.110357,5.747481425235071
2025-02,MU,0.0261945109412646,22.0,127.0,0.4871,0.0428,61.8617,72.0,41.43,0.126651,0.113072,0.10803,0.119307,0.104985,0.094471,0.111981,0.111146,0.110357,5.7573711198473205
2025-03,MU,-0.0719854224794298,15.0,151.0,0.5423,0.0361,81.8873,75.0,39.86,0.126651,0.113072,0.10803,0.119307,0.104985,0.094471,0.111981,0.111146,0.110357,5.710330868467998
2025-04,MU,-0.113244473633095,17.0,91.0,0.567,0.0421,51.596999999999994,74.0,40.07,0.126651,0.113072,0.10803,0.119307,0.104985,0.094471,0.111981,0.111146,0.110357,5.723654985901038
2025-05,MU,0.2275503495610424,27.0,68.0,0.9349,0.0337,63.5732,86.0,40.21,0.126651,0.113072,0.10803,0.119307,0.104985,0.094471,0.111981,0.111146,0.110357,5.7605002629829
2025-06,MU,0.3047852102113955,22.0,369.0,0.6403,0.0272,236.2707,66.0,45.64,0.127941,0.112474,0.107541,0.119784,0.105237,0.093888,0.111527,0.111231,0.110377,5.749916101346913
2025-07,MU,-0.1144827813866029,19.0,245.0,0.7703,0.0273,188.7235,67.0,48.5,0.127941,0.112474,0.107541,0.119784,0.105237,0.093888,0.111527,0.111231,0.110377,5.7128146730504055
2025-08,MU,0.0914607612985123,21.0,387.0,0.7517,0.027,290.90790000000004,78.0,87.57,0.127941,0.112474,0.107541,0.119784,0.105237,0.093888,0.111527,0.111231,0.110377,5.70738646512914
2025-09,MU,0.4059322772744553,15.0,606.0,0.7357,0.028,445.8342,79.0,86.07,0.129334,0.116698,0.110582,0.11905,0.103039,0.093358,0.107922,0.11345,0.106568,5.750926674976089
2025-10,MU,0.3373774703651166,19.0,387.0,0.7706,0.034,298.2222,74.0,86.86,0.129334,0.116698,0.110582,0.11905,0.103039,0.093358,0.107922,0.11345,0.106568,5.718315055201917
2025-11,MU,0.0574611969084679,15.0,254.0,0.7766,0.0509,197.25639999999999,76.0,91.29,0.129334,0.116698,0.110582,0.11905,0.103039,0.093358,0.107922,0.11345,0.106568,5.740760402843914
2025-12,MU,0.2069095697243623,26.0,568.0,0.7394,0.0372,419.9792,82.0,86.86,0.128538,0.1113,0.108143,0.119609,0.10637,0.093317,0.111315,0.110833,0.110573,5.776348836240119
2014-01,NOW,0.1324763658690491,1.0,0.0,0.0,0.0,0.0,53.0,18.14,0.104691,0.117913,0.126248,0.110089,0.104854,0.097383,0.117786,0.109986,0.111051,0.10551998861858018
2014-02,NOW,0.0729938991455194,0.0,0.0,0.0,0.0,0.0,49.0,18.14,0.104691,0.117913,0.126248,0.110089,0.104854,0.097383,0.117786,0.109986,0.111051,0.19656730370123948
2014-03,NOW,-0.119600367597578,0.0,0.0,0.0,0.0,0.0,48.0,17.14,0.102651,0.116151,0.121653,0.109308,0.105792,0.099606,0.123497,0.113527,0.107815,0.2866100974939054
2014-04,NOW,-0.1702269631831904,0.0,0.0,0.0,0.0,0.0,48.0,17.21,0.102651,0.116151,0.121653,0.109308,0.105792,0.099606,0.123497,0.113527,0.107815,0.36547340372918813
2014-05,NOW,0.052091677024352,0.0,0.0,0.0,0.0,0.0,48.0,16.86,0.102651,0.116151,0.121653,0.109308,0.105792,0.099606,0.123497,0.113527,0.107815,0.4418681742431719
2014-06,NOW,0.1844771864729564,0.0,0.0,0.0,0.0,0.0,47.0,18.0,0.102651,0.116151,0.121653,0.109308,0.105792,0.099606,0.123497,0.113527,0.107815,0.5159927504424844
2014-07,NOW,-0.0510006422987182,0.0,0.0,0.0,0.0,0.0,50.0,19.29,0.102651,0.116151,0.121653,0.109308,0.105792,0.099606,0.123497,0.113527,0.107815,0.5912876218215728
2014-08,NOW,0.039625815833491,0.0,0.0,0.0,0.0,0.0,51.0,17.86,0.102651,0.116151,0.121653,0.109308,0.105792,0.099606,0.123497,0.113527,0.107815,0.6667968498179432
2014-09,NOW,-0.0384426855456637,0.0,0.0,0.0,0.0,0.0,50.0,17.64,0.102651,0.116151,0.121653,0.109308,0.105792,0.099606,0.123497,0.113527,0.107815,0.7382613072091184
2014-10,NOW,0.155665272633156,0.0,0.0,0.0,0.0,0.0,50.0,18.14,0.102651,0.116151,0.121653,0.109308,0.105792,0.099606,0.123497,0.113527,0.107815,0.7989092172548286
2014-11,NOW,-0.0584425584976618,0.0,0.0,0.0,0.0,0.0,48.0,18.36,0.102651,0.116151,0.121653,0.109308,0.105792,0.099606,0.123497,0.113527,0.107815,0.865974650236233
2014-12,NOW,0.0608192533666374,0.0,0.0,0.0,0.0,0.0,47.0,17.79,0.100573,0.122048,0.12739,0.10876,0.102941,0.096711,0.117018,0.111975,0.112585,0.9309514747050747
2015-01,NOW,0.0744289057918743,1.0,0.0,0.0,0.0,0.0,51.0,17.21,0.100573,0.122048,0.12739,0.10876,0.102941,0.096711,0.117018,0.111975,0.112585,0.9916686366246213
2015-02,NOW,0.0460905305111027,0.0,0.0,0.0,0.0,0.0,48.0,17.07,0.100573,0.122048,0.12739,0.10876,0.102941,0.096711,0.117018,0.111975,0.112585,1.045312878383452
2015-03,NOW,0.0330448278831061,0.0,0.0,0.0,0.0,0.0,48.0,17.0,0.102318,0.115028,0.121724,0.109303,0.107387,0.101829,0.123802,0.11302,0.105589,1.101278120962967
2015-04,NOW,-0.0497587880612513,0.0,0.0,0.0,0.0,0.0,48.0,17.0,0.102318,0.115028,0.121724,0.109303,0.107387,0.101829,0.123802,0.11302,0.105589,1.1513728914000694
2015-05,NOW,0.0233769319357319,0.0,0.0,0.0,0.0,0.0,49.0,17.07,0.102318,0.115028,0.121724,0.109303,0.107387,0.101829,0.123802,0.11302,0.105589,1.2098282195874976
2015-06,NOW,-0.0300221314441095,0.0,0.0,0.0,0.0,0.0,50.0,16.36,0.105776,0.115423,0.120969,0.109443,0.103984,0.10161,0.121555,0.11602,0.105222,1.2572198968731252
2015-07,NOW,0.0832996822304916,0.0,0.0,0.0,0.0,0.0,53.0,16.71,0.105776,0.115423,0.120969,0.109443,0.103984,0.10161,0.121555,0.11602,0.105222,1.297295863923211
2015-08,NOW,-0.1185093134883782,0.0,0.0,0.0,0.0,0.0,57.0,15.43,0.105776,0.115423,0.120969,0.109443,0.103984,0.10161,0.121555,0.11602,0.105222,1.3578175752386579
2015-09,NOW,-0.0212795967796289,0.0,0.0,0.0,0.0,0.0,51.0,15.64,0.105796,0.115408,0.120762,0.109473,0.104128,0.101529,0.121679,0.115906,0.105319,1.3965516593111442
2015-10,NOW,0.1756659121722963,0.0,0.0,0.0,0.0,0.0,51.0,16.36,0.105796,0.115408,0.120762,0.109473,0.104128,0.101529,0.121679,0.115906,0.105319,1.4447515160377975
2015-11,NOW,0.0656460813563035,0.0,0.0,0.0,0.0,0.0,52.0,16.36,0.105796,0.115408,0.120762,0.109473,0.104128,0.101529,0.121679,0.115906,0.105319,1.466694147226314
2015-12,NOW,-0.0051718279725461,0.0,0.0,0.0,0.0,0.0,51.0,16.36,0.10407,0.119459,0.124309,0.10978,0.104972,0.096907,0.117039,0.11197,0.111494,1.4980112937638634
2016-01,NOW,-0.2813077523276109,0.0,0.0,0.0,0.0,0.0,55.0,15.93,0.10407,0.119459,0.124309,0.10978,0.104972,0.096907,0.117039,0.11197,0.111494,1.5395157756396183
2016-02,NOW,-0.1160585274861238,0.0,0.0,0.0,0.0,0.0,56.0,16.14,0.10407,0.119459,0.124309,0.10978,0.104972,0.096907,0.117039,0.11197,0.111494,1.5889118637302715
2016-03,NOW,0.1125659119621089,0.0,0.0,0.0,0.0,0.0,52.0,16.21,0.108514,0.117627,0.120839,0.109146,0.103514,0.099267,0.11991,0.116154,0.10503,1.6197330932901988
2016-04,NOW,0.168355627301959,0.0,0.0,0.0,0.0,0.0,54.0,16.21,0.108514,0.117627,0.120839,0.109146,0.103514,0.099267,0.11991,0.116154,0.10503,1.6565353035305737
2016-05,NOW,0.002098537187896,0.0,0.0,0.0,0.0,0.0,57.0,17.0,0.108514,0.117627,0.120839,0.109146,0.103514,0.099267,0.11991,0.116154,0.10503,1.6993635901886832
2016-06,NOW,-0.0730141326995919,0.0,0.0,0.0,0.0,0.0,63.0,16.14,0.107258,0.118495,0.120195,0.108307,0.104645,0.10082,0.120497,0.115056,0.104728,1.8491931357682727
2016-07,NOW,0.1283132912112805,0.0,0.0,0.0,0.0,0.0,64.0,15.21,0.107258,0.118495,0.120195,0.108307,0.104645,0.10082,0.120497,0.115056,0.104728,1.950524052817509
2016-08,NOW,-0.0300320210276782,0.0,0.0,0.0,0.0,0.0,61.0,14.79,0.107258,0.118495,0.120195,0.108307,0.104645,0.10082,0.120497,0.115056,0.104728,1.9916989003715881
2016-09,NOW,0.0891701865695049,0.0,0.0,0.0,0.0,0.0,55.0,16.07,0.107258,0.118495,0.120195,0.108307,0.104645,0.10082,0.120497,0.115056,0.104728,2.017575768319455
2016-10,NOW,0.1106759833960662,0.0,0.0,0.0,0.0,0.0,55.0,17.0,0.107258,0.118495,0.120195,0.108307,0.104645,0.10082,0.120497,0.115056,0.104728,2.040235377503201
2016-11,NOW,-0.0541463731087069,0.0,0.0,0.0,0.0,0.0,61.0,17.93,0.107258,0.118495,0.120195,0.108307,0.104645,0.10082,0.120497,0.115056,0.104728,2.0689356411929194
2016-12,NOW,-0.1059530498597932,0.0,0.0,0.0,0.0,0.0,58.0,17.21,0.104073,0.122715,0.121103,0.109818,0.104435,0.095465,0.118931,0.111594,0.111867,2.0845225233867963
2017-01,NOW,0.2189938466583041,0.0,0.0,0.0,0.0,0.0,63.0,17.64,0.104073,0.122715,0.121103,0.109818,0.104435,0.095465,0.118931,0.111594,0.111867,2.1347813627199046
2017-02,NOW,-0.0408298250215003,0.0,0.0,0.0,0.0,0.0,57.0,18.14,0.104073,0.122715,0.121103,0.109818,0.104435,0.095465,0.118931,0.111594,0.111867,2.149264411443912
2017-03,NOW,0.0063275827242761,0.0,0.0,0.0,0.0,0.0,58.0,19.21,0.107626,0.11801,0.12174,0.107797,0.104682,0.098903,0.120733,0.115401,0.105108,2.1894678223347803
2017-04,NOW,0.0801417896892398,0.0,0.0,0.0,0.0,0.0,59.0,19.07,0.107626,0.11801,0.12174,0.107797,0.104682,0.098903,0.120733,0.115401,0.105108,2.187461556824046
2017-05,NOW,0.1076418504754139,0.0,0.0,0.0,0.0,0.0,58.0,19.36,0.107626,0.11801,0.12174,0.107797,0.104682,0.098903,0.120733,0.115401,0.105108,2.1914474858343578
2017-06,NOW,0.0129001650180053,0.0,0.0,0.0,0.0,0.0,63.0,20.14,0.10757,0.117959,0.121784,0.107831,0.104679,0.098861,0.120748,0.115414,0.105153,2.21345098946993
2017-07,NOW,0.0419811017744999,0.0,0.0,0.0,0.0,0.0,63.0,20.0,0.10757,0.117959,0.121784,0.107831,0.104679,0.098861,0.120748,0.115414,0.105153,2.2273147694357824
2017-08,NOW,0.0519692489467273,0.0,0.0,0.0,0.0,0.0,66.0,19.0,0.10757,0.117959,0.121784,0.107831,0.104679,0.098861,0.120748,0.115414,0.105153,2.252922481077601
2017-09,NOW,0.0115328186167988,0.0,0.0,0.0,0.0,0.0,67.0,19.79,0.107631,0.117669,0.122236,0.107751,0.104591,0.098668,0.120555,0.115665,0.105233,2.2963386720508865
2017-10,NOW,0.075214822174189,0.0,0.0,0.0,0.0,0.0,60.0,20.64,0.107631,0.117669,0.122236,0.107751,0.104591,0.098668,0.120555,0.115665,0.105233,2.330264607490668
2017-11,NOW,-0.02666771314002,0.0,1.0,0.997,0.0,0.997,61.0,22.0,0.107631,0.117669,0.122236,0.107751,0.104591,0.098668,0.120555,0.115665,0.105233,2.375152618674751
2017-12,NOW,0.0600812483984281,0.0,0.0,0.0,0.0,0.0,63.0,20.64,0.107631,0.117669,0.122236,0.107751,0.104591,0.098668,0.120555,0.115665,0.105233,2.3767292663959876
2018-01,NOW,0.1417287053565354,0.0,0.0,0.0,0.0,0.0,66.0,21.21,0.107631,0.117669,0.122236,0.107751,0.104591,0.098668,0.120555,0.115665,0.105233,2.4012284395920838
2018-02,NOW,0.0815476416595841,0.0,0.0,0.0,0.0,0.0,59.0,21.64,0.107631,0.117669,0.122236,0.107751,0.104591,0.098668,0.120555,0.115665,0.105233,2.400498716156625
2018-03,NOW,0.0275759424115988,0.0,1.0,0.998,0.0,0.998,58.0,21.07,0.106035,0.121378005,0.121663496,0.109144,0.1035135,0.09751549,0.119717,0.112656504,0.1083775,2.4248307269021567
2018-04,NOW,0.0041704589798998,0.0,0.0,0.0,0.0,0.0,59.0,21.0,0.106035,0.121378005,0.121663496,0.109144,0.1035135,0.09751549,0.119717,0.112656504,0.1083775,2.4187354357242246
2018-05,NOW,0.0690381206818742,0.0,1.0,0.997,0.0148,0.997,60.0,20.5,0.106035,0.121378005,0.121663496,0.109144,0.1035135,0.09751549,0.119717,0.112656504,0.1083775,2.476259362049446
2018-06,NOW,-0.0289398090331715,0.0,0.0,0.0,0.0,0.0,62.0,19.71,0.106252,0.118292,0.121005,0.107762,0.104887,0.10017,0.121548,0.115129,0.104955,2.5151499339307706
2018-07,NOW,0.0202354575308865,0.0,0.0,0.0,0.0,0.0,63.0,19.5,0.106252,0.118292,0.121005,0.107762,0.104887,0.10017,0.121548,0.115129,0.104955,2.7136906405755115
2018-08,NOW,0.1159353790828163,0.0,1.0,0.998,0.0,0.998,64.0,19.29,0.106252,0.118292,0.121005,0.107762,0.104887,0.10017,0.121548,0.115129,0.104955,2.825039330074812
2018-09,NOW,-0.0037176591675951,0.0,0.0,0.0,0.0,0.0,61.0,20.29,0.103834,0.108819,0.119395,0.109899,0.1098,0.107712,0.123314,0.111887,0.10534,2.9660933560720864
2018-10,NOW,-0.07457954578914,0.0,2.0,0.9945,0.0,1.989,60.0,21.07,0.103834,0.108819,0.119395,0.109899,0.1098,0.107712,0.123314,0.111887,0.10534,2.963886050591274
2018-11,NOW,0.0233650206337951,0.0,1.0,0.995,0.0,0.995,59.0,21.29,0.103834,0.108819,0.119395,0.109899,0.1098,0.107712,0.123314,0.111887,0.10534,2.947392415575208
2018-12,NOW,-0.0389701573606339,0.0,0.0,0.0,0.0,0.0,63.0,20.07,0.106008,0.118932,0.123459,0.11301,0.104776,0.09955,0.11219,0.11414,0.107935,2.920239595392557
2019-01,NOW,0.2357203275261952,1.0,1.0,0.999,0.0213,0.999,64.0,20.43,0.106008,0.118932,0.123459,0.11301,0.104776,0.09955,0.11219,0.11414,0.107935,3.0387598073776343
2019-02,NOW,0.0882646743043253,0.0,1.0,0.995,0.0,0.995,59.0,21.64,0.106008,0.118932,0.123459,0.11301,0.104776,0.09955,0.11219,0.11414,0.107935,3.030028042225883
2019-03,NOW,0.0294436984846997,0.0,1.0,0.997,0.0,0.997,62.0,21.64,0.104097,0.108885,0.11933,0.110185,0.109992,0.107578,0.123208,0.111591,0.105135,3.01940394588615
2019-04,NOW,0.1015050867917519,0.0,0.0,0.0,0.0,0.0,62.0,21.14,0.104097,0.108885,0.11933,0.110185,0.109992,0.107578,0.123208,0.111591,0.105135,2.969086760301896
2019-05,NOW,-0.0352840893005331,0.0,0.0,0.0,0.0,0.0,66.0,20.86,0.104097,0.108885,0.11933,0.110185,0.109992,0.107578,0.123208,0.111591,0.105135,2.9560250279312767
2019-06,NOW,0.0482571641535851,0.0,0.0,0.0,0.0,0.0,65.0,20.64,0.104097,0.108885,0.11933,0.110185,0.109992,0.107578,0.123208,0.111591,0.105135,3.0431400631613004
2019-07,NOW,0.0102705896671264,0.0,0.0,0.0,0.0,0.0,64.0,20.71,0.104097,0.108885,0.11933,0.110185,0.109992,0.107578,0.123208,0.111591,0.105135,3.0339855711269363
2019-08,NOW,-0.056058267681343,0.0,0.0,0.0,0.0,0.0,66.0,20.36,0.104097,0.108885,0.11933,0.110185,0.109992,0.107578,0.123208,0.111591,0.105135,3.0181314253804477
2019-09,NOW,-0.0305148100332773,0.0,0.0,0.0,0.0,0.0,65.0,21.43,0.104097,0.108885,0.11933,0.110185,0.109992,0.107578,0.123208,0.111591,0.105135,3.018181169158434
2019-10,NOW,-0.0259602281184435,0.0,0.0,0.0,0.0,0.0,64.0,21.79,0.104097,0.108885,0.11933,0.110185,0.109992,0.107578,0.123208,0.111591,0.105135,3.0082431360477067
2019-11,NOW,0.1447060198425662,1.0,0.0,0.0,0.0,0.0,65.0,22.43,0.104097,0.108885,0.11933,0.110185,0.109992,0.107578,0.123208,0.111591,0.105135,2.9979642164611167
2019-12,NOW,-0.002543827775804,1.0,0.0,0.0,0.0,0.0,68.0,20.93,0.108073,0.115453,0.125878,0.111313,0.101577,0.105248,0.112374,0.112428,0.107657,2.987555820386816
2020-01,NOW,0.1980377387757985,1.0,0.0,0.0,0.0,0.0,66.0,25.93,0.108073,0.115453,0.125878,0.111313,0.101577,0.105248,0.112374,0.112428,0.107657,2.992099418788021
2020-02,NOW,-0.0358927544891742,1.0,0.0,0.0,0.0,0.0,66.0,25.07,0.108073,0.115453,0.125878,0.111313,0.101577,0.105248,0.112374,0.112428,0.107657,2.9854242422338477
2020-03,NOW,-0.1211628713887069,1.0,0.0,0.0,0.0,0.0,78.0,20.14,0.105041,0.110494,0.11792,0.111146,0.10822,0.108961,0.122044,0.110879,0.105294,2.972980344215805
2020-04,NOW,0.2266731163418733,2.0,0.0,0.0,0.0,0.0,76.0,20.79,0.105041,0.110494,0.11792,0.111146,0.10822,0.108961,0.122044,0.110879,0.105294,3.006273954307881
2020-05,NOW,0.1035159585954395,2.0,1.0,0.994,0.0039,0.994,75.0,22.21,0.105041,0.110494,0.11792,0.111146,0.10822,0.108961,0.122044,0.110879,0.105294,3.05228530635983
2020-06,NOW,0.0441574841740162,1.0,0.0,0.0,0.0,0.0,73.0,21.93,0.105448,0.110886,0.117601,0.110806,0.107813,0.108684,0.121721,0.112018,0.105023,3.024633317450819
2020-07,NOW,0.0842837507139726,1.0,1.0,1.0,0.0116,1.0,70.0,21.71,0.105448,0.110886,0.117601,0.110806,0.107813,0.108684,0.121721,0.112018,0.105023,3.068143783735656
2020-08,NOW,0.0974954843779802,0.0,1.0,1.0,0.0075,1.0,71.0,20.71,0.105448,0.110886,0.117601,0.110806,0.107813,0.108684,0.121721,0.112018,0.105023,3.1114655089337067
2020-09,NOW,0.0061823230938284,1.0,1.0,-0.302,0.0,-0.302,69.0,22.07,0.105448,0.110886,0.117601,0.110806,0.107813,0.108684,0.121721,0.112018,0.105023,3.070879508234232
2020-10,NOW,0.0259175251439673,0.0,0.0,0.0,0.0,0.0,67.0,20.5,0.105448,0.110886,0.117601,0.110806,0.107813,0.108684,0.121721,0.112018,0.105023,3.0689097131859935
2020-11,NOW,0.0743212384958975,2.0,2.0,0.158,0.0,0.316,67.0,19.36,0.105448,0.110886,0.117601,0.110806,0.107813,0.108684,0.121721,0.112018,0.105023,3.0553747540332634
2020-12,NOW,0.0297071814073139,2.0,0.0,0.0,0.0,0.0,67.0,19.07,0.108054,0.114853,0.122121,0.11303,0.100242,0.105243,0.114286,0.112405,0.109766,3.0485827284042855
2021-01,NOW,-0.013207808171102,4.0,9.0,0.8409,0.0,7.568099999999999,70.0,18.93,0.108054,0.114853,0.122121,0.11303,0.100242,0.105243,0.114286,0.112405,0.109766,3.097230424207482
2021-02,NOW,-0.0178584797649546,0.0,15.0,0.9101,0.0,13.6515,66.0,20.0,0.108054,0.114853,0.122121,0.11303,0.100242,0.105243,0.114286,0.112405,0.109766,3.080343917151541
2021-03,NOW,-0.0625163844055783,2.0,21.0,0.8801,0.0,18.4821,65.0,19.79,0.105078,0.111475,0.117011,0.110802,0.108065,0.109141,0.122184,0.111271,0.104973,3.045479911824392
2021-04,NOW,0.0125172348247348,1.0,34.0,0.6387,0.0059,21.7158,58.0,19.36,0.105078,0.111475,0.117011,0.110802,0.108065,0.109141,0.122184,0.111271,0.104973,3.0314067430054017
2021-05,NOW,-0.0641625784059376,1.0,34.0,0.971,0.0,33.013999999999996,65.0,19.64,0.105078,0.111475,0.117011,0.110802,0.108065,0.109141,0.122184,0.111271,0.104973,3.0320138082725356
2021-06,NOW,0.1596818026674222,2.0,44.0,0.8279,0.0,36.4276,66.0,20.21,0.105222,0.110875,0.118194,0.11046,0.10865,0.108619,0.122162,0.111114,0.104703,3.00871398355066
2021-07,NOW,0.0697661633344264,0.0,35.0,0.7938,0.0,27.782999999999998,69.0,19.43,0.105222,0.110875,0.118194,0.11046,0.10865,0.108619,0.122162,0.111114,0.104703,3.042540658754229
2021-08,NOW,0.0948306113274619,0.0,17.0,0.9795,0.0,16.651500000000002,71.0,18.29,0.105222,0.110875,0.118194,0.11046,0.10865,0.108619,0.122162,0.111114,0.104703,3.053985507175994
2021-09,NOW,-0.0332017474922116,2.0,38.0,0.9436,0.0,35.8568,63.0,19.5,0.105222,0.110875,0.118194,0.11046,0.10865,0.108619,0.122162,0.111114,0.104703,3.052571823243548
2021-10,NOW,0.1213138933580424,1.0,42.0,0.8526,0.0,35.809200000000004,64.0,19.64,0.105222,0.110875,0.118194,0.11046,0.10865,0.108619,0.122162,0.111114,0.104703,3.0571575824735673
2021-11,NOW,-0.0717439271874809,0.0,22.0,0.8814,0.0,19.3908,65.0,20.79,0.105222,0.110875,0.118194,0.11046,0.10865,0.108619,0.122162,0.111114,0.104703,3.022397885988983
2021-12,NOW,0.0021770337661684,0.0,39.0,0.9233,0.0,36.0087,69.0,19.29,0.106862,0.113545,0.120111,0.113015,0.103496,0.108498,0.11421,0.110934,0.10933,3.045720536497498
2022-01,NOW,-0.0975644142611408,11.0,56.0,0.8697,0.0,48.7032,71.0,24.86,0.106862,0.113545,0.120111,0.113015,0.103496,0.108498,0.11421,0.110934,0.10933,3.068011058324741
2022-02,NOW,-0.0100037308206092,1.0,38.0,0.8614,0.0,32.733200000000004,71.0,26.0,0.106862,0.113545,0.120111,0.113015,0.103496,0.108498,0.11421,0.110934,0.10933,3.0658270111163395
2022-03,NOW,-0.0397123979304385,1.0,19.0,0.9032,0.0,17.160800000000002,70.0,27.36,0.103623,0.10845,0.118651,0.110299,0.110196,0.111521,0.122823,0.110825,0.103613,3.065229176251573
2022-04,NOW,-0.1414821224893974,0.0,28.0,0.7045,0.0,19.726,67.0,26.71,0.103623,0.10845,0.118651,0.110299,0.110196,0.111521,0.122823,0.110825,0.103613,3.0695816158841067
2022-05,NOW,-0.0222338359089786,0.0,19.0,0.7891,0.0,14.9929,71.0,25.5,0.103623,0.10845,0.118651,0.110299,0.110196,0.111521,0.122823,0.110825,0.103613,3.064207191601942
2022-06,NOW,0.0172202807046519,1.0,27.0,0.8505,0.0,22.9635,71.0,25.64,0.103623,0.10845,0.118651,0.110299,0.110196,0.111521,0.122823,0.110825,0.103613,3.0487389660347817
2022-07,NOW,-0.0606914090931662,1.0,43.0,0.6335,0.0,27.240499999999997,71.0,23.43,0.103623,0.10845,0.118651,0.110299,0.110196,0.111521,0.122823,0.110825,0.103613,3.0743184967611494
2022-08,NOW,-0.0269555938701113,0.0,23.0,0.5699,0.024,13.1077,69.0,22.79,0.103623,0.10845,0.118651,0.110299,0.110196,0.111521,0.122823,0.110825,0.103613,3.207369300144489
2022-09,NOW,-0.1311720578308152,0.0,26.0,0.8928,0.0101,23.2128,76.0,24.5,0.103986,0.108751,0.118681,0.109929,0.109936,0.111175,0.122219,0.11155,0.103772,3.2828691640138725
2022-10,NOW,0.1142183613804472,1.0,57.0,0.8543,0.0,48.6951,66.0,24.57,0.103986,0.108751,0.118681,0.109929,0.109936,0.111175,0.122219,0.11155,0.103772,3.27244565951561
2022-11,NOW,-0.0105528409538574,2.0,29.0,0.9621,0.0,27.9009,67.0,25.79,0.103986,0.108751,0.118681,0.109929,0.109936,0.111175,0.122219,0.11155,0.103772,3.2716098621590146
2022-12,NOW,-0.06733128349486,1.0,30.0,0.9444,0.0,28.332,68.0,25.86,0.107394,0.113861,0.119436,0.113642,0.103671,0.107475,0.113957,0.110364,0.110201,3.265918286456345
2023-01,NOW,0.172199780610939,11.0,44.0,0.7567,0.0,33.2948,72.0,27.43,0.107394,0.113861,0.119436,0.113642,0.103671,0.107475,0.113957,0.110364,0.110201,3.276396450230917
2023-02,NOW,-0.0504471559706847,0.0,23.0,0.7673,0.0123,17.6479,70.0,31.0,0.107394,0.113861,0.119436,0.113642,0.103671,0.107475,0.113957,0.110364,0.110201,3.2853660580183472
2023-03,NOW,0.07531760972231,1.0,17.0,0.9422,0.0215,16.017400000000002,65.0,30.57,0.103934,0.109086,0.118555,0.10962,0.109576,0.111125,0.12243,0.111495,0.10418,3.336522869380646
2023-04,NOW,-0.0114046905212752,1.0,55.0,0.6822,0.0057,37.521,66.0,30.14,0.103934,0.109086,0.118555,0.10962,0.109576,0.111125,0.12243,0.111495,0.10418,3.33667295265467
2023-05,NOW,0.1857994656003028,1.0,59.0,0.8733,0.031,51.524699999999996,68.0,31.29,0.103934,0.109086,0.118555,0.10962,0.109576,0.111125,0.12243,0.111495,0.10418,3.4345935553855345
2023-06,NOW,0.0315539839035994,29.0,34.0,0.8386,0.0196,28.5124,75.0,32.64,0.103934,0.109086,0.118555,0.10962,0.109576,0.111125,0.12243,0.111495,0.10418,3.5141817100261483
2023-07,NOW,0.0374219387761336,1.0,48.0,0.8904,0.0279,42.7392,73.0,30.57,0.103934,0.109086,0.118555,0.10962,0.109576,0.111125,0.12243,0.111495,0.10418,3.588655306401383
2023-08,NOW,0.0100000032716101,32.0,34.0,0.7891,0.0178,26.8294,72.0,29.57,0.103934,0.109086,0.118555,0.10962,0.109576,0.111125,0.12243,0.111495,0.10418,3.7112595373111965
2023-09,NOW,-0.0507277064879914,0.0,43.0,0.8231,0.0293,35.3933,71.0,30.57,0.103934,0.109086,0.118555,0.10962,0.109576,0.111125,0.12243,0.111495,0.10418,3.7732122833366057
2023-10,NOW,0.0409510782272959,0.0,63.0,0.7773,0.0281,48.9699,70.0,31.0,0.103934,0.109086,0.118555,0.10962,0.109576,0.111125,0.12243,0.111495,0.10418,3.849649645640289
2023-11,NOW,0.1785511021580297,1.0,48.0,0.8768,0.0204,42.0864,67.0,31.86,0.103934,0.109086,0.118555,0.10962,0.109576,0.111125,0.12243,0.111495,0.10418,3.8861435264053585
2023-12,NOW,0.030259349802534,1.0,48.0,0.9064,0.0202,43.5072,70.0,30.79,0.107948,0.119117,0.117267,0.112908,0.099274,0.10383,0.113797,0.113329,0.11253,3.899193008964595
2024-01,NOW,0.0833840346967951,2.0,76.0,0.8326,0.0262,63.2776,70.0,32.79,0.107948,0.119117,0.117267,0.112908,0.099274,0.10383,0.113797,0.113329,0.11253,3.928108107812711
2024-02,NOW,0.007760671059765,3.0,62.0,0.8978,0.0351,55.6636,71.0,36.07,0.107948,0.119117,0.117267,0.112908,0.099274,0.10383,0.113797,0.113329,0.11253,3.970570135058608
2024-03,NOW,-0.0115902817259716,2.0,50.0,0.8338,0.0142,41.69,71.0,35.86,0.103934,0.109086,0.118555,0.10962,0.109576,0.111125,0.12243,0.111495,0.10418,3.9628409017306145
2024-04,NOW,-0.0905954600498012,0.0,58.0,0.8242,0.0161,47.8036,70.0,35.29,0.103934,0.109086,0.118555,0.10962,0.109576,0.111125,0.12243,0.111495,0.10418,3.971450048312858
2024-05,NOW,-0.0525002434632189,1.0,54.0,0.9451,0.0385,51.0354,69.0,36.21,0.103934,0.109086,0.118555,0.10962,0.109576,0.111125,0.12243,0.111495,0.10418,4.017347892865959
2024-06,NOW,0.1974943885457232,1.0,54.0,0.8445,0.0345,45.603,71.0,34.0,0.103934,0.109086,0.118555,0.10962,0.109576,0.111125,0.12243,0.111495,0.10418,4.009800295736242
2024-07,NOW,0.0352371792528027,2.0,78.0,0.8184,0.0218,63.8352,75.0,32.57,0.103934,0.109086,0.118555,0.10962,0.109576,0.111125,0.12243,0.111495,0.10418,4.033169605413648
2024-08,NOW,0.0498655049809482,4.0,66.0,0.8154,0.0283,53.8164,76.0,33.07,0.103934,0.109086,0.118555,0.10962,0.109576,0.111125,0.12243,0.111495,0.10418,4.066644621976274
2024-09,NOW,0.0460702104178087,0.0,367.0,0.1173,0.0273,43.0491,73.0,35.36,0.103149,0.10846,0.118706,0.110067,0.110448,0.11097,0.123127,0.111182,0.103892,4.068371376882693
2024-10,NOW,0.043157911887188,3.0,412.0,0.1387,0.0305,57.1444,75.0,36.21,0.103149,0.10846,0.118706,0.110067,0.110448,0.11097,0.123127,0.111182,0.103892,4.108501159449579
2024-11,NOW,0.1248137299821317,0.0,359.0,0.0995,0.0,35.7205,85.0,38.36,0.103149,0.10846,0.118706,0.110067,0.110448,0.11097,0.123127,0.111182,0.103892,4.163943547267186
2024-12,NOW,0.0101768637651742,4.0,314.0,0.101,0.0,31.714000000000002,82.0,37.14,0.111064,0.122015,0.115174,0.114706,0.099292,0.102134,0.113738,0.111712,0.110165,4.242688164473366
2025-01,NOW,-0.0393729347641866,3.0,416.0,0.2498,0.0357,103.9168,81.0,38.79,0.111064,0.122015,0.115174,0.114706,0.099292,0.102134,0.113738,0.111712,0.110165,4.330707442098717
2025-02,NOW,-0.0870205594649728,2.0,270.0,0.2337,0.0421,63.099,79.0,41.43,0.111064,0.122015,0.115174,0.114706,0.099292,0.102134,0.113738,0.111712,0.110165,4.384915851486843
2025-03,NOW,-0.1437145049255122,0.0,66.0,0.8616,0.0525,56.8656,79.0,39.86,0.104658,0.109771,0.118877,0.110008,0.108738,0.110207,0.121883,0.112074,0.103784,4.43174873369414
2025-04,NOW,0.1995503473543209,5.0,102.0,0.8986,0.0328,91.65719999999999,80.0,40.07,0.104658,0.109771,0.118877,0.110008,0.108738,0.110207,0.121883,0.112074,0.103784,4.495005298932296
2025-05,NOW,0.058721916432721,1.0,69.0,0.9358,0.0633,64.5702,82.0,40.21,0.104658,0.109771,0.118877,0.110008,0.108738,0.110207,0.121883,0.112074,0.103784,4.610202828785046
2025-06,NOW,0.0168036226060188,3.0,85.0,0.941,0.0369,79.985,86.0,45.64,0.104658,0.109771,0.118877,0.110008,0.108738,0.110207,0.121883,0.112074,0.103784,4.662178282731467
2025-07,NOW,-0.082639505760561,2.0,300.0,0.8803,0.02,264.09,84.0,48.5,0.104658,0.109771,0.118877,0.110008,0.108738,0.110207,0.121883,0.112074,0.103784,4.691125941308401
2025-08,NOW,-0.0272075065634378,1.0,239.0,0.8483,0.0299,202.74370000000002,98.0,87.57,0.104658,0.109771,0.118877,0.110008,0.108738,0.110207,0.121883,0.112074,0.103784,4.739041661548384
2025-09,NOW,0.0030736781321296,1.0,463.0,0.9532,0.0347,441.33160000000004,94.0,86.07,0.104658,0.109771,0.118877,0.110008,0.108738,0.110207,0.121883,0.112074,0.103784,4.862393522782638
2025-10,NOW,-0.0010866092303835,9.0,584.0,0.9531,0.0275,556.6103999999999,93.0,86.86,0.104658,0.109771,0.118877,0.110008,0.108738,0.110207,0.121883,0.112074,0.103784,4.94836439494462
2025-11,NOW,-0.1162540675980877,1.0,537.0,0.9552,0.0205,512.9424,98.0,91.29,0.104658,0.109771,0.118877,0.110008,0.108738,0.110207,0.121883,0.112074,0.103784,5.013233257611486
2025-12,NOW,-0.0571878269264359,0.0,741.0,0.8268,0.038,612.6587999999999,100.0,86.86,0.113315,0.12475,0.11721,0.112222,0.09925,0.093866,0.110474,0.115024,0.113888,5.140093755422778
2014-01,NVDA,-0.0199748032127442,10.0,0.0,0.0,0.0,0.0,1.0,18.14,0.123846,0.111886,0.108008,0.114976,0.108447,0.096814,0.112714,0.113274,0.110035,0.004694835680751174
2014-02,NVDA,0.1707001587830918,12.0,0.0,0.0,0.0,0.0,1.0,18.14,0.123846,0.111886,0.108008,0.114976,0.108447,0.096814,0.112714,0.113274,0.110035,0.02494415531414302
2014-03,NVDA,-0.0211714732841493,5.0,0.0,0.0,0.0,0.0,1.0,17.14,0.135421,0.110844,0.099728,0.12138,0.110327,0.092467,0.100415,0.11358,0.115836,0.031608663581594414
2014-04,NVDA,0.0312672814703283,1.0,0.0,0.0,0.0,0.0,1.0,17.21,0.135421,0.110844,0.099728,0.12138,0.110327,0.092467,0.100415,0.11358,0.115836,0.0314094087624706
2014-05,NVDA,0.0286952944966987,5.0,0.0,0.0,0.0,0.0,1.0,16.86,0.135421,0.110844,0.099728,0.12138,0.110327,0.092467,0.100415,0.11358,0.115836,0.034909692002152146
2014-06,NVDA,-0.0197159043257855,9.0,0.0,0.0,0.0,0.0,1.0,18.0,0.123291,0.111729,0.109,0.115034,0.10801,0.097032,0.111849,0.113792,0.110264,0.0426800912741907
2014-07,NVDA,-0.0560948791436489,8.0,0.0,0.0,0.0,0.0,1.0,19.29,0.123291,0.111729,0.109,0.115034,0.10801,0.097032,0.111849,0.113792,0.110264,0.051963473933407014
2014-08,NVDA,0.1114284288554803,6.0,0.0,0.0,0.0,0.0,1.0,17.86,0.123291,0.111729,0.109,0.115034,0.10801,0.097032,0.111849,0.113792,0.110264,0.05849580714108544
2014-09,NVDA,-0.0472176952341444,6.0,0.0,0.0,0.0,0.0,1.0,17.64,0.123154,0.112388,0.108881,0.115096,0.107894,0.097213,0.111728,0.11373,0.109916,0.06632380087116403
2014-10,NVDA,0.0590782442815183,7.0,0.0,0.0,0.0,0.0,1.0,18.14,0.123154,0.112388,0.108881,0.115096,0.107894,0.097213,0.111728,0.11373,0.109916,0.07337056273093823
2014-11,NVDA,0.073183147143313,10.0,0.0,0.0,0.0,0.0,1.0,18.36,0.123154,0.112388,0.108881,0.115096,0.107894,0.097213,0.111728,0.11373,0.109916,0.08406740428354821
2014-12,NVDA,-0.0398255613715776,7.0,0.0,0.0,0.0,0.0,1.0,17.79,0.123909,0.110866,0.108147,0.115334,0.108513,0.097952,0.112214,0.113413,0.109651,0.09028656343706813
2015-01,NVDA,-0.0423940443157523,15.0,0.0,0.0,0.0,0.0,1.0,17.21,0.123909,0.110866,0.108147,0.115334,0.108513,0.097952,0.112214,0.113413,0.109651,0.09433770904198946
2015-02,NVDA,0.1489580833209878,5.0,0.0,0.0,0.0,0.0,1.0,17.07,0.123909,0.110866,0.108147,0.115334,0.108513,0.097952,0.112214,0.113413,0.109651,0.10274157041895969
2015-03,NVDA,-0.0475701150331361,10.0,0.0,0.0,0.0,0.0,1.0,17.0,0.134671,0.111207,0.103177,0.119544,0.107819,0.094862,0.100357,0.11398,0.114383,0.11738329242833953
2015-04,NVDA,0.060677908987452,7.0,0.0,0.0,0.0,0.0,1.0,17.0,0.134671,0.111207,0.103177,0.119544,0.107819,0.094862,0.100357,0.11398,0.114383,0.1209400019973451
2015-05,NVDA,-0.0031525560216595,13.0,0.0,0.0,0.0,0.0,1.0,17.07,0.134671,0.111207,0.103177,0.119544,0.107819,0.094862,0.100357,0.11398,0.114383,0.12805590457647478
2015-06,NVDA,-0.0870729608550595,13.0,0.0,0.0,0.0,0.0,1.0,16.36,0.123307,0.112255,0.108383,0.115909,0.108597,0.09639,0.112478,0.112847,0.109833,0.13892423447250823
2015-07,NVDA,-0.0079560802079207,6.0,3.0,0.6607,0.0598,1.9821,1.0,16.71,0.123307,0.112255,0.108383,0.115909,0.108597,0.09639,0.112478,0.112847,0.109833,0.39828765558426593
2015-08,NVDA,0.1268169453753116,13.0,4.0,0.9455,0.0063,3.782,1.0,15.43,0.123307,0.112255,0.108383,0.115909,0.108597,0.09639,0.112478,0.112847,0.109833,0.5423820158230915
2015-09,NVDA,0.1011439718843205,5.0,2.0,0.9845,0.0125,1.969,1.0,15.64,0.123037,0.112958,0.108751,0.116091,0.108255,0.096881,0.111969,0.1127,0.109358,0.7574897999497805
2015-10,NVDA,0.150912444278326,8.0,1.0,0.153,0.0,0.153,1.0,16.36,0.123037,0.112958,0.108751,0.116091,0.108255,0.096881,0.111969,0.1127,0.109358,0.7287912989631677
2015-11,NVDA,0.1180826312284062,2.0,6.0,0.9722,0.0183,5.8332,1.0,16.36,0.123037,0.112958,0.108751,0.116091,0.108255,0.096881,0.111969,0.1127,0.109358,0.8892842486680047
2015-12,NVDA,0.0430377581542049,5.0,3.0,0.9517,0.0674,2.8551,1.0,16.36,0.123186,0.112944,0.108524,0.116324,0.107913,0.097276,0.112008,0.112341,0.109484,1.1503714483418281
2016-01,NVDA,-0.1113474645172091,15.0,4.0,0.9492,0.0303,3.7968,1.0,15.93,0.123186,0.112944,0.108524,0.116324,0.107913,0.097276,0.112008,0.112341,0.109484,1.2187863778577097
2016-02,NVDA,0.0706731944081635,2.0,2.0,0.9765,0.0139,1.953,1.0,16.14,0.123186,0.112944,0.108524,0.116324,0.107913,0.097276,0.112008,0.112341,0.109484,1.3068268071137077
2016-03,NVDA,0.1402999752202514,19.0,5.0,0.9546,0.0128,4.773,1.0,16.21,0.137817,0.112939,0.098578,0.120795,0.105319,0.091977,0.099277,0.115635,0.117663,1.4460183201671888
2016-04,NVDA,-0.0028067716774986,6.0,6.0,0.9462,0.053,5.6772,1.0,16.21,0.137817,0.112939,0.098578,0.120795,0.105319,0.091977,0.099277,0.115635,0.117663,1.6919475880770385
2016-05,NVDA,0.3149450761060588,9.0,6.0,0.975,0.0165,5.85,2.0,17.0,0.137817,0.112939,0.098578,0.120795,0.105319,0.091977,0.099277,0.115635,0.117663,1.887890884710811
2016-06,NVDA,0.0088204837429495,15.0,3.0,0.9873,0.0368,2.9619,2.0,16.14,0.123417,0.111155,0.108792,0.115742,0.10894,0.096633,0.111887,0.112207,0.111228,2.138991468041338
2016-07,NVDA,0.2146349174533541,4.0,2.0,0.938,0.0,1.876,2.0,15.21,0.123417,0.111155,0.108792,0.115742,0.10894,0.096633,0.111887,0.112207,0.111228,2.11543076852921
2016-08,NVDA,0.0742558036748697,12.0,3.0,0.9703,0.0167,2.9109000000000003,3.0,14.79,0.123417,0.111155,0.108792,0.115742,0.10894,0.096633,0.111887,0.112207,0.111228,2.1837460917428633
2016-09,NVDA,0.1191109985671228,4.0,4.0,0.9815,0.056,3.926,2.0,16.07,0.124274,0.110365,0.108282,0.115184,0.108638,0.095458,0.111815,0.114607,0.111377,2.3532667252530053
2016-10,NVDA,0.0385288612333687,14.0,2.0,0.9385,0.0408,1.877,2.0,17.0,0.124274,0.110365,0.108282,0.115184,0.108638,0.095458,0.111815,0.114607,0.111377,2.4874565536263704
2016-11,NVDA,0.2956716227859901,19.0,4.0,0.4768,0.0588,1.9072,4.0,17.93,0.124274,0.110365,0.108282,0.115184,0.108638,0.095458,0.111815,0.114607,0.111377,2.6413331013681933
2016-12,NVDA,0.1594339871663401,5.0,0.0,0.0,0.0,0.0,5.0,17.21,0.124154,0.110602,0.108258,0.11536,0.1086,0.095204,0.111136,0.114706,0.11198,2.5063950552249445
2017-01,NVDA,0.0228590750990731,28.0,10.0,0.9138,0.0398,9.138,5.0,17.64,0.124154,0.110602,0.108258,0.11536,0.1086,0.095204,0.111136,0.114706,0.11198,2.787015109613309
2017-02,NVDA,-0.0705258144413526,5.0,3.0,0.958,0.0303,2.8739999999999997,8.0,18.14,0.124154,0.110602,0.108258,0.11536,0.1086,0.095204,0.111136,0.114706,0.11198,2.8433950152251013
2017-03,NVDA,0.0747682186557341,3.0,4.0,0.9872,0.0899,3.9488,6.0,19.21,0.137519,0.120591,0.095973,0.123347,0.103032,0.088351,0.097279,0.116295,0.117614,3.0191161187299445
2017-04,NVDA,-0.0425040877594462,12.0,3.0,0.9163,0.084,2.7489,5.0,19.07,0.137519,0.120591,0.095973,0.123347,0.103032,0.088351,0.097279,0.116295,0.117614,3.170059641221105
2017-05,NVDA,0.3839881770918267,10.0,13.0,0.9752,0.0593,12.6776,9.0,19.36,0.137519,0.120591,0.095973,0.123347,0.103032,0.088351,0.097279,0.116295,0.117614,3.4169440665679343
2017-06,NVDA,0.0025095770400762,11.0,4.0,0.992,0.0481,3.968,9.0,20.14,0.125676,0.110607,0.107497,0.115638,0.109269,0.095887,0.111068,0.114606,0.109751,3.5248904213959937
2017-07,NVDA,0.1241692768268292,9.0,4.0,0.9058,0.0665,3.6232,8.0,20.0,0.125676,0.110607,0.107497,0.115638,0.109269,0.095887,0.111068,0.114606,0.109751,3.650812977219546
2017-08,NVDA,0.0426437475875494,7.0,5.0,0.9694,0.0347,4.847,10.0,19.0,0.125676,0.110607,0.107497,0.115638,0.109269,0.095887,0.111068,0.114606,0.109751,3.8149440481636923
2017-09,NVDA,0.0559928772843381,11.0,5.0,0.9942,0.0883,4.971,8.0,19.79,0.124209,0.11123,0.106758,0.115592,0.107242,0.095604,0.114549,0.114783,0.110033,3.9181145716123815
2017-10,NVDA,0.1568495284182591,5.0,7.0,0.9443,0.0531,6.6101,8.0,20.64,0.124209,0.11123,0.106758,0.115592,0.107242,0.095604,0.114549,0.114783,0.110033,4.045710065849221
2017-11,NVDA,-0.0294956191723437,10.0,6.0,0.9857,0.0494,5.9142,11.0,22.0,0.124209,0.11123,0.106758,0.115592,0.107242,0.095604,0.114549,0.114783,0.110033,4.153110531841812
2017-12,NVDA,-0.0352523179306613,5.0,4.0,0.9623,0.0716,3.8492,8.0,20.64,0.124541,0.112044,0.105698,0.116507,0.107621,0.095263,0.11283,0.115125,0.110372,4.331815330725098
2018-01,NVDA,0.2702839265265502,51.0,9.0,0.9432,0.0305,8.488800000000001,10.0,21.21,0.124541,0.112044,0.105698,0.116507,0.107621,0.095263,0.11283,0.115125,0.110372,4.4158629566780965
2018-02,NVDA,-0.0154596109131152,9.0,2.0,0.9955,0.0303,1.991,12.0,21.64,0.124541,0.112044,0.105698,0.116507,0.107621,0.095263,0.11283,0.115125,0.110372,4.381768305439609
2018-03,NVDA,-0.042421886102432,7.0,7.0,0.9697,0.0408,6.7879000000000005,9.0,21.07,0.13904,0.120466,0.097582,0.122844,0.100328,0.089442,0.097448,0.115609,0.117242,4.513546647888642
2018-04,NVDA,-0.0288872267916024,15.0,1.0,0.66,0.0333,0.66,8.0,21.0,0.13904,0.120466,0.097582,0.122844,0.100328,0.089442,0.097448,0.115609,0.117242,4.435319239547728
2018-05,NVDA,0.1213426034135143,12.0,6.0,0.9225,0.0417,5.535,11.0,20.5,0.13904,0.120466,0.097582,0.122844,0.100328,0.089442,0.097448,0.115609,0.117242,4.455830747013413
2018-06,NVDA,-0.0600478806641594,16.0,3.0,0.994,0.0805,2.982,7.0,19.71,0.124702,0.110997,0.107761,0.116074,0.108143,0.094769,0.111147,0.114583,0.111824,4.523148832390024
2018-07,NVDA,0.0336008437597072,10.0,1.0,0.66,0.0336,0.66,6.0,19.5,0.124702,0.110997,0.107761,0.116074,0.108143,0.094769,0.111147,0.114583,0.111824,4.616157604211531
2018-08,NVDA,0.1462877150547723,7.0,6.0,0.9768,0.0302,5.8608,10.0,19.29,0.124702,0.110997,0.107761,0.116074,0.108143,0.094769,0.111147,0.114583,0.111824,4.674935074994448
2018-09,NVDA,0.0017588957316698,6.0,6.0,0.9978,0.0616,5.986800000000001,6.0,20.29,0.124971,0.111984,0.107354,0.115993,0.107401,0.094444,0.11065,0.115164,0.112038,4.82736594555674
2018-10,NVDA,-0.249768696845151,6.0,4.0,0.9958,0.0356,3.9832,9.0,21.07,0.124971,0.111984,0.107354,0.115993,0.107401,0.094444,0.11065,0.115164,0.112038,4.845291196755696
2018-11,NVDA,-0.2248259345688772,16.0,7.0,0.9274,0.0566,6.4918,12.0,21.29,0.124971,0.111984,0.107354,0.115993,0.107401,0.094444,0.11065,0.115164,0.112038,4.941627738540761
2018-12,NVDA,-0.1823189361600359,8.0,8.0,0.5214,0.036,4.1712,8.0,20.07,0.124779,0.112227,0.107779,0.115842,0.107613,0.094413,0.11063,0.114906,0.111812,5.059856572846898
2019-01,NVDA,0.0767790643954722,62.0,27.0,0.1493,0.0058,4.0310999999999995,9.0,20.43,0.124779,0.112227,0.107779,0.115842,0.107613,0.094413,0.11063,0.114906,0.111812,4.939892695246231
2019-02,NVDA,0.0731128967017062,4.0,21.0,0.4896,0.0074,10.2816,8.0,21.64,0.124779,0.112227,0.107779,0.115842,0.107613,0.094413,0.11063,0.114906,0.111812,4.920920232936604
2019-03,NVDA,0.1652084787390932,9.0,11.0,0.9845,0.0484,10.829500000000001,7.0,21.64,0.139105,0.120315,0.09778,0.123022,0.100343,0.089467,0.097133,0.115706,0.117128,5.071595874266268
2019-04,NVDA,0.0080196641913428,19.0,4.0,0.985,0.0448,3.94,7.0,21.14,0.139105,0.120315,0.09778,0.123022,0.100343,0.089467,0.097133,0.115706,0.117128,5.133555015140441
2019-05,NVDA,-0.2516022020737489,21.0,11.0,0.9119,0.052,10.0309,7.0,20.86,0.139105,0.120315,0.09778,0.123022,0.100343,0.089467,0.097133,0.115706,0.117128,5.288263896889905
2019-06,NVDA,0.2137710132928008,20.0,6.0,0.979,0.0292,5.874,5.0,20.64,0.125486,0.112444,0.106778,0.116066,0.108335,0.094303,0.110977,0.114327,0.111284,5.336297095604779
2019-07,NVDA,0.027339664724165,10.0,3.0,0.9967,0.0266,2.9901,5.0,20.71,0.125486,0.112444,0.106778,0.116066,0.108335,0.094303,0.110977,0.114327,0.111284,5.408427461595461
2019-08,NVDA,-0.0071716080582646,8.0,7.0,0.8909,0.0509,6.2363,6.0,20.36,0.125486,0.112444,0.106778,0.116066,0.108335,0.094303,0.110977,0.114327,0.111284,5.537596077817116
2019-09,NVDA,0.0401902808198051,18.0,1.0,0.997,0.0182,0.997,4.0,21.43,0.125486,0.112708,0.106584,0.117605,0.107969,0.092962,0.110527,0.115052,0.111106,5.527260368668307
2019-10,NVDA,0.154823339797689,19.0,7.0,0.909,0.0592,6.363,5.0,21.79,0.125486,0.112708,0.106584,0.117605,0.107969,0.092962,0.110527,0.115052,0.111106,5.621497275469495
2019-11,NVDA,0.0782013390606277,35.0,8.0,0.9818,0.0612,7.8544,6.0,22.43,0.125486,0.112708,0.106584,0.117605,0.107969,0.092962,0.110527,0.115052,0.111106,5.786383899458289
2019-12,NVDA,0.0864332718149274,28.0,6.0,0.9702,0.0808,5.821199999999999,5.0,20.93,0.125011,0.111259,0.107105,0.118151,0.109355,0.094005,0.110094,0.114594,0.110426,5.894156810659659
2020-01,NVDA,0.0048023893878088,86.0,4.0,0.5608,0.0222,2.2432,5.0,25.93,0.125011,0.111259,0.107105,0.118151,0.109355,0.094005,0.110094,0.114594,0.110426,5.892958065835015
2020-02,NVDA,0.1422834196708122,9.0,2.0,0.9335,0.0192,1.867,10.0,25.07,0.125011,0.111259,0.107105,0.118151,0.109355,0.094005,0.110094,0.114594,0.110426,5.876306601100812
2020-03,NVDA,-0.0233729846184493,9.0,1.0,0.128,0.0274,0.128,8.0,20.14,0.137508,0.122181,0.100501,0.120784,0.10076,0.0891,0.099395,0.113521,0.11625,5.705321872508504
2020-04,NVDA,0.1088009458488323,18.0,7.0,0.8924,0.033,6.2467999999999995,7.0,20.79,0.137508,0.122181,0.100501,0.120784,0.10076,0.0891,0.099395,0.113521,0.11625,5.719529872008334
2020-05,NVDA,0.2146571147181797,18.0,15.0,0.956,0.0717,14.34,9.0,22.21,0.137508,0.122181,0.100501,0.120784,0.10076,0.0891,0.099395,0.113521,0.11625,5.83865971440961
2020-06,NVDA,0.0701088250979904,18.0,5.0,0.951,0.0455,4.755,7.0,21.93,0.124411,0.112915,0.107823,0.117648,0.10652,0.09341,0.112401,0.115721,0.109152,5.807286229890522
2020-07,NVDA,0.1181167710343433,18.0,4.0,0.5737,0.0337,2.2948,8.0,21.71,0.124411,0.112915,0.107823,0.117648,0.10652,0.09341,0.112401,0.115721,0.109152,5.73072745306525
2020-08,NVDA,0.2599918986372203,18.0,6.0,0.9238,0.0379,5.5428,11.0,20.71,0.124411,0.112915,0.107823,0.117648,0.10652,0.09341,0.112401,0.115721,0.109152,5.709428609079913
2020-09,NVDA,0.0116643212998257,27.0,20.0,0.7119,0.0273,14.238,14.0,22.07,0.124177,0.113296,0.107173,0.115992,0.105962,0.094241,0.11249,0.115353,0.111318,5.592476557407349
2020-10,NVDA,-0.0733713662666821,25.0,16.0,0.9512,0.0656,15.2192,9.0,20.5,0.124177,0.113296,0.107173,0.115992,0.105962,0.094241,0.11249,0.115353,0.111318,5.613103914833626
2020-11,NVDA,0.0692119080868816,26.0,12.0,0.9862,0.0434,11.834399999999999,8.0,19.36,0.124177,0.113296,0.107173,0.115992,0.105962,0.094241,0.11249,0.115353,0.111318,5.60643235710692
2020-12,NVDA,-0.0258555173794758,19.0,7.0,0.6941,0.0162,4.858700000000001,6.0,19.07,0.122698,0.113213,0.108407,0.115466,0.107376,0.094492,0.113123,0.114114,0.111111,5.457532764473368
2021-01,NVDA,-0.0047040887656391,55.0,12.0,0.952,0.0316,11.424,7.0,18.93,0.122698,0.113213,0.108407,0.115466,0.107376,0.094492,0.113123,0.114114,0.111111,5.363429343495914
2021-02,NVDA,0.0557939667683442,31.0,41.0,0.6569,0.0131,26.9329,9.0,20.0,0.122698,0.113213,0.108407,0.115466,0.107376,0.094492,0.113123,0.114114,0.111111,5.254967094154466
2021-03,NVDA,-0.0267052228543183,24.0,117.0,0.7235,0.0205,84.6495,7.0,19.79,0.136078,0.118597,0.102847,0.119221,0.102479,0.09066,0.098842,0.11515,0.116125,5.166756274478502
2021-04,NVDA,0.1248423511372713,14.0,325.0,0.6106,0.0512,198.44500000000002,7.0,19.36,0.136078,0.118597,0.102847,0.119221,0.102479,0.09066,0.098842,0.11515,0.116125,5.144660415802299
2021-05,NVDA,0.0822811930239515,24.0,334.0,0.6624,0.0145,221.2416,7.0,19.64,0.136078,0.118597,0.102847,0.119221,0.102479,0.09066,0.098842,0.11515,0.116125,5.027659454424029
2021-06,NVDA,0.2313400113920702,24.0,355.0,0.7311,0.0177,259.5405,12.0,20.21,0.1231,0.113764,0.10926,0.115865,0.106205,0.09506,0.111492,0.115532,0.109721,4.999865866310062
2021-07,NVDA,-0.0249484140887253,20.0,222.0,0.5931,0.0165,131.66819999999998,13.0,19.43,0.1231,0.113764,0.10926,0.115865,0.106205,0.09506,0.111492,0.115532,0.109721,4.9174103826504565
2021-08,NVDA,0.1480076868724036,13.0,353.0,0.4835,0.0236,170.6755,12.0,18.29,0.1231,0.113764,0.10926,0.115865,0.106205,0.09506,0.111492,0.115532,0.109721,4.890661182403265
2021-09,NVDA,-0.0743957507516419,27.0,168.0,0.6152,0.0141,103.3536,9.0,19.5,0.123321,0.112178,0.109917,0.115027,0.106088,0.095587,0.11269,0.11508,0.110113,4.796723165534968
2021-10,NVDA,0.2341667529353017,29.0,231.0,0.5797,0.0123,133.9107,9.0,19.64,0.123321,0.112178,0.109917,0.115027,0.106088,0.095587,0.11269,0.11508,0.110113,4.69549284285431
2021-11,NVDA,0.2780536285623272,34.0,450.0,0.6487,0.0239,291.915,21.0,20.79,0.123321,0.112178,0.109917,0.115027,0.106088,0.095587,0.11269,0.11508,0.110113,4.760283363378132
2021-12,NVDA,-0.0999202596801542,26.0,341.0,0.5686,0.0081,193.8926,18.0,19.29,0.124912,0.113337,0.109111,0.11582,0.105158,0.094782,0.112099,0.114824,0.109958,4.731675513299564
2022-01,NVDA,-0.1673524917227226,107.0,401.0,0.637,0.0057,255.437,15.0,24.86,0.124912,0.113337,0.109111,0.11582,0.105158,0.094782,0.112099,0.114824,0.109958,4.730355817374908
2022-02,NVDA,-0.0041248178884473,15.0,464.0,0.5374,0.0066,249.3536,19.0,26.0,0.124912,0.113337,0.109111,0.11582,0.105158,0.094782,0.112099,0.114824,0.109958,4.7059729889461295
2022-03,NVDA,0.1189665244807849,31.0,361.0,0.5462,0.0272,197.1782,14.0,27.36,0.136129,0.118894,0.103816,0.1192,0.102221,0.090678,0.099027,0.114987,0.115048,4.8025991675016915
2022-04,NVDA,-0.3201582373125432,18.0,287.0,0.5054,0.0112,145.04979999999998,13.0,26.71,0.136129,0.118894,0.103816,0.1192,0.102221,0.090678,0.099027,0.114987,0.115048,4.709285287930468
2022-05,NVDA,0.0067398507649363,39.0,321.0,0.4782,0.0138,153.50220000000002,15.0,25.5,0.136129,0.118894,0.103816,0.1192,0.102221,0.090678,0.099027,0.114987,0.115048,4.689021479707998
2022-06,NVDA,-0.1881428821567387,53.0,201.0,0.5333,0.0081,107.1933,10.0,25.64,0.125269,0.110705,0.107358,0.117284,0.106795,0.094484,0.113237,0.115039,0.109828,4.616868488066683
2022-07,NVDA,0.1984193591570049,33.0,239.0,0.4642,0.0148,110.9438,11.0,23.43,0.125269,0.110705,0.107358,0.117284,0.106795,0.094484,0.113237,0.115039,0.109828,4.589110009625379
2022-08,NVDA,-0.1689698681419609,26.0,345.0,0.3605,0.0222,124.3725,13.0,22.79,0.125269,0.110705,0.107358,0.117284,0.106795,0.094484,0.113237,0.115039,0.109828,4.586834485736613
2022-09,NVDA,-0.1957731729244207,39.0,315.0,0.5014,0.0319,157.94099999999997,11.0,24.5,0.125469,0.111679,0.109757,0.116319,0.107742,0.092873,0.1108,0.114953,0.110408,4.717012892608916
2022-10,NVDA,0.1122011844777279,36.0,214.0,0.5831,0.0158,124.78339999999999,8.0,24.57,0.125469,0.111679,0.109757,0.116319,0.107742,0.092873,0.1108,0.114953,0.110408,4.670696393484331
2022-11,NVDA,0.2538343101439682,28.0,252.0,0.5647,0.0174,142.3044,9.0,25.79,0.125469,0.111679,0.109757,0.116319,0.107742,0.092873,0.1108,0.114953,0.110408,4.629934317903473
2022-12,NVDA,-0.1362205512619139,20.0,209.0,0.4926,0.0143,102.9534,7.0,25.86,0.124346,0.111243,0.110374,0.116052,0.107119,0.094023,0.110421,0.114853,0.11157,4.540106009112079
2023-01,NVDA,0.3368688003981255,84.0,220.0,0.596,0.0218,131.12,8.0,27.43,0.124346,0.111243,0.110374,0.116052,0.107119,0.094023,0.110421,0.114853,0.11157,4.542582190239715
2023-02,NVDA,0.1883093186638518,24.0,374.0,0.5122,0.0498,191.56279999999998,14.0,31.0,0.124346,0.111243,0.110374,0.116052,0.107119,0.094023,0.110421,0.114853,0.11157,4.692105959138444
2023-03,NVDA,0.1964593421849092,37.0,347.0,0.6567,0.057,227.8749,14.0,30.57,0.133217,0.116566,0.102375,0.119398,0.108371,0.093524,0.099098,0.114104,0.113346,4.875548407588893
2023-04,NVDA,-0.0008384774684442,20.0,286.0,0.6784,0.0547,194.0224,11.0,30.14,0.133217,0.116566,0.102375,0.119398,0.108371,0.093524,0.099098,0.114104,0.113346,4.950232121489722
2023-05,NVDA,0.363436622047705,49.0,398.0,0.6673,0.0549,265.5854,23.0,31.29,0.133217,0.116566,0.102375,0.119398,0.108371,0.093524,0.099098,0.114104,0.113346,5.1273728340641185
2023-06,NVDA,0.1180947896416091,35.0,870.0,0.6232,0.0485,542.184,24.0,32.64,0.12536,0.113511,0.108588,0.115258,0.104776,0.093159,0.111063,0.116481,0.111804,5.246350093173637
2023-07,NVDA,0.1047666179245874,49.0,583.0,0.6423,0.0439,374.4609,18.0,30.57,0.12536,0.113511,0.108588,0.115258,0.104776,0.093159,0.111063,0.116481,0.111804,5.339960487130075
2023-08,NVDA,0.0561964105204841,26.0,1000.0,0.6211,0.0489,621.1,31.0,29.57,0.12536,0.113511,0.108588,0.115258,0.104776,0.093159,0.111063,0.116481,0.111804,5.528691626209326
2023-09,NVDA,-0.1186507252623219,22.0,744.0,0.6522,0.0611,485.2368,19.0,30.57,0.125348,0.113343,0.107342,0.116165,0.105901,0.094049,0.111283,0.115743,0.110826,5.681048557677281
2023-10,NVDA,-0.0624297991573529,59.0,812.0,0.5466,0.0491,443.8392,17.0,31.0,0.125348,0.113343,0.107342,0.116165,0.105901,0.094049,0.111283,0.115743,0.110826,5.828510317032167
2023-11,NVDA,0.1468857822643823,47.0,1000.0,0.6318,0.0535,631.8000000000001,22.0,31.86,0.125348,0.113343,0.107342,0.116165,0.105901,0.094049,0.111283,0.115743,0.110826,6.03437845449471
2023-12,NVDA,0.0588410344869521,39.0,873.0,0.6773,0.0546,591.2829,17.0,30.79,0.12371,0.111291,0.10873,0.116913,0.106912,0.094886,0.111215,0.115608,0.110735,6.1408732615656785
2024-01,NVDA,0.2425267620989848,49.0,933.0,0.7185,0.0548,670.3605,26.0,32.79,0.12371,0.111291,0.10873,0.116913,0.106912,0.094886,0.111215,0.115608,0.110735,6.246561551072829
2024-02,NVDA,0.2858095321935536,21.0,1000.0,0.6479,0.0608,647.9,63.0,36.07,0.12371,0.111291,0.10873,0.116913,0.106912,0.094886,0.111215,0.115608,0.110735,6.442109190337634
2024-03,NVDA,0.1421275854156225,41.0,890.0,0.6513,0.0588,579.657,59.0,35.86,0.132126,0.125444,0.107708,0.1166,0.103169,0.089082,0.101643,0.114506,0.109721,6.670283615038118
2024-04,NVDA,-0.0437153654553047,38.0,695.0,0.6629,0.0647,460.7155,41.0,35.29,0.132126,0.125444,0.107708,0.1166,0.103169,0.089082,0.101643,0.114506,0.109721,6.844591915537128
2024-05,NVDA,0.2688708817850005,41.0,906.0,0.6971,0.0524,631.5726000000001,59.0,36.21,0.132126,0.125444,0.107708,0.1166,0.103169,0.089082,0.101643,0.114506,0.109721,6.990443306393283
2024-06,NVDA,0.1268507023188743,31.0,1000.0,0.7043,0.0751,704.3000000000001,91.0,34.0,0.124327,0.113929,0.109278,0.114851,0.105389,0.093658,0.112015,0.11521,0.111344,7.227635489470673
2024-07,NVDA,-0.0526987265983143,53.0,987.0,0.6724,0.0663,663.6588,68.0,32.57,0.124327,0.113929,0.109278,0.114851,0.105389,0.093658,0.112015,0.11521,0.111344,7.460074165456213
2024-08,NVDA,0.0200820539085972,28.0,938.0,0.6074,0.0676,569.7412,93.0,33.07,0.124327,0.113929,0.109278,0.114851,0.105389,0.093658,0.112015,0.11521,0.111344,7.6781449340770305
2024-09,NVDA,0.0173411506098657,46.0,792.0,0.6949,0.063,550.3607999999999,64.0,35.36,0.124501,0.113749,0.109198,0.114868,0.105337,0.093351,0.112007,0.115345,0.111642,7.910405032889416
2024-10,NVDA,0.0933082769432562,60.0,623.0,0.7015,0.0725,437.0345,60.0,36.21,0.124501,0.113749,0.109198,0.114868,0.105337,0.093351,0.112007,0.115345,0.111642,8.06949777106742
2024-11,NVDA,0.0413528124454201,59.0,226.0,0.292,0.0978,65.99199999999999,68.0,38.36,0.124501,0.113749,0.109198,0.114868,0.105337,0.093351,0.112007,0.115345,0.111642,8.266692121361162
2024-12,NVDA,-0.0286437943984609,36.0,212.0,0.2691,0.0763,57.0492,51.0,37.14,0.124501,0.113749,0.109198,0.114868,0.105337,0.093351,0.112007,0.115345,0.111642,8.34485562913152
2025-01,NVDA,-0.105828681643692,73.0,598.0,0.5872,0.0801,351.14560000000006,83.0,38.79,0.124501,0.113749,0.109198,0.114868,0.105337,0.093351,0.112007,0.115345,0.111642,8.52008949072706
2025-02,NVDA,0.0403931058066469,28.0,820.0,0.5915,0.0794,485.03000000000003,82.0,41.43,0.124501,0.113749,0.109198,0.114868,0.105337,0.093351,0.112007,0.115345,0.111642,8.702064309059326
2025-03,NVDA,-0.1324047535973977,50.0,958.0,0.5802,0.0771,555.8316000000001,71.0,39.86,0.132021,0.125626,0.107836,0.116406,0.10296,0.088931,0.101878,0.114619,0.109722,8.86138224135254
2025-04,NVDA,0.0050748788987764,33.0,1000.0,0.5268,0.0568,526.8000000000001,78.0,40.07,0.132021,0.125626,0.107836,0.116406,0.10296,0.088931,0.101878,0.114619,0.109722,8.971871427233578
2025-05,NVDA,0.2406354992833321,32.0,1000.0,0.609,0.0775,609.0,68.0,40.21,0.132021,0.125626,0.107836,0.116406,0.10296,0.088931,0.101878,0.114619,0.109722,9.087061632547796
2025-06,NVDA,0.1691704144008772,43.0,1000.0,0.7597,0.0666,759.7,52.0,45.64,0.124461,0.112651,0.109439,0.114791,0.107005,0.093705,0.111537,0.116037,0.110373,9.146128051339074
2025-07,NVDA,0.1259088213853827,57.0,1000.0,0.7704,0.0605,770.4,58.0,48.5,0.124461,0.112651,0.109439,0.114791,0.107005,0.093705,0.111537,0.116037,0.110373,9.22984427792162
2025-08,NVDA,-0.0207455183638266,46.0,1000.0,0.6619,0.0613,661.9000000000001,100.0,87.57,0.124461,0.112651,0.109439,0.114791,0.107005,0.093705,0.111537,0.116037,0.110373,9.36214832496102
2025-09,NVDA,0.0711907820820574,29.0,1000.0,0.7719,0.0582,771.9,74.0,86.07,0.124461,0.112651,0.109439,0.114791,0.107005,0.093705,0.111537,0.116037,0.110373,9.41438497167064
2025-10,NVDA,0.0853329570759897,54.0,1000.0,0.8172,0.0752,817.2,68.0,86.86,0.124461,0.112651,0.109439,0.114791,0.107005,0.093705,0.111537,0.116037,0.110373,9.44984882620235
2025-11,NVDA,-0.1258828143464189,59.0,1000.0,0.7939,0.0682,793.9000000000001,91.0,91.29,0.124461,0.112651,0.109439,0.114791,0.107005,0.093705,0.111537,0.116037,0.110373,9.604195702970173
2025-12,NVDA,0.0536724352374313,65.0,1000.0,0.7665,0.0715,766.5,55.0,86.86,0.124461,0.112651,0.109439,0.114791,0.107005,0.093705,0.111537,0.116037,0.110373,9.621570621567821
2014-01,ORCL,-0.0355464906279986,52.0,0.0,0.0,0.0,0.0,7.0,18.14,0.118666,0.121776,0.121099,0.110801,0.100476,0.093296,0.11296,0.116432,0.104495,0.03653435766111822
2014-02,ORCL,0.0632638165111068,5.0,0.0,0.0,0.0,0.0,6.0,18.14,0.118666,0.121776,0.121099,0.110801,0.100476,0.093296,0.11296,0.116432,0.104495,0.053131860374673774
2014-03,ORCL,0.0460234313124439,14.0,0.0,0.0,0.0,0.0,7.0,17.14,0.118666,0.121776,0.121099,0.110801,0.100476,0.093296,0.11296,0.116432,0.104495,0.08563366916038685
2014-04,ORCL,-0.0007329300654745,5.0,0.0,0.0,0.0,0.0,7.0,17.21,0.118666,0.121776,0.121099,0.110801,0.100476,0.093296,0.11296,0.116432,0.104495,0.1008226484904153
2014-05,ORCL,0.0309507926344829,17.0,0.0,0.0,0.0,0.0,6.0,16.86,0.118666,0.121776,0.121099,0.110801,0.100476,0.093296,0.11296,0.116432,0.104495,0.12336792323925945
2014-06,ORCL,-0.0354592333597471,19.0,0.0,0.0,0.0,0.0,8.0,18.0,0.120681,0.130089,0.126214,0.110489,0.099117,0.088502,0.108718,0.114546,0.101644,0.15203811773582468
2014-07,ORCL,-0.0034540567637113,9.0,0.0,0.0,0.0,0.0,6.0,19.29,0.120681,0.130089,0.126214,0.110489,0.099117,0.088502,0.108718,0.114546,0.101644,0.16728185788304722
2014-08,ORCL,0.0312181628108818,15.0,0.0,0.0,0.0,0.0,5.0,17.86,0.120681,0.130089,0.126214,0.110489,0.099117,0.088502,0.108718,0.114546,0.101644,0.19021074805148547
2014-09,ORCL,-0.0782571917101584,11.0,0.0,0.0,0.0,0.0,7.0,17.64,0.116677,0.124237,0.125304,0.10935,0.099073,0.093446,0.112088,0.116169,0.103657,0.21323874278547034
2014-10,ORCL,0.0201151000209027,13.0,0.0,0.0,0.0,0.0,6.0,18.14,0.116677,0.124237,0.125304,0.10935,0.099073,0.093446,0.112088,0.116169,0.103657,0.23168723845041092
2014-11,ORCL,0.0894049481230534,15.0,0.0,0.0,0.0,0.0,4.0,18.36,0.116677,0.124237,0.125304,0.10935,0.099073,0.093446,0.112088,0.116169,0.103657,0.24804871231458062
2014-12,ORCL,0.0603632553332917,9.0,0.0,0.0,0.0,0.0,7.0,17.79,0.116369,0.124982,0.125052,0.109258,0.099162,0.093733,0.111967,0.116031,0.103446,0.26300412266231876
2015-01,ORCL,-0.0684895913555287,40.0,0.0,0.0,0.0,0.0,4.0,17.21,0.116369,0.124982,0.125052,0.109258,0.099162,0.093733,0.111967,0.116031,0.103446,0.2793005179665482
2015-02,ORCL,0.0489118987317147,11.0,0.0,0.0,0.0,0.0,4.0,17.07,0.116369,0.124982,0.125052,0.109258,0.099162,0.093733,0.111967,0.116031,0.103446,0.3007383149147331
2015-03,ORCL,-0.0152896839555685,14.0,0.0,0.0,0.0,0.0,6.0,17.0,0.116369,0.124982,0.125052,0.109258,0.099162,0.093733,0.111967,0.116031,0.103446,0.3246257208098425
2015-04,ORCL,0.010892064680227,13.0,0.0,0.0,0.0,0.0,4.0,17.0,0.116369,0.124982,0.125052,0.109258,0.099162,0.093733,0.111967,0.116031,0.103446,0.3323893159611915
2015-05,ORCL,0.0005149394012067,20.0,0.0,0.0,0.0,0.0,4.0,17.07,0.116369,0.124982,0.125052,0.109258,0.099162,0.093733,0.111967,0.116031,0.103446,0.34281641916946637
2015-06,ORCL,-0.0733503574167836,17.0,0.0,0.0,0.0,0.0,7.0,16.36,0.117701,0.128749,0.126967,0.109983,0.100145,0.091104,0.110245,0.111581,0.103524,0.36130437018951406
2015-07,ORCL,-0.0089331816057086,11.0,1.0,0.974,0.0,0.974,6.0,16.71,0.117701,0.128749,0.126967,0.109983,0.100145,0.091104,0.110245,0.111581,0.103524,0.4006106025768582
2015-08,ORCL,-0.0678927241304807,15.0,0.0,0.0,0.0,0.0,5.0,15.43,0.117701,0.128749,0.126967,0.109983,0.100145,0.091104,0.110245,0.111581,0.103524,0.4090784381126121
2015-09,ORCL,-0.0261526881095376,11.0,0.0,0.0,0.0,0.0,6.0,15.64,0.113027,0.126255,0.127078,0.107775,0.099467,0.095916,0.111983,0.114132,0.104368,0.4244421507726886
2015-10,ORCL,0.0753046120897225,9.0,0.0,0.0,0.0,0.0,5.0,16.36,0.113027,0.126255,0.127078,0.107775,0.099467,0.095916,0.111983,0.114132,0.104368,0.42379010387306176
2015-11,ORCL,0.0073351625365336,10.0,0.0,0.0,0.0,0.0,5.0,16.36,0.113027,0.126255,0.127078,0.107775,0.099467,0.095916,0.111983,0.114132,0.104368,0.4340594270693237
2015-12,ORCL,-0.0626123470447614,3.0,0.0,0.0,0.0,0.0,5.0,16.36,0.113246,0.126413,0.126553,0.107904,0.099622,0.095755,0.112018,0.114084,0.104406,0.4259313096218338
2016-01,ORCL,-0.0060222903390605,40.0,0.0,0.0,0.0,0.0,4.0,15.93,0.113246,0.126413,0.126553,0.107904,0.099622,0.095755,0.112018,0.114084,0.104406,0.43668402720462246
2016-02,ORCL,0.0171202947393349,22.0,0.0,0.0,0.0,0.0,4.0,16.14,0.113246,0.126413,0.126553,0.107904,0.099622,0.095755,0.112018,0.114084,0.104406,0.49815367201567295
2016-03,ORCL,0.1122894934290523,6.0,0.0,0.0,0.0,0.0,7.0,16.21,0.113246,0.126413,0.126553,0.107904,0.099622,0.095755,0.112018,0.114084,0.104406,0.4977952479098944
2016-04,ORCL,-0.0256663605713263,4.0,0.0,0.0,0.0,0.0,5.0,16.21,0.113246,0.126413,0.126553,0.107904,0.099622,0.095755,0.112018,0.114084,0.104406,0.49219311439244495
2016-05,ORCL,0.0122897792839347,20.0,0.0,0.0,0.0,0.0,4.0,17.0,0.113246,0.126413,0.126553,0.107904,0.099622,0.095755,0.112018,0.114084,0.104406,0.5017647736748985
2016-06,ORCL,0.0181590700197105,10.0,13.0,-0.5089,0.0,-6.6157,8.0,16.14,0.118313,0.131304,0.126898,0.108732,0.09945,0.091143,0.108145,0.112887,0.103126,0.5058867713920189
2016-07,ORCL,0.0026877641469102,7.0,5.0,-0.5588,0.0,-2.7939999999999996,6.0,15.21,0.118313,0.131304,0.126898,0.108732,0.09945,0.091143,0.108145,0.112887,0.103126,0.504036738518946
2016-08,ORCL,0.0080799966841109,9.0,0.0,0.0,0.0,0.0,4.0,14.79,0.118313,0.131304,0.126898,0.108732,0.09945,0.091143,0.108145,0.112887,0.103126,0.5064697327332952
2016-09,ORCL,-0.0470645626923783,11.0,0.0,0.0,0.0,0.0,5.0,16.07,0.114942,0.125812,0.12521,0.107759,0.099225,0.0952,0.111849,0.115089,0.104915,0.5219015524404196
2016-10,ORCL,-0.0218941145683341,12.0,0.0,0.0,0.0,0.0,4.0,17.0,0.114942,0.125812,0.12521,0.107759,0.099225,0.0952,0.111849,0.115089,0.104915,0.5186072394428063
2016-11,ORCL,0.0501223673557162,5.0,0.0,0.0,0.0,0.0,5.0,17.93,0.114942,0.125812,0.12521,0.107759,0.099225,0.0952,0.111849,0.115089,0.104915,0.5053078885031589
2016-12,ORCL,-0.0432945260865912,7.0,0.0,0.0,0.0,0.0,6.0,17.21,0.114912,0.125556,0.124702,0.108116,0.099303,0.095494,0.111664,0.115158,0.105095,0.4970425760383925
2017-01,ORCL,0.0431728062558474,58.0,1.0,0.982,0.0,0.982,4.0,17.64,0.114912,0.125556,0.124702,0.108116,0.099303,0.095494,0.111664,0.115158,0.105095,0.5436900122809988
2017-02,ORCL,0.0659886842655343,2.0,1.0,0.998,0.0,0.998,5.0,18.14,0.114912,0.125556,0.124702,0.108116,0.099303,0.095494,0.111664,0.115158,0.105095,0.5464902499370581
2017-03,ORCL,0.0474292876336996,8.0,0.0,0.0,0.0,0.0,8.0,19.21,0.114735,0.12569,0.12497,0.108018,0.099338,0.095554,0.111658,0.114991,0.105047,0.589123580538091
2017-04,ORCL,0.0078456204006942,11.0,1.0,0.999,0.0,0.999,4.0,19.07,0.114735,0.12569,0.12497,0.108018,0.099338,0.095554,0.111658,0.114991,0.105047,0.612844280517966
2017-05,ORCL,0.0139137627629517,10.0,1.0,0.999,0.0,0.999,5.0,19.36,0.114735,0.12569,0.12497,0.108018,0.099338,0.095554,0.111658,0.114991,0.105047,0.6129387994022625
2017-06,ORCL,0.1046486336928911,11.0,0.0,0.0,0.0,0.0,11.0,20.14,0.116835,0.129657,0.125374,0.109438,0.100626,0.092286,0.110334,0.111504,0.103947,0.6148964113027238
2017-07,ORCL,-0.0041883305955554,7.0,0.0,0.0,0.0,0.0,8.0,20.0,0.116835,0.129657,0.125374,0.109438,0.100626,0.092286,0.110334,0.111504,0.103947,0.6072460945908104
2017-08,ORCL,0.0118135752361723,10.0,2.0,0.9945,0.0071,1.989,6.0,19.0,0.116835,0.129657,0.125374,0.109438,0.100626,0.092286,0.110334,0.111504,0.103947,0.6982382018945541
2017-09,ORCL,-0.0393405196243402,10.0,1.0,0.997,0.0,0.997,10.0,19.79,0.112865,0.125043,0.126209,0.107601,0.100847,0.095629,0.111705,0.115474,0.104627,0.7156870430071145
2017-10,ORCL,0.0527405665522522,3.0,2.0,0.998,0.0,1.996,7.0,20.64,0.112865,0.125043,0.126209,0.107601,0.100847,0.095629,0.111705,0.115474,0.104627,0.7432727135634349
2017-11,ORCL,-0.032347694012295,6.0,1.0,0.996,0.0,0.996,5.0,22.0,0.112865,0.125043,0.126209,0.107601,0.100847,0.095629,0.111705,0.115474,0.104627,0.7636761299155778
2017-12,ORCL,-0.0362820981531943,4.0,0.0,0.0,0.0,0.0,8.0,20.64,0.112865,0.125043,0.126209,0.107601,0.100847,0.095629,0.111705,0.115474,0.104627,0.7369864287203787
2018-01,ORCL,0.0911590625580593,49.0,1.0,0.998,0.0,0.998,7.0,21.21,0.112865,0.125043,0.126209,0.107601,0.100847,0.095629,0.111705,0.115474,0.104627,0.7486825062270235
2018-02,ORCL,-0.0140082956702211,6.0,2.0,0.99,0.0,1.98,7.0,21.64,0.112865,0.125043,0.126209,0.107601,0.100847,0.095629,0.111705,0.115474,0.104627,0.7583158650922898
2018-03,ORCL,-0.0970986662075282,6.0,2.0,0.995,0.0,1.99,10.0,21.07,0.113055,0.125918,0.126746,0.107939,0.10066,0.095743,0.110876,0.114635,0.104429,0.7907475485822504
2018-04,ORCL,-0.0017484581337173,11.0,2.0,0.994,0.0,1.988,7.0,21.0,0.113055,0.125918,0.126746,0.107939,0.10066,0.095743,0.110876,0.114635,0.104429,0.8034266663768739
2018-05,ORCL,0.0272262446834063,14.0,1.0,0.988,0.0,0.988,5.0,20.5,0.113055,0.125918,0.126746,0.107939,0.10066,0.095743,0.110876,0.114635,0.104429,0.8059083111621816
2018-06,ORCL,-0.056934884269215,7.0,1.0,0.997,0.0,0.997,9.0,19.71,0.116753,0.130006,0.126781,0.109554,0.101376,0.092594,0.109133,0.1094,0.104404,0.8211832212259507
2018-07,ORCL,0.0821608806637694,11.0,1.0,0.998,0.0122,0.998,7.0,19.5,0.116753,0.130006,0.126781,0.109554,0.101376,0.092594,0.109133,0.1094,0.104404,1.0416983765375631
2018-08,ORCL,0.0228721546201298,6.0,23.0,-0.2931,0.0,-6.741300000000001,7.0,19.29,0.116753,0.130006,0.126781,0.109554,0.101376,0.092594,0.109133,0.1094,0.104404,1.0019823391760283
2018-09,ORCL,0.0613420795716634,5.0,23.0,-0.759,0.0,-17.457,9.0,20.29,0.115057,0.122195,0.125864,0.108271,0.104346,0.09609,0.113567,0.10919,0.10542,0.9663102488035067
2018-10,ORCL,-0.0527541963857444,8.0,14.0,0.0863,0.0057,1.2082,7.0,21.07,0.115057,0.122195,0.125864,0.108271,0.104346,0.09609,0.113567,0.10919,0.10542,0.9845190680711718
2018-11,ORCL,0.002381911862695,4.0,0.0,0.0,0.0,0.0,6.0,21.29,0.115057,0.122195,0.125864,0.108271,0.104346,0.09609,0.113567,0.10919,0.10542,0.9419606713961114
2018-12,ORCL,-0.0740363109657468,10.0,1.0,0.996,0.0,0.996,7.0,20.07,0.115398,0.12151,0.126069,0.108748,0.104769,0.095787,0.11357,0.10905,0.105099,0.9531810339003339
2019-01,ORCL,0.1125140093315684,47.0,0.0,0.0,0.0,0.0,6.0,20.43,0.115398,0.12151,0.126069,0.108748,0.104769,0.095787,0.11357,0.10905,0.105099,0.932658003628169
2019-02,ORCL,0.0419352049052457,6.0,1.0,0.999,0.0,0.999,7.0,21.64,0.115398,0.12151,0.126069,0.108748,0.104769,0.095787,0.11357,0.10905,0.105099,0.9215628870690439
2019-03,ORCL,0.0303084772535273,5.0,0.0,0.0,0.0,0.0,8.0,21.64,0.113437,0.12118,0.124709,0.109436,0.106042,0.094205,0.1137,0.109863,0.107427,0.8873290123236819
2019-04,ORCL,0.0301619713776986,4.0,1.0,0.995,0.0,0.995,6.0,21.14,0.113437,0.12118,0.124709,0.109436,0.106042,0.094205,0.1137,0.109863,0.107427,0.8727047663023714
2019-05,ORCL,-0.0813914906111834,7.0,0.0,0.0,0.0,0.0,5.0,20.86,0.113437,0.12118,0.124709,0.109436,0.106042,0.094205,0.1137,0.109863,0.107427,0.8589651552250203
2019-06,ORCL,0.1258893397572689,7.0,1.0,0.996,0.0,0.996,8.0,20.64,0.114343,0.128762,0.126935,0.109309,0.102656,0.091723,0.111217,0.110631,0.104425,0.9292787488213631
2019-07,ORCL,-0.011760221673407,3.0,2.0,0.9985,0.0055,1.997,8.0,20.71,0.114343,0.128762,0.126935,0.109309,0.102656,0.091723,0.111217,0.110631,0.104425,1.0337390547432017
2019-08,ORCL,-0.0715678407443961,7.0,0.0,0.0,0.0,0.0,5.0,20.36,0.114343,0.128762,0.126935,0.109309,0.102656,0.091723,0.111217,0.110631,0.104425,1.0021348341275857
2019-09,ORCL,0.057049631853941,16.0,2.0,0.999,0.0056,1.998,7.0,21.43,0.114654,0.12154,0.126819,0.108862,0.103582,0.095817,0.1134,0.110316,0.105009,1.1795773862285053
2019-10,ORCL,-0.00981302200371,9.0,0.0,0.0,0.0,0.0,5.0,21.79,0.114654,0.12154,0.126819,0.108862,0.103582,0.095817,0.1134,0.110316,0.105009,1.1329380120726034
2019-11,ORCL,0.0348760640987531,7.0,1.0,1.0,0.0,1.0,4.0,22.43,0.114654,0.12154,0.126819,0.108862,0.103582,0.095817,0.1134,0.110316,0.105009,1.1098682854048993
2019-12,ORCL,-0.0562879187593726,13.0,0.0,0.0,0.0,0.0,5.0,20.93,0.114624,0.12194,0.126716,0.108731,0.103915,0.09518,0.113399,0.110368,0.105128,1.0774612225250233
2020-01,ORCL,-0.0100037035825166,29.0,0.0,0.0,0.0,0.0,4.0,25.93,0.114624,0.12194,0.126716,0.108731,0.103915,0.09518,0.113399,0.110368,0.105128,1.0339576678216806
2020-02,ORCL,-0.0528093433511833,3.0,0.0,0.0,0.0,0.0,5.0,25.07,0.114624,0.12194,0.126716,0.108731,0.103915,0.09518,0.113399,0.110368,0.105128,0.9843767872825077
2020-03,ORCL,-0.0228468018464081,9.0,2.0,0.9965,0.0052,1.993,8.0,20.14,0.114624,0.12194,0.126716,0.108731,0.103915,0.09518,0.113399,0.110368,0.105128,1.0743716373447467
2020-04,ORCL,0.0960067044568664,10.0,1.0,0.981,0.0,0.981,6.0,20.79,0.114624,0.12194,0.126716,0.108731,0.103915,0.09518,0.113399,0.110368,0.105128,1.0520109923061616
2020-05,ORCL,0.0199251818001666,3.0,1.0,0.882,0.0,0.882,4.0,22.21,0.114624,0.12194,0.126716,0.108731,0.103915,0.09518,0.113399,0.110368,0.105128,1.0101628275204144
2020-06,ORCL,0.0278962174628236,11.0,2.0,0.751,0.0,1.502,8.0,21.93,0.115174,0.128655,0.126173,0.109715,0.102475,0.091728,0.111665,0.1105,0.103915,0.9952067352470646
2020-07,ORCL,0.0032569788355303,8.0,0.0,0.0,0.0,0.0,6.0,21.71,0.115174,0.128655,0.126173,0.109715,0.102475,0.091728,0.111665,0.1105,0.103915,0.9526834065408486
2020-08,ORCL,0.0362832396083152,5.0,0.0,0.0,0.0,0.0,6.0,20.71,0.115174,0.128655,0.126173,0.109715,0.102475,0.091728,0.111665,0.1105,0.103915,0.9219747016258673
2020-09,ORCL,0.0433413672945093,13.0,4.0,0.984,0.0,3.936,17.0,22.07,0.114623,0.119894,0.122227,0.112361,0.103601,0.09558,0.114596,0.112391,0.104727,0.9427170540340141
2020-10,ORCL,-0.0601338510060832,7.0,8.0,0.9931,0.0,7.9448,6.0,20.5,0.114623,0.119894,0.122227,0.112361,0.103601,0.09558,0.114596,0.112391,0.104727,0.9485230119534367
2020-11,ORCL,0.0328590733027824,6.0,4.0,0.9908,0.0,3.9632,4.0,19.36,0.114623,0.119894,0.122227,0.112361,0.103601,0.09558,0.114596,0.112391,0.104727,0.9232972478071019
2020-12,ORCL,0.1207552706251906,17.0,2.0,0.91,0.0,1.82,6.0,19.07,0.113845,0.118413,0.125317,0.111165,0.10412,0.096078,0.113191,0.112563,0.105308,0.914626352357192
2021-01,ORCL,-0.0658525062780751,27.0,11.0,0.9881,0.0063,10.8691,4.0,18.93,0.113845,0.118413,0.125317,0.111165,0.10412,0.096078,0.113191,0.112563,0.105308,0.933427386425975
2021-02,ORCL,0.0716009400972306,9.0,17.0,0.7089,0.0073,12.0513,5.0,20.0,0.113845,0.118413,0.125317,0.111165,0.10412,0.096078,0.113191,0.112563,0.105308,0.9581062592055638
2021-03,ORCL,0.0877382074833263,10.0,79.0,0.8264,0.0,65.2856,8.0,19.79,0.113859,0.118338,0.124862,0.111355,0.104415,0.096258,0.113006,0.112412,0.105496,0.9607701146048226
2021-04,ORCL,0.0800916837043057,6.0,83.0,0.6738,0.0,55.925399999999996,7.0,19.36,0.113859,0.118338,0.124862,0.111355,0.104415,0.096258,0.113006,0.112412,0.105496,0.9397220078326011
2021-05,ORCL,0.0434181639992232,14.0,57.0,0.9569,0.0093,54.543299999999995,6.0,19.64,0.113859,0.118338,0.124862,0.111355,0.104415,0.096258,0.113006,0.112412,0.105496,0.9601513504293375
2021-06,ORCL,-0.0114298610991601,9.0,121.0,0.8111,0.0,98.1431,8.0,20.21,0.114284,0.127708,0.126499,0.110695,0.102197,0.090925,0.112003,0.111638,0.10405,0.9549905974433966
2021-07,ORCL,0.1194757804497934,6.0,38.0,0.7874,0.0,29.9212,9.0,19.43,0.114284,0.127708,0.126499,0.110695,0.102197,0.090925,0.112003,0.111638,0.10405,0.9354175094558848
2021-08,ORCL,0.0266097131223443,9.0,34.0,0.897,0.0,30.498,7.0,18.29,0.114284,0.127708,0.126499,0.110695,0.102197,0.090925,0.112003,0.111638,0.10405,0.9193114863823866
2021-09,ORCL,-0.0224391832980425,6.0,118.0,0.6426,0.0047,75.82679999999999,7.0,19.5,0.113236,0.116082,0.123586,0.113114,0.105781,0.096458,0.116088,0.111671,0.103983,0.9401117797643301
2021-10,ORCL,0.101113362260683,9.0,75.0,0.727,0.0,54.525,7.0,19.64,0.113236,0.116082,0.123586,0.113114,0.105781,0.096458,0.116088,0.111671,0.103983,0.9268621825044459
2021-11,ORCL,-0.0509106390092399,7.0,68.0,0.7584,0.0057,51.5712,5.0,20.79,0.113236,0.116082,0.123586,0.113114,0.105781,0.096458,0.116088,0.111671,0.103983,0.9341359390351079
2021-12,ORCL,-0.0389020948271219,7.0,207.0,0.7167,0.0,148.3569,10.0,19.29,0.11453,0.116723,0.125319,0.112495,0.104997,0.093609,0.115026,0.112063,0.105239,0.9610443764709098
2022-01,ORCL,-0.069372884329859,36.0,82.0,0.866,0.0,71.012,6.0,24.86,0.11453,0.116723,0.125319,0.112495,0.104997,0.093609,0.115026,0.112063,0.105239,0.9597001837494729
2022-02,ORCL,-0.0604704406025373,29.0,39.0,0.8396,0.0,32.7444,6.0,26.0,0.11453,0.116723,0.125319,0.112495,0.104997,0.093609,0.115026,0.112063,0.105239,1.017825327861443
2022-03,ORCL,0.08898251894494,13.0,75.0,0.6446,0.0,48.345,7.0,27.36,0.117021,0.114441,0.121038,0.11199,0.106091,0.095084,0.115954,0.112307,0.106075,1.0300409836467108
2022-04,ORCL,-0.1127763436853152,3.0,45.0,0.8254,0.0,37.143,5.0,26.71,0.117021,0.114441,0.121038,0.11199,0.106091,0.095084,0.115954,0.112307,0.106075,0.9943469850865797
2022-05,ORCL,-0.0163305139453433,6.0,57.0,0.7156,0.0,40.7892,5.0,25.5,0.117021,0.114441,0.121038,0.11199,0.106091,0.095084,0.115954,0.112307,0.106075,0.9698544625424115
2022-06,ORCL,-0.0285039165247157,6.0,128.0,0.6193,0.0,79.2704,8.0,25.64,0.114218,0.1264,0.12693,0.11121,0.103246,0.088762,0.111061,0.112888,0.105283,0.9589080154168648
2022-07,ORCL,0.1140690621860827,3.0,62.0,0.5853,0.0,36.2886,6.0,23.43,0.114218,0.1264,0.12693,0.11121,0.103246,0.088762,0.111061,0.112888,0.105283,0.9255386966274961
2022-08,ORCL,-0.0431447074181199,9.0,58.0,0.6349,0.0047,36.824200000000005,6.0,22.79,0.114218,0.1264,0.12693,0.11121,0.103246,0.088762,0.111061,0.112888,0.105283,0.9338746515585563
2022-09,ORCL,-0.1763991197789792,8.0,130.0,0.657,0.0,85.41,6.0,24.5,0.114538,0.119267,0.127504,0.110954,0.105397,0.092868,0.115669,0.110123,0.103681,0.9463567318776833
2022-10,ORCL,0.2783690239055252,13.0,80.0,0.7726,0.0,61.80799999999999,6.0,24.57,0.114538,0.119267,0.127504,0.110954,0.105397,0.092868,0.115669,0.110123,0.103681,0.9471514068256482
2022-11,ORCL,0.0690000761066074,11.0,63.0,0.8109,0.0049,51.0867,6.0,25.79,0.114538,0.119267,0.127504,0.110954,0.105397,0.092868,0.115669,0.110123,0.103681,0.9644421699841246
2022-12,ORCL,-0.0155366474074516,10.0,94.0,0.6411,0.0097,60.2634,7.0,25.86,0.114538,0.119267,0.127504,0.110954,0.105397,0.092868,0.115669,0.110123,0.103681,1.0105641364188556
2023-01,ORCL,0.0822117661414596,28.0,49.0,0.7542,0.0,36.955799999999996,7.0,27.43,0.114538,0.119267,0.127504,0.110954,0.105397,0.092868,0.115669,0.110123,0.103681,0.9884431904374948
2023-02,ORCL,-0.0082779873459376,6.0,53.0,0.8408,0.0176,44.5624,6.0,31.0,0.114538,0.119267,0.127504,0.110954,0.105397,0.092868,0.115669,0.110123,0.103681,1.04714685692144
2023-03,ORCL,0.0631578526769616,10.0,124.0,0.5296,0.0122,65.6704,7.0,30.57,0.114538,0.119267,0.127504,0.110954,0.105397,0.092868,0.115669,0.110123,0.103681,1.093613213990156
2023-04,ORCL,0.0193717539102555,7.0,57.0,0.8539,0.0069,48.6723,7.0,30.14,0.114538,0.119267,0.127504,0.110954,0.105397,0.092868,0.115669,0.110123,0.103681,1.098776539068913
2023-05,ORCL,0.1231377491830794,5.0,57.0,0.751,0.0202,42.807,8.0,31.29,0.114538,0.119267,0.127504,0.110954,0.105397,0.092868,0.115669,0.110123,0.103681,1.1306624567083794
2023-06,ORCL,0.1241268543119951,19.0,179.0,0.6829,0.0333,122.2391,15.0,32.64,0.113338,0.127704,0.12787,0.109986,0.101469,0.0882,0.11062,0.115069,0.105745,1.2289345677324832
2023-07,ORCL,-0.0156183704354997,11.0,59.0,0.8726,0.0247,51.4834,8.0,30.57,0.113338,0.127704,0.12787,0.109986,0.101469,0.0882,0.11062,0.115069,0.105745,1.2622580228807614
2023-08,ORCL,0.0305594210402828,10.0,96.0,0.7045,0.0256,67.632,9.0,29.57,0.113338,0.127704,0.12787,0.109986,0.101469,0.0882,0.11062,0.115069,0.105745,1.323632813883542
2023-09,ORCL,-0.1201926860704355,10.0,250.0,0.6866,0.0177,171.65,14.0,30.57,0.11429,0.117985,0.127466,0.110921,0.105654,0.093438,0.115625,0.11054,0.10408,1.4015397404558905
2023-10,ORCL,-0.0237914544633887,12.0,74.0,0.7122,0.0211,52.7028,8.0,31.0,0.11429,0.117985,0.127466,0.110921,0.105654,0.093438,0.115625,0.11054,0.10408,1.435273773439525
2023-11,ORCL,0.1280003455147598,11.0,76.0,0.8323,0.0231,63.2548,8.0,31.86,0.11429,0.117985,0.127466,0.110921,0.105654,0.093438,0.115625,0.11054,0.10408,1.4813560452683492
2023-12,ORCL,-0.0927629021321785,10.0,115.0,0.6924,0.0145,79.626,11.0,30.79,0.112217,0.120116,0.127796,0.110432,0.104714,0.092946,0.115821,0.111432,0.104526,1.4839212278794058
2024-01,ORCL,0.0594705768821246,25.0,59.0,0.905,0.0249,53.395,8.0,32.79,0.112217,0.120116,0.127796,0.110432,0.104714,0.092946,0.115821,0.111432,0.104526,1.5105591078711145
2024-02,ORCL,0.003695039492908,10.0,56.0,0.9554,0.0132,53.5024,8.0,36.07,0.112217,0.120116,0.127796,0.110432,0.104714,0.092946,0.115821,0.111432,0.104526,1.5029493626598167
2024-03,ORCL,0.124731364333555,12.0,104.0,0.7854,0.0304,81.6816,14.0,35.86,0.112217,0.120116,0.127796,0.110432,0.104714,0.092946,0.115821,0.111432,0.104526,1.568079896567558
2024-04,ORCL,-0.094419256829019,19.0,100.0,0.8432,0.0444,84.32,7.0,35.29,0.112217,0.120116,0.127796,0.110432,0.104714,0.092946,0.115821,0.111432,0.104526,1.6767994641628163
2024-05,ORCL,0.0335666565530541,13.0,119.0,0.9064,0.0396,107.8616,8.0,36.21,0.112217,0.120116,0.127796,0.110432,0.104714,0.092946,0.115821,0.111432,0.104526,1.7414949293864679
2024-06,ORCL,0.2048809208376316,39.0,139.0,0.7733,0.0319,107.4887,15.0,34.0,0.11477,0.127362,0.126206,0.110943,0.10217,0.087431,0.110437,0.114269,0.106413,1.8068214948627992
2024-07,ORCL,-0.0123938050289302,11.0,102.0,0.8018,0.0435,81.78359999999999,10.0,32.57,0.11477,0.127362,0.126206,0.110943,0.10217,0.087431,0.110437,0.114269,0.106413,1.8722507391363026
2024-08,ORCL,0.0160552642519009,19.0,71.0,0.9308,0.0242,66.0868,10.0,33.07,0.11477,0.127362,0.126206,0.110943,0.10217,0.087431,0.110437,0.114269,0.106413,1.8842187967256634
2024-09,ORCL,0.2060301275403386,13.0,168.0,0.8567,0.0368,143.9256,21.0,35.36,0.111795,0.119955,0.127433,0.110497,0.105791,0.09336,0.115979,0.110712,0.104478,1.9739387805056934
2024-10,ORCL,-0.0150233074531866,10.0,44.0,0.945,0.0387,41.58,13.0,36.21,0.111795,0.119955,0.127433,0.110497,0.105791,0.09336,0.115979,0.110712,0.104478,1.9846480235165602
2024-11,ORCL,0.1037631931101996,27.0,2.0,0.735,0.0,1.47,13.0,38.36,0.111795,0.119955,0.127433,0.110497,0.105791,0.09336,0.115979,0.110712,0.104478,1.9345554798398377
2024-12,ORCL,-0.0984635163352155,36.0,14.0,0.1444,0.0205,2.0216,17.0,37.14,0.111795,0.119955,0.127433,0.110497,0.105791,0.09336,0.115979,0.110712,0.104478,1.9505845209132868
2025-01,ORCL,0.0205233471671684,77.0,125.0,0.7553,0.0638,94.4125,21.0,38.79,0.111795,0.119955,0.127433,0.110497,0.105791,0.09336,0.115979,0.110712,0.104478,2.127816869033196
2025-02,ORCL,-0.021121013956009,15.0,95.0,0.8232,0.055,78.20400000000001,15.0,41.43,0.111795,0.119955,0.127433,0.110497,0.105791,0.09336,0.115979,0.110712,0.104478,2.210385322935696
2025-03,ORCL,-0.1580753744397829,18.0,191.0,0.7669,0.0396,146.4779,18.0,39.86,0.111795,0.119955,0.127433,0.110497,0.105791,0.09336,0.115979,0.110712,0.104478,2.274246756735786
2025-04,ORCL,0.0065087203333427,17.0,98.0,0.8178,0.0287,80.14439999999999,16.0,40.07,0.111795,0.119955,0.127433,0.110497,0.105791,0.09336,0.115979,0.110712,0.104478,2.288076097024477
2025-05,ORCL,0.1805332351718855,31.0,98.0,0.8595,0.057,84.23100000000001,12.0,40.21,0.111795,0.119955,0.127433,0.110497,0.105791,0.09336,0.115979,0.110712,0.104478,2.3935922334880773
2025-06,ORCL,0.3207878241599,50.0,438.0,0.7489,0.0281,328.0182,27.0,45.64,0.117197,0.127288,0.126591,0.110451,0.10278,0.089631,0.11011,0.11079,0.105162,2.556673015242457
2025-07,ORCL,0.1607280570192246,48.0,413.0,0.8274,0.0451,341.7162,28.0,48.5,0.117197,0.127288,0.126591,0.110451,0.10278,0.089631,0.11011,0.11079,0.105162,2.7564083467977802
2025-08,ORCL,-0.1070240442806848,26.0,509.0,0.8598,0.0349,437.6382,28.0,87.57,0.117197,0.127288,0.126591,0.110451,0.10278,0.089631,0.11011,0.11079,0.105162,2.875957665630997
2025-09,ORCL,0.2437092728011445,18.0,1000.0,0.7465,0.0236,746.5,100.0,86.07,0.11143,0.119877,0.127728,0.110043,0.104483,0.093422,0.116574,0.112019,0.104424,3.1895209894497305
2025-10,ORCL,-0.0662423369210843,45.0,942.0,0.7703,0.0739,725.6226,57.0,86.86,0.11143,0.119877,0.127728,0.110043,0.104483,0.093422,0.116574,0.112019,0.104424,3.510560990837549
2025-11,ORCL,-0.2296543735351957,38.0,705.0,0.7921,0.0653,558.4305,44.0,91.29,0.11143,0.119877,0.127728,0.110043,0.104483,0.093422,0.116574,0.112019,0.104424,3.774445781173525
2025-12,ORCL,-0.0348601507051761,49.0,1000.0,0.6054,0.0501,605.4000000000001,71.0,86.86,0.10877,0.122142,0.120839,0.110055,0.103664,0.09444,0.119772,0.116534,0.103786,4.020016632021244
2014-01,PANW,0.0344527515504882,0.0,0.0,0.0,0.0,0.0,7.0,18.14,0.11124,0.11233,0.118208,0.114454,0.108243,0.102692,0.116336,0.113104,0.103393,0.012121212121212121
2014-02,PANW,0.1968040278585205,0.0,0.0,0.0,0.0,0.0,8.0,18.14,0.11124,0.11233,0.118208,0.114454,0.108243,0.102692,0.116336,0.113104,0.103393,0.025582314901192244
2014-03,PANW,-0.0358397128988433,0.0,0.0,0.0,0.0,0.0,8.0,17.14,0.104999,0.107485,0.121217,0.107449,0.108819,0.103782,0.123586,0.116577,0.106086,0.03920025333502969
2014-04,PANW,-0.0731777932237798,0.0,0.0,0.0,0.0,0.0,6.0,17.21,0.104999,0.107485,0.121217,0.107449,0.108819,0.103782,0.123586,0.116577,0.106086,0.04710112227455951
2014-05,PANW,0.1782005903660659,1.0,0.0,0.0,0.0,0.0,6.0,16.86,0.104999,0.107485,0.121217,0.107449,0.108819,0.103782,0.123586,0.116577,0.106086,0.05581944934289909
2014-06,PANW,0.1193432731890862,2.0,0.0,0.0,0.0,0.0,6.0,18.0,0.105345,0.107888,0.120389,0.108595,0.108246,0.105037,0.123678,0.115426,0.105397,0.06560139471700466
2014-07,PANW,-0.035658888278507,1.0,0.0,0.0,0.0,0.0,6.0,19.29,0.105345,0.107888,0.120389,0.108595,0.108246,0.105037,0.123678,0.115426,0.105397,0.07401762323641221
2014-08,PANW,0.0510758733620591,2.0,0.0,0.0,0.0,0.0,6.0,17.86,0.105345,0.107888,0.120389,0.108595,0.108246,0.105037,0.123678,0.115426,0.105397,0.08388250477520502
2014-09,PANW,0.1542534716202612,2.0,0.0,0.0,0.0,0.0,10.0,17.64,0.111994,0.124559,0.116635,0.116073,0.107475,0.096147,0.105136,0.117344,0.104638,0.10287824524441921
2014-10,PANW,0.0774719500183678,0.0,0.0,0.0,0.0,0.0,8.0,18.14,0.111994,0.124559,0.116635,0.116073,0.107475,0.096147,0.105136,0.117344,0.104638,0.11168746635330823
2014-11,PANW,0.1636707579204319,0.0,0.0,0.0,0.0,0.0,8.0,18.36,0.111994,0.124559,0.116635,0.116073,0.107475,0.096147,0.105136,0.117344,0.104638,0.12208559720605525
2014-12,PANW,-0.0034959374404535,0.0,0.0,0.0,0.0,0.0,8.0,17.79,0.105208,0.108717,0.122418,0.108562,0.108728,0.103817,0.123824,0.114188,0.104538,0.13251740976848342
2015-01,PANW,0.0311658931144045,1.0,0.0,0.0,0.0,0.0,7.0,17.21,0.105208,0.108717,0.122418,0.108562,0.108728,0.103817,0.123824,0.114188,0.104538,0.13917082786656368
2015-02,PANW,0.1252472015216774,0.0,0.0,0.0,0.0,0.0,8.0,17.07,0.105208,0.108717,0.122418,0.108562,0.108728,0.103817,0.123824,0.114188,0.104538,0.14763883926533694
2015-03,PANW,0.0271410538655272,0.0,0.0,0.0,0.0,0.0,11.0,17.0,0.105514,0.107001,0.121222,0.108356,0.10984,0.104621,0.123935,0.114974,0.104537,0.16374275183913195
2015-04,PANW,0.0112267732839053,1.0,0.0,0.0,0.0,0.0,8.0,17.0,0.105514,0.107001,0.121222,0.108356,0.10984,0.104621,0.123935,0.114974,0.104537,0.1726685193777553
2015-05,PANW,0.147373355580052,0.0,0.0,0.0,0.0,0.0,10.0,17.07,0.105514,0.107001,0.121222,0.108356,0.10984,0.104621,0.123935,0.114974,0.104537,0.18605430312636753
2015-06,PANW,0.0307392941461805,1.0,0.0,0.0,0.0,0.0,11.0,16.36,0.105622,0.106996,0.121288,0.10845,0.109714,0.104578,0.12397,0.114926,0.104455,0.20053017813846638
2015-07,PANW,0.0637091997985788,0.0,0.0,0.0,0.0,0.0,13.0,16.71,0.105622,0.106996,0.121288,0.10845,0.109714,0.104578,0.12397,0.114926,0.104455,0.21480719895599956
2015-08,PANW,-0.1162890448885159,0.0,0.0,0.0,0.0,0.0,11.0,15.43,0.105622,0.106996,0.121288,0.10845,0.109714,0.104578,0.12397,0.114926,0.104455,0.22656052108319769
2015-09,PANW,0.0473754862710973,0.0,0.0,0.0,0.0,0.0,11.0,15.64,0.112915,0.122684,0.109128,0.116647,0.109578,0.101725,0.108673,0.114498,0.104152,0.23683316186533598
2015-10,PANW,-0.0639535742491977,0.0,0.0,0.0,0.0,0.0,9.0,16.36,0.112915,0.122684,0.109128,0.116647,0.109578,0.101725,0.108673,0.114498,0.104152,0.2437939024328383
2015-11,PANW,0.1636025405600667,0.0,0.0,0.0,0.0,0.0,11.0,16.36,0.112915,0.122684,0.109128,0.116647,0.109578,0.101725,0.108673,0.114498,0.104152,0.2503128222968033
2015-12,PANW,-0.0597843533352038,0.0,1.0,0.997,0.0664,0.997,9.0,16.36,0.105632,0.10699,0.121941,0.107575,0.109012,0.104797,0.124132,0.115281,0.104641,0.48608193960549984
2016-01,PANW,-0.1513000680642137,0.0,1.0,0.993,0.0751,0.993,9.0,15.93,0.105632,0.10699,0.121941,0.107575,0.109012,0.104797,0.124132,0.115281,0.104641,0.6883651727155785
2016-02,PANW,-0.0314402851001895,0.0,0.0,0.0,0.0,0.0,15.0,16.14,0.105632,0.10699,0.121941,0.107575,0.109012,0.104797,0.124132,0.115281,0.104641,0.6842981055054999
2016-03,PANW,0.1267353164648308,0.0,0.0,0.0,0.0,0.0,10.0,16.21,0.105473,0.106898,0.121304,0.107704,0.108596,0.104944,0.124673,0.115428,0.104981,0.6670678745916239
2016-04,PANW,-0.0752114761355896,0.0,0.0,0.0,0.0,0.0,10.0,16.21,0.105473,0.106898,0.121304,0.107704,0.108596,0.104944,0.124673,0.115428,0.104981,0.651314978630159
2016-05,PANW,-0.1352820274133288,0.0,0.0,0.0,0.0,0.0,12.0,17.0,0.105473,0.106898,0.121304,0.107704,0.108596,0.104944,0.124673,0.115428,0.104981,0.6394508358185246
2016-06,PANW,-0.0599417409247503,0.0,0.0,0.0,0.0,0.0,10.0,16.14,0.105207,0.10752,0.121004,0.108182,0.108609,0.105158,0.123337,0.116543,0.104441,0.7145914980447049
2016-07,PANW,0.0672700569507784,0.0,0.0,0.0,0.0,0.0,8.0,15.21,0.105207,0.10752,0.121004,0.108182,0.108609,0.105158,0.123337,0.116543,0.104441,0.741331106905381
2016-08,PANW,0.017419168070766,0.0,0.0,0.0,0.0,0.0,11.0,14.79,0.105207,0.10752,0.121004,0.108182,0.108609,0.105158,0.123337,0.116543,0.104441,0.7205026097790963
2016-09,PANW,0.1964406699842531,0.0,0.0,0.0,0.0,0.0,10.0,16.07,0.116548,0.123293,0.109718,0.116978,0.106448,0.097699,0.105622,0.116734,0.106961,0.7008431263698317
2016-10,PANW,-0.0345195981057381,0.0,0.0,0.0,0.0,0.0,8.0,17.0,0.116548,0.123293,0.109718,0.116978,0.106448,0.097699,0.105622,0.116734,0.106961,0.6768924395846296
2016-11,PANW,-0.1265032320651814,3.0,0.0,0.0,0.0,0.0,12.0,17.93,0.116548,0.123293,0.109718,0.116978,0.106448,0.097699,0.105622,0.116734,0.106961,0.667645347525034
2016-12,PANW,-0.0693607167099749,0.0,0.0,0.0,0.0,0.0,10.0,17.21,0.105483,0.107898,0.121101,0.108405,0.108167,0.105893,0.123456,0.11564,0.103957,0.6448074398517853
2017-01,PANW,0.1800079179751947,0.0,0.0,0.0,0.0,0.0,10.0,17.64,0.105483,0.107898,0.121101,0.108405,0.108167,0.105893,0.123456,0.11564,0.103957,0.6399738418933933
2017-02,PANW,0.0294118445424453,0.0,0.0,0.0,0.0,0.0,12.0,18.14,0.105483,0.107898,0.121101,0.108405,0.108167,0.105893,0.123456,0.11564,0.103957,0.6394528912312631
2017-03,PANW,-0.2581961806569239,0.0,0.0,0.0,0.0,0.0,19.0,19.21,0.105386,0.107806,0.121335,0.108386,0.108196,0.105621,0.123211,0.116034,0.104025,0.6805245436732282
2017-04,PANW,-0.0378949940631491,0.0,0.0,0.0,0.0,0.0,10.0,19.07,0.105386,0.107806,0.121335,0.108386,0.108196,0.105621,0.123211,0.116034,0.104025,0.6555164491094045
2017-05,PANW,0.0939027827480389,2.0,0.0,0.0,0.0,0.0,14.0,19.36,0.105386,0.107806,0.121335,0.108386,0.108196,0.105621,0.123211,0.116034,0.104025,0.6462590440225675
2017-06,PANW,0.1283413583835333,0.0,0.0,0.0,0.0,0.0,15.0,20.14,0.10574,0.107704,0.122031,0.108963,0.10826,0.104853,0.123345,0.115681,0.103421,0.6349873109911293
2017-07,PANW,-0.0151707556709875,0.0,0.0,0.0,0.0,0.0,8.0,20.0,0.10574,0.107704,0.122031,0.108963,0.10826,0.104853,0.123345,0.115681,0.103421,0.6064910688662061
2017-08,PANW,0.0069054473807983,0.0,0.0,0.0,0.0,0.0,9.0,19.0,0.10574,0.107704,0.122031,0.108963,0.10826,0.104853,0.123345,0.115681,0.103421,0.5823278839835524
2017-09,PANW,0.0859899010136504,0.0,0.0,0.0,0.0,0.0,11.0,19.79,0.115665,0.123191,0.112506,0.116175,0.105845,0.098791,0.105803,0.115257,0.106767,0.5660826874147441
2017-10,PANW,0.0215128279455034,1.0,0.0,0.0,0.0,0.0,8.0,20.64,0.115665,0.123191,0.112506,0.116175,0.105845,0.098791,0.105803,0.115257,0.106767,0.5690072216816727
2017-11,PANW,-0.0098504711203051,0.0,1.0,0.997,0.0095,0.997,12.0,22.0,0.115665,0.123191,0.112506,0.116175,0.105845,0.098791,0.105803,0.115257,0.106767,0.6385648744893481
2017-12,PANW,-0.0055574705378448,0.0,1.0,0.995,0.0138,0.995,7.0,20.64,0.105643,0.108382,0.1213,0.109313,0.109285,0.105064,0.121615,0.115505,0.103894,0.6958985178269841
2018-01,PANW,0.0892092736144529,5.0,0.0,0.0,0.0,0.0,8.0,21.21,0.105643,0.108382,0.1213,0.109313,0.109285,0.105064,0.121615,0.115505,0.103894,0.6656626119661007
2018-02,PANW,0.0981820733487492,0.0,1.0,0.995,0.0138,0.995,12.0,21.64,0.105643,0.108382,0.1213,0.109313,0.109285,0.105064,0.121615,0.115505,0.103894,0.7342663382021125
2018-03,PANW,0.0470092285439949,1.0,0.0,0.0,0.0,0.0,10.0,21.07,0.105161,0.108338,0.120946,0.109981,0.110657,0.106152,0.1227,0.114403,0.101661,0.7104909450401141
2018-04,PANW,0.0605443042786921,1.0,0.0,0.0,0.0,0.0,8.0,21.0,0.105161,0.108338,0.120946,0.109981,0.110657,0.106152,0.1227,0.114403,0.101661,0.6746526139547662
2018-05,PANW,0.0809309121864629,6.0,7.0,0.9986,0.0709,6.990200000000001,9.0,20.5,0.105161,0.108338,0.120946,0.109981,0.110657,0.106152,0.1227,0.114403,0.101661,1.0022232533566713
2018-06,PANW,-0.0125907555674248,0.0,0.0,0.0,0.0,0.0,13.0,19.71,0.105161,0.108338,0.120946,0.109981,0.110657,0.106152,0.1227,0.114403,0.101661,0.9818161294631335
2018-07,PANW,-0.035090314589722,2.0,2.0,0.9965,0.0229,1.993,8.0,19.5,0.105161,0.108338,0.120946,0.109981,0.110657,0.106152,0.1227,0.114403,0.101661,1.223965234050573
2018-08,PANW,0.1658933948087251,0.0,0.0,0.0,0.0,0.0,10.0,19.29,0.105161,0.108338,0.120946,0.109981,0.110657,0.106152,0.1227,0.114403,0.101661,1.2553441361036173
2018-09,PANW,-0.0254813845751372,0.0,0.0,0.0,0.0,0.0,12.0,20.29,0.11752,0.123701,0.115974,0.113231,0.105596,0.097781,0.105415,0.112853,0.107928,1.3502518084003021
2018-10,PANW,-0.187427826672041,1.0,1.0,0.994,0.0126,0.994,11.0,21.07,0.11752,0.123701,0.115974,0.113231,0.105596,0.097781,0.105415,0.112853,0.107928,1.371285400748156
2018-11,PANW,-0.0551245229622416,0.0,0.0,0.0,0.0,0.0,11.0,21.29,0.11752,0.123701,0.115974,0.113231,0.105596,0.097781,0.105415,0.112853,0.107928,1.3069792929697077
2018-12,PANW,0.0890430383861098,1.0,1.0,0.995,0.0128,0.995,9.0,20.07,0.106731,0.108853,0.121047,0.109945,0.10985,0.105244,0.122867,0.11418,0.101282,1.3537200827019167
2019-01,PANW,0.1405362433509127,4.0,0.0,0.0,0.0,0.0,9.0,20.43,0.106731,0.108853,0.121047,0.109945,0.10985,0.105244,0.122867,0.11418,0.101282,1.2883428544834377
2019-02,PANW,0.1464015890677119,0.0,0.0,0.0,0.0,0.0,14.0,21.64,0.106731,0.108853,0.121047,0.109945,0.10985,0.105244,0.122867,0.11418,0.101282,1.2352118084657067
2019-03,PANW,-0.0137653466174707,0.0,1.0,0.995,0.0119,0.995,10.0,21.64,0.107096,0.109437,0.116573,0.110659,0.108549,0.107277,0.122091,0.116293,0.102026,1.2411262910948564
2019-04,PANW,0.0244977448711969,2.0,1.0,0.995,0.0,0.995,9.0,21.14,0.107096,0.109437,0.116573,0.110659,0.108549,0.107277,0.122091,0.116293,0.102026,1.2097492198299813
2019-05,PANW,-0.1956757956018963,2.0,0.0,0.0,0.0,0.0,11.0,20.86,0.107096,0.109437,0.116573,0.110659,0.108549,0.107277,0.122091,0.116293,0.102026,1.1808216710214163
2019-06,PANW,0.018087314520971,0.0,0.0,0.0,0.0,0.0,10.0,20.64,0.106075,0.107889,0.119462,0.110168,0.107875,0.104784,0.120428,0.115243,0.108075,1.208150924932698
2019-07,PANW,0.1117982658628393,0.0,0.0,0.0,0.0,0.0,9.0,20.71,0.106075,0.107889,0.119462,0.110168,0.107875,0.104784,0.120428,0.115243,0.108075,1.1513015279961916
2019-08,PANW,-0.1011741736753769,0.0,0.0,0.0,0.0,0.0,11.0,20.36,0.106075,0.107889,0.119462,0.110168,0.107875,0.104784,0.120428,0.115243,0.108075,1.1018738118445104
2019-09,PANW,0.0010313283261547,1.0,0.0,0.0,0.0,0.0,15.0,21.43,0.116045,0.122726,0.113862,0.111966,0.10708,0.099015,0.105692,0.114009,0.109604,1.072455101250755
2019-10,PANW,0.1155865008344871,1.0,0.0,0.0,0.0,0.0,9.0,21.79,0.116045,0.122726,0.113862,0.111966,0.10708,0.099015,0.105692,0.114009,0.109604,1.0252475454293215
2019-11,PANW,-0.0007476732595383,0.0,0.0,0.0,0.0,0.0,13.0,22.43,0.116045,0.122726,0.113862,0.111966,0.10708,0.099015,0.105692,0.114009,0.109604,0.9907817453476173
2019-12,PANW,0.0177361770607853,1.0,0.0,0.0,0.0,0.0,9.0,20.93,0.106378,0.109908,0.120316,0.109452,0.108505,0.105545,0.122377,0.115771,0.101748,0.9473488326921402
2020-01,PANW,0.0152648590825308,5.0,0.0,0.0,0.0,0.0,9.0,25.93,0.106378,0.109908,0.120316,0.109452,0.108505,0.105545,0.122377,0.115771,0.101748,0.9104913596402298
2020-02,PANW,-0.2136468280641996,1.0,0.0,0.0,0.0,0.0,14.0,25.07,0.106378,0.109908,0.120316,0.109452,0.108505,0.105545,0.122377,0.115771,0.101748,0.8855829310681166
2020-03,PANW,-0.1119055125412045,0.0,0.0,0.0,0.0,0.0,15.0,20.14,0.105887,0.108571,0.118422,0.110383,0.109439,0.106875,0.125301,0.114099,0.101022,0.851096371688906
2020-04,PANW,0.1985239942028516,3.0,0.0,0.0,0.0,0.0,11.0,20.79,0.105887,0.108571,0.118422,0.110383,0.109439,0.106875,0.125301,0.114099,0.101022,0.8292663564876757
2020-05,PANW,0.1972418405449183,0.0,0.0,0.0,0.0,0.0,16.0,22.21,0.105887,0.108571,0.118422,0.110383,0.109439,0.106875,0.125301,0.114099,0.101022,0.8143021596282781
2020-06,PANW,-0.0238024660322987,2.0,0.0,0.0,0.0,0.0,11.0,21.93,0.1066,0.109327,0.119251,0.111582,0.108971,0.106979,0.122662,0.113685,0.100943,0.780649317634063
2020-07,PANW,0.1142944271401429,0.0,0.0,0.0,0.0,0.0,10.0,21.71,0.1066,0.109327,0.119251,0.111582,0.108971,0.106979,0.122662,0.113685,0.100943,0.7453454764251566
2020-08,PANW,0.005822213219107,1.0,2.0,0.881,0.0,1.762,15.0,20.71,0.1066,0.109327,0.119251,0.111582,0.108971,0.106979,0.122662,0.113685,0.100943,0.7481100291311246
2020-09,PANW,-0.0491822505216106,0.0,0.0,0.0,0.0,0.0,10.0,22.07,0.113541,0.124124,0.107707,0.114175,0.106786,0.100563,0.108999,0.115506,0.108598,0.7076800212013281
2020-10,PANW,-0.0962614783418874,1.0,4.0,0.4735,0.0,1.894,8.0,20.5,0.113541,0.124124,0.107707,0.114175,0.106786,0.100563,0.108999,0.115506,0.108598,0.688953424012626
2020-11,PANW,0.3288122990014734,0.0,1.0,0.983,0.0,0.983,12.0,19.36,0.113541,0.124124,0.107707,0.114175,0.106786,0.100563,0.108999,0.115506,0.108598,0.6739892820885459
2020-12,PANW,0.2091385151696121,3.0,2.0,0.5995,0.0067,1.199,12.0,19.07,0.107587,0.109689,0.121356,0.111603,0.10929,0.1065,0.122074,0.11182,0.100081,0.706943370939597
2021-01,PANW,-0.0130560990095719,4.0,2.0,0.7245,0.0,1.449,9.0,18.93,0.107587,0.109689,0.121356,0.111603,0.10929,0.1065,0.122074,0.11182,0.100081,0.6871585448614995
2021-02,PANW,0.0215538502689256,0.0,24.0,0.4284,0.0288,10.281600000000001,13.0,20.0,0.107587,0.109689,0.121356,0.111603,0.10929,0.1065,0.122074,0.11182,0.100081,0.8331730772152544
2021-03,PANW,-0.1011693982990395,0.0,18.0,0.7233,0.0377,13.019400000000001,11.0,19.79,0.10677,0.110124,0.121401,0.11085,0.109181,0.107882,0.121982,0.111626,0.100183,1.000853432635135
2021-04,PANW,0.0972800400482807,1.0,18.0,0.6083,0.0609,10.949399999999999,8.0,19.36,0.10677,0.110124,0.121401,0.11085,0.109181,0.107882,0.121982,0.111626,0.100183,1.1534515939851613
2021-05,PANW,0.0279011868318626,1.0,51.0,0.5438,0.0568,27.7338,10.0,19.64,0.10677,0.110124,0.121401,0.11085,0.109181,0.107882,0.121982,0.111626,0.100183,1.312667796329429
2021-06,PANW,0.021472801812908,3.0,39.0,0.6838,0.0201,26.6682,8.0,20.21,0.106568,0.108919,0.120713,0.111893,0.108964,0.107333,0.121967,0.113165,0.100478,1.3928866495413197
2021-07,PANW,0.0754614863520299,0.0,29.0,0.8087,0.0274,23.4523,10.0,19.43,0.106568,0.108919,0.120713,0.111893,0.108964,0.107333,0.121967,0.113165,0.100478,1.4701114003823412
2021-08,PANW,0.1553439221417445,1.0,83.0,0.6081,0.039,50.4723,17.0,18.29,0.106568,0.108919,0.120713,0.111893,0.108964,0.107333,0.121967,0.113165,0.100478,1.646744549585509
2021-09,PANW,0.0389554877828406,2.0,24.0,0.6596,0.0494,15.8304,12.0,19.5,0.113041,0.124062,0.107082,0.114492,0.107171,0.101714,0.108965,0.114585,0.108888,1.7823492710301319
2021-10,PANW,0.0628183619610824,2.0,39.0,0.6638,0.0406,25.888199999999998,11.0,19.64,0.113041,0.124062,0.107082,0.114492,0.107171,0.101714,0.108965,0.114585,0.108888,1.9106067048592854
2021-11,PANW,0.0743483573460912,1.0,52.0,0.7392,0.0421,38.4384,15.0,20.79,0.113041,0.124062,0.107082,0.114492,0.107171,0.101714,0.108965,0.114585,0.108888,2.0394572979489074
2021-12,PANW,0.0179544223271892,3.0,44.0,0.8336,0.0204,36.6784,12.0,19.29,0.110273,0.108505,0.118884,0.113781,0.10781,0.104435,0.122806,0.111621,0.101885,2.1565161928213183
2022-01,PANW,-0.0706947884861536,1.0,41.0,0.8108,0.0185,33.242799999999995,13.0,24.86,0.110273,0.108505,0.118884,0.113781,0.10781,0.104435,0.122806,0.111621,0.101885,2.2642720600808666
2022-02,PANW,0.1485311350531175,0.0,98.0,0.4947,0.0241,48.480599999999995,18.0,26.0,0.110273,0.108505,0.118884,0.113781,0.10781,0.104435,0.122806,0.111621,0.101885,2.3857343802281705
2022-03,PANW,0.0475557345098507,2.0,64.0,0.4537,0.0381,29.0368,19.0,27.36,0.110161,0.108413,0.118845,0.113956,0.10767,0.104498,0.122735,0.111626,0.102096,2.504791500522423
2022-04,PANW,-0.0983598130971697,0.0,38.0,0.6197,0.0395,23.5486,12.0,26.71,0.110161,0.108413,0.118845,0.113956,0.10767,0.104498,0.122735,0.111626,0.102096,2.593659998492159
2022-05,PANW,-0.1042260521252596,2.0,70.0,0.5474,0.0372,38.318,18.0,25.5,0.110161,0.108413,0.118845,0.113956,0.10767,0.104498,0.122735,0.111626,0.102096,2.7024220341684106
2022-06,PANW,-0.0175822653046229,2.0,25.0,0.7717,0.0425,19.2925,12.0,25.64,0.110161,0.108413,0.118845,0.113956,0.10767,0.104498,0.122735,0.111626,0.102096,2.770492462805178
2022-07,PANW,0.0104466203113837,0.0,36.0,0.8436,0.0361,30.369600000000002,11.0,23.43,0.110161,0.108413,0.118845,0.113956,0.10767,0.104498,0.122735,0.111626,0.102096,2.8389639262679407
2022-08,PANW,0.1156281121004612,3.0,77.0,0.5931,0.0375,45.668699999999994,20.0,22.79,0.110161,0.108413,0.118845,0.113956,0.10767,0.104498,0.122735,0.111626,0.102096,2.9438785250136514
2022-09,PANW,-0.1175266571849026,0.0,80.0,0.4865,0.0342,38.92,15.0,24.5,0.115768,0.121772,0.10496,0.114243,0.108584,0.103978,0.108391,0.113304,0.109001,3.020893551790073
2022-10,PANW,0.0476219755264999,1.0,38.0,0.7376,0.0405,28.0288,11.0,24.57,0.115768,0.121772,0.10496,0.114243,0.108584,0.103978,0.108391,0.113304,0.109001,3.074934714793518
2022-11,PANW,-0.0098490732412998,2.0,71.0,0.7519,0.041,53.3849,17.0,25.79,0.115768,0.121772,0.10496,0.114243,0.108584,0.103978,0.108391,0.113304,0.109001,3.16082017499446
2022-12,PANW,-0.1786933590406667,2.0,56.0,0.6898,0.0399,38.6288,11.0,25.86,0.110431,0.108201,0.119919,0.113151,0.10713,0.103959,0.121192,0.112678,0.103338,3.215199720443006
2023-01,PANW,0.1368783647878657,1.0,31.0,0.6153,0.0306,19.074299999999997,12.0,27.43,0.110431,0.108201,0.119919,0.113151,0.10713,0.103959,0.121192,0.112678,0.103338,3.2388659039052823
2023-02,PANW,0.1874054200827171,1.0,89.0,0.5654,0.0251,50.3206,22.0,31.0,0.110431,0.108201,0.119919,0.113151,0.10713,0.103959,0.121192,0.112678,0.103338,3.2201694005470265
2023-03,PANW,0.0603599865727189,1.0,150.0,0.4314,0.034,64.71000000000001,16.0,30.57,0.111472,0.108803,0.118256,0.114279,0.107692,0.104132,0.122116,0.112311,0.100938,3.218299774675907
2023-04,PANW,-0.0865124577153787,0.0,46.0,0.8068,0.0408,37.1128,12.0,30.14,0.111472,0.108803,0.118256,0.114279,0.107692,0.104132,0.122116,0.112311,0.100938,3.221209736840633
2023-05,PANW,0.1695165600003814,2.0,53.0,0.6174,0.0435,32.7222,19.0,31.29,0.111472,0.108803,0.118256,0.114279,0.107692,0.104132,0.122116,0.112311,0.100938,3.2240742538456395
2023-06,PANW,0.1973850472733576,1.0,66.0,0.7407,0.0302,48.8862,22.0,32.64,0.108529,0.109346,0.119752,0.113083,0.108001,0.10503,0.123732,0.111414,0.101113,3.1598713958866997
2023-07,PANW,-0.0217212160474618,1.0,80.0,0.787,0.038,62.96,18.0,30.57,0.108529,0.109346,0.119752,0.113083,0.108001,0.10503,0.123732,0.111414,0.101113,3.1259437064295024
2023-08,PANW,-0.0266442770172157,0.0,148.0,0.5283,0.045,78.1884,30.0,29.57,0.108529,0.109346,0.119752,0.113083,0.108001,0.10503,0.123732,0.111414,0.101113,3.1909598990829497
2023-09,PANW,-0.036415949441919,0.0,65.0,0.7461,0.0414,48.4965,15.0,30.57,0.112952,0.124896,0.105884,0.114354,0.106815,0.103788,0.109676,0.11349,0.108143,3.1738329789991697
2023-10,PANW,0.0365978576254242,0.0,96.0,0.7411,0.0351,71.1456,16.0,31.0,0.112952,0.124896,0.105884,0.114354,0.106815,0.103788,0.109676,0.11349,0.108143,3.170543131440965
2023-11,PANW,0.2142621642251787,0.0,135.0,0.6203,0.0422,83.7405,26.0,31.86,0.112952,0.124896,0.105884,0.114354,0.106815,0.103788,0.109676,0.11349,0.108143,3.2236157379953836
2023-12,PANW,-0.0007116183458746,2.0,90.0,0.6751,0.0424,60.759,21.0,30.79,0.107944,0.1082,0.119837,0.111985,0.107051,0.099158,0.123224,0.116437,0.106164,3.219702690284615
2024-01,PANW,0.1479585056984498,1.0,106.0,0.756,0.0485,80.136,23.0,32.79,0.107944,0.1082,0.119837,0.111985,0.107051,0.099158,0.123224,0.116437,0.106164,3.2493243847728817
2024-02,PANW,-0.082597327009665,0.0,153.0,0.5907,0.0503,90.3771,100.0,36.07,0.107944,0.1082,0.119837,0.111985,0.107051,0.099158,0.123224,0.116437,0.106164,3.4413818955578477
2024-03,PANW,-0.0850748154843573,1.0,68.0,0.5997,0.0394,40.7796,66.0,35.86,0.10828,0.107447,0.119579,0.111856,0.107297,0.099386,0.123269,0.116705,0.106181,3.532910528316124
2024-04,PANW,0.0237919601923533,1.0,57.0,0.6897,0.0384,39.3129,40.0,35.29,0.10828,0.107447,0.119579,0.111856,0.107297,0.099386,0.123269,0.116705,0.106181,3.546872564424634
2024-05,PANW,0.0138196184510848,3.0,128.0,0.7098,0.0569,90.8544,56.0,36.21,0.10828,0.107447,0.119579,0.111856,0.107297,0.099386,0.123269,0.116705,0.106181,3.6569293893874457
2024-06,PANW,0.149537165765468,5.0,53.0,0.7873,0.0516,41.7269,33.0,34.0,0.107759,0.109713,0.119456,0.11232,0.106443,0.100303,0.122222,0.115325,0.106459,3.639234194812429
2024-07,PANW,-0.0421226464350399,2.0,62.0,0.7875,0.0455,48.824999999999996,34.0,32.57,0.107759,0.109713,0.119456,0.11232,0.106443,0.100303,0.122222,0.115325,0.106459,3.6426310636582997
2024-08,PANW,0.1169894649373028,1.0,107.0,0.5994,0.0428,64.1358,47.0,33.07,0.107759,0.109713,0.119456,0.11232,0.106443,0.100303,0.122222,0.115325,0.106459,3.668793247235671
2024-09,PANW,-0.0576753786869482,7.0,35.0,0.9721,0.0509,34.0235,22.0,35.36,0.113494,0.127283,0.108334,0.111578,0.104667,0.101525,0.111248,0.113048,0.108822,3.645584028397626
2024-10,PANW,0.0542129884174269,4.0,36.0,0.9485,0.0514,34.146,26.0,36.21,0.113494,0.127283,0.108334,0.111578,0.104667,0.101525,0.111248,0.113048,0.108822,3.621491474376076
2024-11,PANW,0.0762912379662299,1.0,12.0,0.2021,0.0065,2.4252000000000002,33.0,38.36,0.113494,0.127283,0.108334,0.111578,0.104667,0.101525,0.111248,0.113048,0.108822,3.4897043621611097
2024-12,PANW,-0.0616265108687492,5.0,16.0,0.4618,0.0253,7.3888,33.0,37.14,0.107097,0.109908,0.117846,0.112232,0.106636,0.101282,0.12207,0.115172,0.107756,3.438121638119802
2025-01,PANW,0.013519407365963,2.0,59.0,0.7726,0.0746,45.5834,29.0,38.79,0.107097,0.109908,0.117846,0.112232,0.106636,0.101282,0.12207,0.115172,0.107756,3.4869812944116276
2025-02,PANW,0.0325886268653481,1.0,100.0,0.7432,0.0619,74.32,37.0,41.43,0.107097,0.109908,0.117846,0.112232,0.106636,0.101282,0.12207,0.115172,0.107756,3.5340611974503604
2025-03,PANW,-0.1039226699957212,4.0,50.0,0.8223,0.0632,41.115,23.0,39.86,0.107286,0.109617,0.117485,0.11241,0.106776,0.101269,0.122003,0.115169,0.107984,3.5379776645276073
2025-04,PANW,0.0954640960173434,1.0,70.0,0.8188,0.0628,57.315999999999995,24.0,40.07,0.107286,0.109617,0.117485,0.11241,0.106776,0.101269,0.122003,0.115169,0.107984,3.5913627321842205
2025-05,PANW,0.0293693131561083,3.0,118.0,0.7839,0.0605,92.5002,26.0,40.21,0.107286,0.109617,0.117485,0.11241,0.106776,0.101269,0.122003,0.115169,0.107984,3.6125423872504183
2025-06,PANW,0.0635069189116919,1.0,105.0,0.7763,0.0521,81.5115,25.0,45.64,0.106965,0.109937,0.117708,0.112181,0.106703,0.10144,0.122049,0.11524,0.107777,3.6050831333902185
2025-07,PANW,-0.1516809684260727,4.0,206.0,0.8335,0.0473,171.701,36.0,48.5,0.106965,0.109937,0.117708,0.112181,0.106703,0.10144,0.122049,0.11524,0.107777,3.6281599941291325
2025-08,PANW,0.0974654238137302,5.0,357.0,0.8313,0.0331,296.77410000000003,85.0,87.57,0.106965,0.109937,0.117708,0.112181,0.106703,0.10144,0.122049,0.11524,0.107777,3.749692999028974
2025-09,PANW,0.0687591357912862,3.0,135.0,0.9159,0.0553,123.6465,48.0,86.07,0.113628,0.121621,0.107564,0.1142,0.107356,0.102051,0.109971,0.113725,0.109885,3.8281792044283236
2025-10,PANW,0.081622683304807,4.0,99.0,0.9261,0.061,91.68390000000001,38.0,86.86,0.113628,0.121621,0.107564,0.1142,0.107356,0.102051,0.109971,0.113725,0.109885,3.8255225609268253
2025-11,PANW,-0.1367144926414657,6.0,186.0,0.7921,0.0536,147.3306,44.0,91.29,0.113628,0.121621,0.107564,0.1142,0.107356,0.102051,0.109971,0.113725,0.109885,3.8579495836048325
2025-12,PANW,-0.0311892272775425,7.0,112.0,0.9096,0.067,101.87519999999999,41.0,86.86,0.105555,0.11046,0.118425,0.110999,0.107299,0.101255,0.12256,0.1163,0.107146,3.894248422015099
2014-01,QCOM,-0.0004037633167163,40.0,0.0,0.0,0.0,0.0,24.0,18.14,0.115058,0.101928,0.113454,0.123256,0.111273,0.097889,0.118844,0.109059,0.109237,0.06524398918765115
2014-02,QCOM,0.0144163155063967,22.0,0.0,0.0,0.0,0.0,23.0,18.14,0.115058,0.101928,0.113454,0.123256,0.111273,0.097889,0.118844,0.109059,0.109237,0.14363340750238812
2014-03,QCOM,0.0474166079036082,27.0,0.0,0.0,0.0,0.0,21.0,17.14,0.111349,0.101193,0.114467,0.123933,0.111927,0.101388,0.117642,0.109416,0.108685,0.2221310235693924
2014-04,QCOM,0.00275962805492,25.0,0.0,0.0,0.0,0.0,26.0,17.21,0.111349,0.101193,0.114467,0.123933,0.111927,0.101388,0.117642,0.109416,0.108685,0.29953889644204934
2014-05,QCOM,0.0221062327086902,30.0,0.0,0.0,0.0,0.0,20.0,16.86,0.111349,0.101193,0.114467,0.123933,0.111927,0.101388,0.117642,0.109416,0.108685,0.35348127510105215
2014-06,QCOM,-0.0155375456305295,53.0,0.0,0.0,0.0,0.0,17.0,18.0,0.110671,0.100791,0.114996,0.122889,0.111959,0.100805,0.117728,0.111127,0.109034,0.4253477950296892
2014-07,QCOM,-0.0643068690103704,25.0,0.0,0.0,0.0,0.0,23.0,19.29,0.110671,0.100791,0.114996,0.122889,0.111959,0.100805,0.117728,0.111127,0.109034,0.4847797186875832
2014-08,QCOM,0.0322841356482677,21.0,0.0,0.0,0.0,0.0,22.0,17.86,0.110671,0.100791,0.114996,0.122889,0.111959,0.100805,0.117728,0.111127,0.109034,0.5362941638330431
2014-09,QCOM,-0.0120413685575079,27.0,0.0,0.0,0.0,0.0,18.0,17.64,0.108513,0.104078,0.114996,0.123174,0.122203,0.096143,0.109275,0.105882,0.115735,0.5939720630608948
2014-10,QCOM,0.0500199529939657,47.0,0.0,0.0,0.0,0.0,21.0,18.14,0.108513,0.104078,0.114996,0.123174,0.122203,0.096143,0.109275,0.105882,0.115735,0.6746093317480885
2014-11,QCOM,-0.0714556842224528,25.0,0.0,0.0,0.0,0.0,28.0,18.36,0.108513,0.104078,0.114996,0.123174,0.122203,0.096143,0.109275,0.105882,0.115735,0.7380691706551349
2014-12,QCOM,0.0255760980196704,22.0,0.0,0.0,0.0,0.0,22.0,17.79,0.111371,0.101487,0.114197,0.123756,0.112088,0.101416,0.118078,0.109242,0.108364,0.7828713830155148
2015-01,QCOM,-0.1596936559572785,50.0,0.0,0.0,0.0,0.0,27.0,17.21,0.111371,0.101487,0.114197,0.123756,0.112088,0.101416,0.118078,0.109242,0.108364,0.8277542916321862
2015-02,QCOM,0.1609033003810052,19.0,0.0,0.0,0.0,0.0,34.0,17.07,0.111371,0.101487,0.114197,0.123756,0.112088,0.101416,0.118078,0.109242,0.108364,0.9100949936507114
2015-03,QCOM,-0.0437181462296341,21.0,0.0,0.0,0.0,0.0,26.0,17.0,0.115499,0.101991,0.11275,0.124483,0.109958,0.098,0.117952,0.110265,0.109103,0.9628480392203559
2015-04,QCOM,-0.0136117889512681,25.0,0.0,0.0,0.0,0.0,28.0,17.0,0.115499,0.101991,0.11275,0.124483,0.109958,0.098,0.117952,0.110265,0.109103,1.009325129579715
2015-05,QCOM,0.0247061444296761,37.0,0.0,0.0,0.0,0.0,23.0,17.07,0.115499,0.101991,0.11275,0.124483,0.109958,0.098,0.117952,0.110265,0.109103,1.04865851187804
2015-06,QCOM,-0.1011770666813243,50.0,0.0,0.0,0.0,0.0,22.0,16.36,0.113174,0.102332,0.113904,0.123815,0.110384,0.099526,0.118013,0.110148,0.108704,1.1086580412870193
2015-07,QCOM,0.0352332952219527,22.0,3.0,0.998,0.0,2.9939999999999998,34.0,16.71,0.113174,0.102332,0.113904,0.123815,0.110384,0.099526,0.118013,0.110148,0.108704,1.243711638455951
2015-08,QCOM,-0.1212919989556898,19.0,1.0,0.992,0.0,0.992,27.0,15.43,0.113174,0.102332,0.113904,0.123815,0.110384,0.099526,0.118013,0.110148,0.108704,1.293180559242457
2015-09,QCOM,-0.0423704263008155,33.0,2.0,0.9965,0.0046,1.993,22.0,15.64,0.1078,0.103035,0.116983,0.122811,0.121921,0.096555,0.108514,0.106097,0.116285,1.4567243563453214
2015-10,QCOM,0.1058999442314241,26.0,5.0,0.5982,0.0,2.9909999999999997,24.0,16.36,0.1078,0.103035,0.116983,0.122811,0.121921,0.096555,0.108514,0.106097,0.116285,1.5143102959435506
2015-11,QCOM,-0.1788961104104067,13.0,2.0,0.999,0.0,1.998,35.0,16.36,0.1078,0.103035,0.116983,0.122811,0.121921,0.096555,0.108514,0.106097,0.116285,1.5558951347040737
2015-12,QCOM,0.034710784190846,28.0,3.0,0.1403,0.0,0.42090000000000005,30.0,16.36,0.113976,0.104015,0.111098,0.123395,0.109999,0.098375,0.118285,0.10989,0.110967,1.6157537049091644
2016-01,QCOM,-0.0930189426744175,91.0,4.0,0.0495,0.0,0.198,28.0,15.93,0.113976,0.104015,0.111098,0.123395,0.109999,0.098375,0.118285,0.10989,0.110967,1.653020324368745
2016-02,QCOM,0.1202031348097483,17.0,0.0,0.0,0.0,0.0,32.0,16.14,0.113976,0.104015,0.111098,0.123395,0.109999,0.098375,0.118285,0.10989,0.110967,1.697500918103248
2016-03,QCOM,0.0163418733817652,24.0,2.0,0.9955,0.0,1.991,26.0,16.21,0.119822,0.101358,0.110945,0.12333,0.111068,0.097802,0.116501,0.109126,0.110047,1.7549675601626074
2016-04,QCOM,-0.0121235809737112,22.0,1.0,0.999,0.0034,0.999,27.0,16.21,0.119822,0.101358,0.110945,0.12333,0.111068,0.097802,0.116501,0.109126,0.110047,1.8208024121206656
2016-05,QCOM,0.0870937338936734,44.0,1.0,0.999,0.0,0.999,23.0,17.0,0.119822,0.101358,0.110945,0.12333,0.111068,0.097802,0.116501,0.109126,0.110047,1.8755820652107449
2016-06,QCOM,-0.0152170622467031,18.0,1.0,0.998,0.0,0.998,23.0,16.14,0.119361,0.101379,0.111269,0.1232,0.111075,0.097587,0.116409,0.109495,0.110226,1.958718660732751
2016-07,QCOM,0.1681913397178736,17.0,0.0,0.0,0.0,0.0,32.0,15.21,0.119361,0.101379,0.111269,0.1232,0.111075,0.097587,0.116409,0.109495,0.110226,2.0153662272116355
2016-08,QCOM,0.0078295852775773,20.0,0.0,0.0,0.0,0.0,29.0,14.79,0.119361,0.101379,0.111269,0.1232,0.111075,0.097587,0.116409,0.109495,0.110226,2.032284880043748
2016-09,QCOM,0.09531396392609,25.0,0.0,0.0,0.0,0.0,24.0,16.07,0.107649,0.102187,0.116653,0.123637,0.122722,0.096234,0.107936,0.106653,0.116329,2.057331564582302
2016-10,QCOM,0.003211841608611,29.0,1.0,0.996,0.0,0.996,29.0,17.0,0.107649,0.102187,0.116653,0.123637,0.122722,0.096234,0.107936,0.106653,0.116329,2.083772524431841
2016-11,QCOM,-0.0085857396299506,14.0,1.0,0.999,0.0378,0.999,29.0,17.93,0.107649,0.102187,0.116653,0.123637,0.122722,0.096234,0.107936,0.106653,0.116329,2.216063138862612
2016-12,QCOM,-0.0355208214177689,15.0,2.0,0.9985,0.0263,1.997,27.0,17.21,0.119092,0.09909,0.112688,0.122461,0.112113,0.098258,0.117165,0.109959,0.109174,2.357884205052045
2017-01,QCOM,-0.1805213180042538,22.0,7.0,-0.1133,0.0063,-0.7931,42.0,17.64,0.119092,0.09909,0.112688,0.122461,0.112113,0.098258,0.117165,0.109959,0.109174,2.369356241383249
2017-02,QCOM,0.0570839751426692,16.0,7.0,-0.3279,0.0,-2.2953,37.0,18.14,0.119092,0.09909,0.112688,0.122461,0.112113,0.098258,0.117165,0.109959,0.109174,2.353346410805612
2017-03,QCOM,0.0247179945653919,23.0,6.0,-0.3913,0.0,-2.3478,29.0,19.21,0.121825,0.099396,0.111177,0.123191,0.110881,0.097886,0.117281,0.109122,0.10924,2.3303761292268836
2017-04,QCOM,-0.0627833127781559,17.0,1.0,0.998,0.0,0.998,36.0,19.07,0.121825,0.099396,0.111177,0.123191,0.110881,0.097886,0.117281,0.109122,0.10924,2.3391636005444294
2017-05,QCOM,0.0656868585253569,26.0,1.0,1.0,0.0,1.0,33.0,19.36,0.121825,0.099396,0.111177,0.123191,0.110881,0.097886,0.117281,0.109122,0.10924,2.332305241232037
2017-06,QCOM,-0.0263002832967126,29.0,0.0,0.0,0.0,0.0,32.0,20.14,0.121193,0.099504,0.111423,0.123154,0.110902,0.097975,0.117332,0.10924,0.109277,2.325213686143451
2017-07,QCOM,-0.0367618581930139,13.0,0.0,0.0,0.0,0.0,34.0,20.0,0.121193,0.099504,0.111423,0.123154,0.110902,0.097975,0.117332,0.10924,0.109277,2.3003768072041955
2017-08,QCOM,-0.017296469599127,15.0,2.0,0.997,0.0,1.994,29.0,19.0,0.121193,0.099504,0.111423,0.123154,0.110902,0.097975,0.117332,0.10924,0.109277,2.324547868484171
2017-09,QCOM,0.0027589732562174,25.0,0.0,0.0,0.0,0.0,29.0,19.79,0.11366,0.106123,0.115866,0.125119,0.113338,0.097476,0.107191,0.107155,0.11407,2.3274020138862945
2017-10,QCOM,-0.0160108010145537,20.0,2.0,0.9985,0.0,1.997,33.0,20.64,0.11366,0.106123,0.115866,0.125119,0.113338,0.097476,0.107191,0.107155,0.11407,2.3616204695861582
2017-11,QCOM,0.30052930612843,10.0,1.0,0.997,0.0,0.997,92.0,22.0,0.11366,0.106123,0.115866,0.125119,0.113338,0.097476,0.107191,0.107155,0.11407,2.5013294349709683
2017-12,QCOM,-0.0268307151046459,17.0,2.0,0.9925,0.0048,1.985,37.0,20.64,0.107685,0.101711,0.116292,0.120111,0.113551,0.101468,0.118463,0.111699,0.109019,2.5875461307715786
2018-01,QCOM,0.0660729553410279,52.0,0.0,0.0,0.0,0.0,42.0,21.21,0.107685,0.101711,0.116292,0.120111,0.113551,0.101468,0.118463,0.111699,0.109019,2.574065843976046
2018-02,QCOM,-0.0476189057940739,14.0,2.0,0.998,0.0,1.996,75.0,21.64,0.107685,0.101711,0.116292,0.120111,0.113551,0.101468,0.118463,0.111699,0.109019,2.647116712079679
2018-03,QCOM,-0.1402218144204027,15.0,0.0,0.0,0.0,0.0,76.0,21.07,0.109358,0.102003,0.116115,0.120351,0.113468,0.099698,0.117268,0.111144,0.110594,2.726388516765727
2018-04,QCOM,-0.0794079007970937,24.0,1.0,0.995,0.0,0.995,49.0,21.0,0.109358,0.102003,0.116115,0.120351,0.113468,0.099698,0.117268,0.111144,0.110594,2.7353799993380545
2018-05,QCOM,0.1393842882498859,22.0,1.0,1.0,0.0,1.0,56.0,20.5,0.109358,0.102003,0.116115,0.120351,0.113468,0.099698,0.117268,0.111144,0.110594,2.766639639916165
2018-06,QCOM,-0.0243226981608221,17.0,19.0,0.0284,0.0,0.5396000000000001,47.0,19.71,0.108214,0.102002,0.117166,0.118748,0.11333,0.098767,0.116906,0.113628,0.111238,2.790784410379375
2018-07,QCOM,0.1420168727762518,22.0,44.0,-0.6069,0.0,-26.7036,50.0,19.5,0.108214,0.102002,0.117166,0.118748,0.11333,0.098767,0.116906,0.113628,0.111238,2.8137895816930945
2018-08,QCOM,0.0720861989415118,27.0,10.0,-0.63,0.0,-6.3,49.0,19.29,0.108214,0.102002,0.117166,0.118748,0.11333,0.098767,0.116906,0.113628,0.111238,2.862910967362704
2018-09,QCOM,0.0483192297298546,11.0,1.0,0.995,0.0,0.995,45.0,20.29,0.114011,0.106009,0.115895,0.125263,0.113086,0.097753,0.10665,0.107434,0.113899,2.9936526840649127
2018-10,QCOM,-0.1189414802131907,26.0,1.0,0.995,0.0,0.995,32.0,21.07,0.114011,0.106009,0.115895,0.125263,0.113086,0.097753,0.10665,0.107434,0.113899,2.950569765218166
2018-11,QCOM,-0.0736208331901974,15.0,0.0,0.0,0.0,0.0,35.0,21.29,0.114011,0.106009,0.115895,0.125263,0.113086,0.097753,0.10665,0.107434,0.113899,2.9060037783027175
2018-12,QCOM,-0.0231718687238039,16.0,1.0,0.998,0.0,0.998,33.0,20.07,0.108307,0.106279,0.118047,0.112643,0.110641,0.100738,0.121246,0.11449,0.10761,2.884605804643084
2019-01,QCOM,-0.1204076865518297,39.0,0.0,0.0,0.0,0.0,41.0,20.43,0.108307,0.106279,0.118047,0.112643,0.110641,0.100738,0.121246,0.11449,0.10761,2.8485370138800645
2019-02,QCOM,0.0781502554922617,8.0,1.0,0.994,0.0,0.994,38.0,21.64,0.108307,0.106279,0.118047,0.112643,0.110641,0.100738,0.121246,0.11449,0.10761,2.8220188440472045
2019-03,QCOM,0.0681776041262545,13.0,0.0,0.0,0.0,0.0,45.0,21.64,0.108385,0.106546,0.118287,0.112665,0.110217,0.100565,0.121316,0.114266,0.107754,2.799872964384994
2019-04,QCOM,0.527819233527768,19.0,1.0,0.995,0.0,0.995,100.0,21.14,0.108385,0.106546,0.118287,0.112665,0.110217,0.100565,0.121316,0.114266,0.107754,2.902496038462198
2019-05,QCOM,-0.224195952616971,21.0,0.0,0.0,0.0,0.0,98.0,20.86,0.108385,0.106546,0.118287,0.112665,0.110217,0.100565,0.121316,0.114266,0.107754,3.0005210705166725
2019-06,QCOM,0.1384313348773342,10.0,0.0,0.0,0.0,0.0,52.0,20.64,0.10844,0.106336,0.118585,0.112698,0.10992,0.100438,0.121322,0.114258,0.108004,3.0620561154993418
2019-07,QCOM,-0.0294632258778181,15.0,0.0,0.0,0.0,0.0,56.0,20.71,0.10844,0.106336,0.118585,0.112698,0.10992,0.100438,0.121322,0.114258,0.108004,3.060849973858524
2019-08,QCOM,0.0630124399014715,15.0,1.0,0.994,0.0,0.994,55.0,20.36,0.10844,0.106336,0.118585,0.112698,0.10992,0.100438,0.121322,0.114258,0.108004,3.104121593668273
2019-09,QCOM,-0.0191591548729471,20.0,0.0,0.0,0.0,0.0,41.0,21.43,0.116567,0.104554,0.115096,0.124797,0.113139,0.097399,0.105968,0.108333,0.114147,3.0700615910519153
2019-10,QCOM,0.0629084178232362,21.0,0.0,0.0,0.0,0.0,38.0,21.79,0.116567,0.104554,0.115096,0.124797,0.113139,0.097399,0.105968,0.108333,0.114147,3.0325936372468254
2019-11,QCOM,0.0386626296517107,18.0,0.0,0.0,0.0,0.0,69.0,22.43,0.116567,0.104554,0.115096,0.124797,0.113139,0.097399,0.105968,0.108333,0.114147,3.067763579085246
2019-12,QCOM,0.0560139350662387,21.0,0.0,0.0,0.0,0.0,44.0,20.93,0.110089,0.104075,0.114561,0.115434,0.112126,0.099825,0.120723,0.112009,0.111159,3.040155398044281
2020-01,QCOM,-0.0255978320430402,36.0,0.0,0.0,0.0,0.0,57.0,25.93,0.110089,0.104075,0.114561,0.115434,0.112126,0.099825,0.120723,0.112009,0.111159,3.0379589302089296
2020-02,QCOM,-0.0821711334974683,12.0,1.0,0.996,0.0124,0.996,68.0,25.07,0.110089,0.104075,0.114561,0.115434,0.112126,0.099825,0.120723,0.112009,0.111159,3.234471121464775
2020-03,QCOM,-0.1360149965035713,7.0,2.0,0.999,0.0434,1.998,56.0,20.14,0.110882,0.108066,0.109244,0.12165,0.108097,0.101614,0.119026,0.110826,0.110594,3.4729180773759487
2020-04,QCOM,0.1721478871299329,12.0,1.0,-0.516,0.0306,-0.516,46.0,20.79,0.110882,0.108066,0.109244,0.12165,0.108097,0.101614,0.119026,0.110826,0.110594,3.589079065020888
2020-05,QCOM,0.0280914367245588,16.0,4.0,0.991,0.015,3.964,46.0,22.21,0.110882,0.108066,0.109244,0.12165,0.108097,0.101614,0.119026,0.110826,0.110594,3.6215969830478945
2020-06,QCOM,0.1277205690761453,20.0,0.0,0.0,0.0,0.0,55.0,21.93,0.110945,0.108637,0.109668,0.121327,0.108179,0.101754,0.118916,0.110331,0.110244,3.556040928256729
2020-07,QCOM,0.1668394484275779,21.0,2.0,0.989,0.0097,1.978,62.0,21.71,0.110945,0.108637,0.109668,0.121327,0.108179,0.101754,0.118916,0.110331,0.110244,3.581207359618853
2020-08,QCOM,0.1277343026955821,14.0,0.0,0.0,0.0,0.0,65.0,20.71,0.110945,0.108637,0.109668,0.121327,0.108179,0.101754,0.118916,0.110331,0.110244,3.572026576927039
2020-09,QCOM,-0.011922971662634,15.0,9.0,0.5814,0.0417,5.232600000000001,54.0,22.07,0.114185,0.105604,0.118203,0.123271,0.112675,0.097467,0.106455,0.107811,0.114329,3.613134882845259
2020-10,QCOM,0.0538810010650689,15.0,0.0,0.0,0.0,0.0,51.0,20.5,0.114185,0.105604,0.118203,0.123271,0.112675,0.097467,0.106455,0.107811,0.114329,3.5586341461913573
2020-11,QCOM,0.1930125469966721,22.0,1.0,0.999,0.0175,0.999,66.0,19.36,0.114185,0.105604,0.118203,0.123271,0.112675,0.097467,0.106455,0.107811,0.114329,3.6357686466591153
2020-12,QCOM,0.0351291467435299,15.0,13.0,0.6699,0.0234,8.7087,63.0,19.07,0.112617,0.10927,0.109634,0.122656,0.107161,0.101025,0.117333,0.10979,0.110513,3.8024046586953086
2021-01,QCOM,0.0302905249257181,34.0,32.0,0.8759,0.0258,28.0288,58.0,18.93,0.112617,0.10927,0.109634,0.122656,0.107161,0.101025,0.117333,0.10979,0.110513,3.957646933296613
2021-02,QCOM,-0.1285512778252741,15.0,42.0,0.7598,0.0375,31.9116,92.0,20.0,0.112617,0.10927,0.109634,0.122656,0.107161,0.101025,0.117333,0.10979,0.110513,4.213561654468271
2021-03,QCOM,-0.0264335475786714,11.0,94.0,0.6161,0.0283,57.913399999999996,61.0,19.79,0.112623,0.109448,0.109271,0.122943,0.107157,0.101038,0.117789,0.109415,0.110316,4.296814725615236
2021-04,QCOM,0.0518248906293625,19.0,104.0,0.6001,0.0191,62.410399999999996,60.0,19.36,0.112623,0.109448,0.109271,0.122943,0.107157,0.101038,0.117789,0.109415,0.110316,4.31487738387321
2021-05,QCOM,-0.0306915755724171,5.0,52.0,0.6075,0.0153,31.590000000000003,49.0,19.64,0.112623,0.109448,0.109271,0.122943,0.107157,0.101038,0.117789,0.109415,0.110316,4.259757941875692
2021-06,QCOM,0.0623606468025323,18.0,94.0,0.834,0.0244,78.396,54.0,20.21,0.111384,0.107923,0.112925,0.121106,0.109684,0.099347,0.11926,0.110506,0.107865,4.3454421970573565
2021-07,QCOM,0.0534137860030599,13.0,107.0,0.7233,0.0411,77.3931,57.0,19.43,0.111384,0.107923,0.112925,0.121106,0.109684,0.099347,0.11926,0.110506,0.107865,4.51545240577438
2021-08,QCOM,-0.0207612448923595,15.0,126.0,0.8335,0.0248,105.021,49.0,18.29,0.111384,0.107923,0.112925,0.121106,0.109684,0.099347,0.11926,0.110506,0.107865,4.584619776105609
2021-09,QCOM,-0.1207308114458534,21.0,105.0,0.8828,0.0233,92.694,32.0,19.5,0.115506,0.105651,0.116536,0.124286,0.111296,0.098571,0.103835,0.108211,0.116107,4.58497621798992
2021-10,QCOM,0.0362815324067391,21.0,103.0,0.785,0.015,80.855,34.0,19.64,0.115506,0.105651,0.116536,0.124286,0.111296,0.098571,0.103835,0.108211,0.116107,4.543974112744261
2021-11,QCOM,0.3571860730109057,17.0,206.0,0.8176,0.0265,168.4256,84.0,20.79,0.115506,0.105651,0.116536,0.124286,0.111296,0.098571,0.103835,0.108211,0.116107,4.68539347045744
2021-12,QCOM,0.0127933320406155,16.0,171.0,0.8761,0.015,149.8131,58.0,19.29,0.11098,0.106691,0.109749,0.122015,0.10942,0.101818,0.118045,0.111573,0.109708,4.808413936347774
2022-01,QCOM,-0.035246760879753,38.0,165.0,0.7616,0.0064,125.66400000000002,53.0,24.86,0.11098,0.106691,0.109749,0.122015,0.10942,0.101818,0.118045,0.111573,0.109708,4.8050000523067125
2022-02,QCOM,-0.0214495619508141,12.0,161.0,0.7373,0.0129,118.7053,62.0,26.0,0.11098,0.106691,0.109749,0.122015,0.10942,0.101818,0.118045,0.111573,0.109708,4.86469719913753
2022-03,QCOM,-0.1114600089166991,16.0,108.0,0.7626,0.021,82.3608,50.0,27.36,0.110355,0.107878,0.109724,0.121651,0.108973,0.101489,0.118234,0.111676,0.11002,4.904934150765453
2022-04,QCOM,-0.0821050017335269,11.0,142.0,0.6535,0.0095,92.797,52.0,26.71,0.110355,0.107878,0.109724,0.121651,0.108973,0.101489,0.118234,0.111676,0.11002,4.866459000335825
2022-05,QCOM,0.0252702269444211,13.0,74.0,0.6452,0.0154,47.7448,47.0,25.5,0.110355,0.107878,0.109724,0.121651,0.108973,0.101489,0.118234,0.111676,0.11002,4.824489398564623
2022-06,QCOM,-0.1080854090399072,21.0,103.0,0.7323,0.0077,75.42689999999999,44.0,25.64,0.109919,0.10761,0.110101,0.12119,0.108914,0.101233,0.118318,0.112595,0.11012,4.745248173267089
2022-07,QCOM,0.1415661576031603,14.0,130.0,0.5135,0.0276,66.755,54.0,23.43,0.109919,0.10761,0.110101,0.12119,0.108914,0.101233,0.118318,0.112595,0.11012,4.832842759732793
2022-08,QCOM,-0.0881705815822315,7.0,91.0,0.6552,0.0232,59.6232,43.0,22.79,0.109919,0.10761,0.110101,0.12119,0.108914,0.101233,0.118318,0.112595,0.11012,4.829614841759093
2022-09,QCOM,-0.1410451932864945,13.0,94.0,0.6383,0.0223,60.0002,39.0,24.5,0.118073,0.105974,0.110694,0.1256,0.109085,0.097001,0.102402,0.111193,0.119979,4.841686766483329
2022-10,QCOM,0.0414234359145828,14.0,81.0,0.687,0.0102,55.647000000000006,39.0,24.57,0.118073,0.105974,0.110694,0.1256,0.109085,0.097001,0.102402,0.111193,0.119979,4.756572554017726
2022-11,QCOM,0.0750466555562257,26.0,110.0,0.4728,0.0094,52.008,47.0,25.79,0.118073,0.105974,0.110694,0.1256,0.109085,0.097001,0.102402,0.111193,0.119979,4.7270513042942515
2022-12,QCOM,-0.125298555658936,15.0,64.0,0.6524,0.0073,41.7536,28.0,25.86,0.11133,0.102672,0.111342,0.124018,0.110603,0.100888,0.118761,0.112147,0.108239,4.608691870990029
2023-01,QCOM,0.2116610356420234,27.0,124.0,0.5272,0.0192,65.3728,42.0,27.43,0.11133,0.102672,0.111342,0.124018,0.110603,0.100888,0.118761,0.112147,0.108239,4.608377251927504
2023-02,QCOM,-0.0726673796073462,6.0,86.0,0.4972,0.0192,42.7592,44.0,31.0,0.11133,0.102672,0.111342,0.124018,0.110603,0.100888,0.118761,0.112147,0.108239,4.550175423567633
2023-03,QCOM,0.0327854312581374,14.0,87.0,0.6897,0.0226,60.0039,33.0,30.57,0.11108,0.102848,0.111407,0.123554,0.110731,0.100912,0.119347,0.112104,0.108017,4.512373812188885
2023-04,QCOM,-0.0789036462982291,14.0,58.0,0.7441,0.0459,43.1578,28.0,30.14,0.11108,0.102848,0.111407,0.123554,0.110731,0.100912,0.119347,0.112104,0.108017,4.529299056993776
2023-05,QCOM,-0.0290239648359347,17.0,104.0,0.565,0.0285,58.75999999999999,47.0,31.29,0.11108,0.102848,0.111407,0.123554,0.110731,0.100912,0.119347,0.112104,0.108017,4.52949484804566
2023-06,QCOM,0.0569321868806438,17.0,73.0,0.7981,0.0465,58.261300000000006,45.0,32.64,0.10755,0.101817,0.113501,0.121646,0.111557,0.102631,0.120895,0.113387,0.107017,4.526165289461377
2023-07,QCOM,0.1102987716448582,17.0,76.0,0.8305,0.0636,63.118,39.0,30.57,0.10755,0.101817,0.113501,0.121646,0.111557,0.102631,0.120895,0.113387,0.107017,4.572320016126419
2023-08,QCOM,-0.1334642801437571,9.0,148.0,0.5577,0.0228,82.5396,53.0,29.57,0.10755,0.101817,0.113501,0.121646,0.111557,0.102631,0.120895,0.113387,0.107017,4.56845055694934
2023-09,QCOM,-0.0234314201490506,14.0,183.0,0.6117,0.0414,111.9411,41.0,30.57,0.116899,0.107607,0.112313,0.124657,0.109416,0.094802,0.103355,0.110102,0.120848,4.597972816537903
2023-10,QCOM,-0.0186384963278424,28.0,116.0,0.7183,0.0372,83.3228,34.0,31.0,0.116899,0.107607,0.112313,0.124657,0.109416,0.094802,0.103355,0.110102,0.120848,4.6196845892612455
2023-11,QCOM,0.1840534534261959,9.0,155.0,0.6868,0.0389,106.454,53.0,31.86,0.116899,0.107607,0.112313,0.124657,0.109416,0.094802,0.103355,0.110102,0.120848,4.680315990445299
2023-12,QCOM,0.1278561967134233,14.0,81.0,0.7929,0.031,64.2249,51.0,30.79,0.111276,0.102015,0.111023,0.122862,0.109957,0.099258,0.118534,0.111704,0.113372,4.659901576408703
2024-01,QCOM,0.0268267938060509,35.0,128.0,0.8048,0.0408,103.0144,55.0,32.79,0.111276,0.102015,0.111023,0.122862,0.109957,0.099258,0.118534,0.111704,0.113372,4.692471989669984
2024-02,QCOM,0.0624876091513162,6.0,117.0,0.7204,0.0342,84.2868,61.0,36.07,0.111276,0.102015,0.111023,0.122862,0.109957,0.099258,0.118534,0.111704,0.113372,4.683437574825146
2024-03,QCOM,0.0783948551660906,6.0,58.0,0.7673,0.0486,44.5034,57.0,35.86,0.113161,0.103841,0.110104,0.122548,0.108267,0.099794,0.11826,0.111374,0.112652,4.722503556426027
2024-04,QCOM,-0.0203778321297032,15.0,75.0,0.7535,0.0507,56.512499999999996,48.0,35.29,0.113161,0.103841,0.110104,0.122548,0.108267,0.099794,0.11826,0.111374,0.112652,4.761100743804526
2024-05,QCOM,0.2303285424336736,16.0,136.0,0.8147,0.0586,110.7992,86.0,36.21,0.113161,0.103841,0.110104,0.122548,0.108267,0.099794,0.11826,0.111374,0.112652,4.90646853254138
2024-06,QCOM,-0.0198664427962608,21.0,101.0,0.7641,0.0665,77.1741,72.0,34.0,0.112012,0.103564,0.111104,0.122309,0.108518,0.099388,0.118341,0.113147,0.111617,4.992614638357221
2024-07,QCOM,-0.0915252809031272,24.0,127.0,0.801,0.0521,101.727,68.0,32.57,0.112012,0.103564,0.111104,0.122309,0.108518,0.099388,0.118341,0.113147,0.111617,5.082792258151228
2024-08,QCOM,-0.0312242162778613,12.0,90.0,0.747,0.0581,67.23,68.0,33.07,0.112012,0.103564,0.111104,0.122309,0.108518,0.099388,0.118341,0.113147,0.111617,5.141126139839292
2024-09,QCOM,-0.0299485159768797,15.0,93.0,0.7911,0.0713,73.5723,54.0,35.36,0.118798,0.107047,0.110159,0.124774,0.109717,0.094468,0.103064,0.111216,0.120758,5.23287191619578
2024-10,QCOM,-0.0378643800066013,29.0,59.0,0.8187,0.0626,48.3033,53.0,36.21,0.118798,0.107047,0.110159,0.124774,0.109717,0.094468,0.103064,0.111216,0.120758,5.267935825488537
2024-11,QCOM,-0.0260488813102709,10.0,15.0,0.2291,0.012,3.4365,65.0,38.36,0.118798,0.107047,0.110159,0.124774,0.109717,0.094468,0.103064,0.111216,0.120758,5.155455513777564
2024-12,QCOM,-0.0309723315404589,13.0,10.0,0.1925,0.0385,1.925,50.0,37.14,0.110876,0.104077,0.111503,0.123262,0.109374,0.100357,0.11862,0.111831,0.110101,5.08343352507153
2025-01,QCOM,0.1315885777267191,21.0,73.0,0.8513,0.0687,62.14489999999999,54.0,38.79,0.110876,0.104077,0.111503,0.123262,0.109374,0.100357,0.11862,0.111831,0.110101,5.119391333634434
2025-02,QCOM,-0.0911351691548286,9.0,116.0,0.7629,0.0516,88.49640000000001,66.0,41.43,0.110876,0.104077,0.111503,0.123262,0.109374,0.100357,0.11862,0.111831,0.110101,5.150704831164696
2025-03,QCOM,-0.0226506191149912,11.0,73.0,0.7996,0.0458,58.370799999999996,46.0,39.86,0.112598,0.103281,0.110744,0.122767,0.108979,0.0993,0.118314,0.111829,0.112188,5.084268960255603
2025-04,QCOM,-0.028315202087542,4.0,110.0,0.8156,0.0382,89.716,52.0,40.07,0.112598,0.103281,0.110744,0.122767,0.108979,0.0993,0.118314,0.111829,0.112188,5.0534949015497395
2025-05,QCOM,-0.0219587689810351,9.0,140.0,0.8385,0.0577,117.39,48.0,40.21,0.112598,0.103281,0.110744,0.122767,0.108979,0.0993,0.118314,0.111829,0.112188,5.066348994416484
2025-06,QCOM,0.0968318891112791,23.0,200.0,0.8204,0.0414,164.08,43.0,45.64,0.111404,0.103337,0.110301,0.122284,0.109023,0.099221,0.119162,0.112546,0.11272,5.059197760818709
2025-07,QCOM,-0.0729524793813877,11.0,321.0,0.8396,0.0286,269.5116,53.0,48.5,0.111404,0.103337,0.110301,0.122284,0.109023,0.099221,0.119162,0.112546,0.11272,5.033589901281502
2025-08,QCOM,0.0951894150376579,8.0,234.0,0.9073,0.0179,212.3082,67.0,87.57,0.111404,0.103337,0.110301,0.122284,0.109023,0.099221,0.119162,0.112546,0.11272,4.957270619653999
2025-09,QCOM,0.035027774534349,11.0,234.0,0.8932,0.0289,209.0088,63.0,86.07,0.117619,0.10981,0.110195,0.125061,0.109147,0.093677,0.103584,0.110483,0.120424,4.942957479966137
2025-10,QCOM,0.0935889817966968,5.0,409.0,0.7383,0.0271,301.9647,85.0,86.86,0.117619,0.10981,0.110195,0.125061,0.109147,0.093677,0.103584,0.110483,0.120424,4.940737150040577
2025-11,QCOM,-0.0708125336765659,15.0,374.0,0.7909,0.0327,295.7966,69.0,91.29,0.117619,0.10981,0.110195,0.125061,0.109147,0.093677,0.103584,0.110483,0.120424,4.952592828367148
2025-12,QCOM,0.0176095998301564,13.0,158.0,0.931,0.0311,147.098,45.0,86.86,0.112482,0.102318,0.110973,0.122996,0.11032,0.099928,0.118524,0.110148,0.112311,4.839080556756324
2014-01,SAP,-0.1230206632950896,55.0,0.0,0.0,0.0,0.0,79.0,18.14,0.1027,0.119269,0.121678,0.107047,0.104982,0.100155,0.119159,0.112489,0.11252,0.18339735381988903
2014-02,SAP,0.0506413963627003,1.0,0.0,0.0,0.0,0.0,85.0,18.14,0.1027,0.119269,0.121678,0.107047,0.104982,0.100155,0.119159,0.112489,0.11252,0.34451042269076054
2014-03,SAP,0.0127037229910875,3.0,0.0,0.0,0.0,0.0,79.0,17.14,0.1027,0.119269,0.121678,0.107047,0.104982,0.100155,0.119159,0.112489,0.11252,0.49775518359021165
2014-04,SAP,-0.0039354796038965,2.0,0.0,0.0,0.0,0.0,79.0,17.21,0.1027,0.119269,0.121678,0.107047,0.104982,0.100155,0.119159,0.112489,0.11252,0.6305436956699313
2014-05,SAP,-0.0554385717288737,4.0,0.0,0.0,0.0,0.0,81.0,16.86,0.1027,0.119269,0.121678,0.107047,0.104982,0.100155,0.119159,0.112489,0.11252,0.7643129772902681
2014-06,SAP,0.0250746028415054,7.0,0.0,0.0,0.0,0.0,83.0,18.0,0.1027,0.119269,0.121678,0.107047,0.104982,0.100155,0.119159,0.112489,0.11252,0.9053270397026236
2014-07,SAP,0.0193507069307863,4.0,0.0,0.0,0.0,0.0,86.0,19.29,0.1027,0.119269,0.121678,0.107047,0.104982,0.100155,0.119159,0.112489,0.11252,1.0412054172396474
2014-08,SAP,-0.0071346198959219,2.0,0.0,0.0,0.0,0.0,81.0,17.86,0.1027,0.119269,0.121678,0.107047,0.104982,0.100155,0.119159,0.112489,0.11252,1.1598296973350017
2014-09,SAP,-0.0740406319740936,3.0,0.0,0.0,0.0,0.0,91.0,17.64,0.1027,0.119269,0.121678,0.107047,0.104982,0.100155,0.119159,0.112489,0.11252,1.3002890139554468
2014-10,SAP,-0.0558482866276557,5.0,0.0,0.0,0.0,0.0,84.0,18.14,0.1027,0.119269,0.121678,0.107047,0.104982,0.100155,0.119159,0.112489,0.11252,1.4079183736937286
2014-11,SAP,0.0321444242869224,5.0,0.0,0.0,0.0,0.0,81.0,18.36,0.1027,0.119269,0.121678,0.107047,0.104982,0.100155,0.119159,0.112489,0.11252,1.5267815851656936
2014-12,SAP,-0.0095279170866902,2.0,0.0,0.0,0.0,0.0,73.0,17.79,0.102338,0.11905,0.12151,0.109465,0.105831,0.099328,0.118907,0.111256,0.112314,1.6219926970911134
2015-01,SAP,-0.0615935466055626,67.0,0.0,0.0,0.0,0.0,77.0,17.21,0.102338,0.11905,0.12151,0.109465,0.105831,0.099328,0.118907,0.111256,0.112314,1.7424732422782083
2015-02,SAP,0.0738984403948614,0.0,0.0,0.0,0.0,0.0,82.0,17.07,0.102338,0.11905,0.12151,0.109465,0.105831,0.099328,0.118907,0.111256,0.112314,1.8330478269448416
2015-03,SAP,0.0282089935052807,2.0,0.0,0.0,0.0,0.0,82.0,17.0,0.102338,0.11905,0.12151,0.109465,0.105831,0.099328,0.118907,0.111256,0.112314,1.9318093660330515
2015-04,SAP,0.0487737621101047,10.0,0.0,0.0,0.0,0.0,85.0,17.0,0.102338,0.11905,0.12151,0.109465,0.105831,0.099328,0.118907,0.111256,0.112314,2.037877991219693
2015-05,SAP,-0.0236490988533683,4.0,0.0,0.0,0.0,0.0,79.0,17.07,0.102338,0.11905,0.12151,0.109465,0.105831,0.099328,0.118907,0.111256,0.112314,2.127778763157948
2015-06,SAP,-0.03473608600579,6.0,0.0,0.0,0.0,0.0,86.0,16.36,0.102338,0.11905,0.12151,0.109465,0.105831,0.099328,0.118907,0.111256,0.112314,2.2166890509477457
2015-07,SAP,0.0205040497340818,2.0,3.0,0.99,0.0075,2.9699999999999998,84.0,16.71,0.102338,0.11905,0.12151,0.109465,0.105831,0.099328,0.118907,0.111256,0.112314,2.380746932454133
2015-08,SAP,-0.0615321989422416,5.0,2.0,0.9335,0.0,1.867,78.0,15.43,0.102338,0.11905,0.12151,0.109465,0.105831,0.099328,0.118907,0.111256,0.112314,2.49448811010984
2015-09,SAP,-0.0367230085586949,2.0,3.0,0.9803,0.0,2.9409,82.0,15.64,0.102338,0.11905,0.12151,0.109465,0.105831,0.099328,0.118907,0.111256,0.112314,2.595386094218365
2015-10,SAP,0.2148481005053584,3.0,2.0,0.9805,0.0,1.961,80.0,16.36,0.102338,0.11905,0.12151,0.109465,0.105831,0.099328,0.118907,0.111256,0.112314,2.6825445769310545
2015-11,SAP,0.0036843481255957,3.0,1.0,0.979,0.0265,0.979,77.0,16.36,0.102338,0.11905,0.12151,0.109465,0.105831,0.099328,0.118907,0.111256,0.112314,2.88726330964832
2015-12,SAP,0.0012657576548993,2.0,2.0,0.9805,0.0129,1.961,71.0,16.36,0.103276,0.119594,0.12098,0.108752,0.10542,0.100185,0.117989,0.112011,0.111793,2.995407336173944
2016-01,SAP,0.0088497909913203,31.0,3.0,0.3827,0.0,1.1481,73.0,15.93,0.103276,0.119594,0.12098,0.108752,0.10542,0.100185,0.117989,0.112011,0.111793,3.028855373725696
2016-02,SAP,-0.0558899546707913,3.0,3.0,0.2237,0.007,0.6711,80.0,16.14,0.103276,0.119594,0.12098,0.108752,0.10542,0.100185,0.117989,0.112011,0.111793,3.1363390900806385
2016-03,SAP,0.0674277136988465,2.0,0.0,0.0,0.0,0.0,79.0,16.21,0.103276,0.119594,0.12098,0.108752,0.10542,0.100185,0.117989,0.112011,0.111793,3.1483336967737685
2016-04,SAP,-0.0223825819559309,1.0,2.0,0.9445,0.0,1.889,79.0,16.21,0.103276,0.119594,0.12098,0.108752,0.10542,0.100185,0.117989,0.112011,0.111793,3.1987064842113395
2016-05,SAP,0.0311625123843717,4.0,0.0,0.0,0.0,0.0,81.0,17.0,0.103276,0.119594,0.12098,0.108752,0.10542,0.100185,0.117989,0.112011,0.111793,3.220690225553742
2016-06,SAP,-0.058883516991202,7.0,0.0,0.0,0.0,0.0,81.0,16.14,0.103276,0.119594,0.12098,0.108752,0.10542,0.100185,0.117989,0.112011,0.111793,3.3426697003067973
2016-07,SAP,0.1648894143546333,4.0,2.0,0.94,0.0,1.88,73.0,15.21,0.103276,0.119594,0.12098,0.108752,0.10542,0.100185,0.117989,0.112011,0.111793,3.426934865344039
2016-08,SAP,0.0066369519981959,5.0,1.0,0.958,0.0,0.958,80.0,14.79,0.103276,0.119594,0.12098,0.108752,0.10542,0.100185,0.117989,0.112011,0.111793,3.4822888096447255
2016-09,SAP,0.0391042189622077,14.0,1.0,0.997,0.0,0.997,79.0,16.07,0.103276,0.119594,0.12098,0.108752,0.10542,0.100185,0.117989,0.112011,0.111793,3.552798905671348
2016-10,SAP,-0.0390548081359987,4.0,2.0,0.9975,0.0,1.995,76.0,17.0,0.103276,0.119594,0.12098,0.108752,0.10542,0.100185,0.117989,0.112011,0.111793,3.5946518505723843
2016-11,SAP,-0.0525955987232242,8.0,1.0,0.414,0.0,0.414,81.0,17.93,0.103276,0.119594,0.12098,0.108752,0.10542,0.100185,0.117989,0.112011,0.111793,3.6136748086358805
2016-12,SAP,0.038572529534927,8.0,0.0,0.0,0.0,0.0,69.0,17.21,0.102692,0.119729,0.120078,0.109344,0.106798,0.098641,0.119965,0.111041,0.111713,3.586782715970022
2017-01,SAP,0.0587758780058433,39.0,0.0,0.0,0.0,0.0,82.0,17.64,0.102692,0.119729,0.120078,0.109344,0.106798,0.098641,0.119965,0.111041,0.111713,3.6275310747031533
2017-02,SAP,0.0182493151790712,1.0,1.0,0.998,0.0,0.998,86.0,18.14,0.102692,0.119729,0.120078,0.109344,0.106798,0.098641,0.119965,0.111041,0.111713,3.632492813394553
2017-03,SAP,0.0535522748225234,7.0,1.0,0.999,0.0047,0.999,90.0,19.21,0.102692,0.119729,0.120078,0.109344,0.106798,0.098641,0.119965,0.111041,0.111713,3.7061588157148235
2017-04,SAP,0.0204747386165877,2.0,0.0,0.0,0.0,0.0,77.0,19.07,0.102692,0.119729,0.120078,0.109344,0.106798,0.098641,0.119965,0.111041,0.111713,3.6627543319782556
2017-05,SAP,0.0736673223054107,3.0,2.0,0.9975,0.0091,1.995,83.0,19.36,0.102692,0.119729,0.120078,0.109344,0.106798,0.098641,0.119965,0.111041,0.111713,3.7083421405979617
2017-06,SAP,-0.0141776846678823,6.0,1.0,0.988,0.0,0.988,79.0,20.14,0.102692,0.119729,0.120078,0.109344,0.106798,0.098641,0.119965,0.111041,0.111713,3.7138818242300173
2017-07,SAP,0.0112736062928182,3.0,0.0,0.0,0.0,0.0,84.0,20.0,0.102692,0.119729,0.120078,0.109344,0.106798,0.098641,0.119965,0.111041,0.111713,3.7019835965467323
2017-08,SAP,-0.0085025702310453,9.0,1.0,0.997,0.0,0.997,86.0,19.0,0.102692,0.119729,0.120078,0.109344,0.106798,0.098641,0.119965,0.111041,0.111713,3.744876775042888
2017-09,SAP,0.0447833808620963,2.0,3.0,0.997,0.0272,2.991,78.0,19.79,0.102692,0.119729,0.120078,0.109344,0.106798,0.098641,0.119965,0.111041,0.111713,3.8494434003723654
2017-10,SAP,0.041495476202638,7.0,0.0,0.0,0.0,0.0,85.0,20.64,0.102692,0.119729,0.120078,0.109344,0.106798,0.098641,0.119965,0.111041,0.111713,3.8719078126276036
2017-11,SAP,-0.0074430280883912,8.0,0.0,0.0,0.0,0.0,84.0,22.0,0.102692,0.119729,0.120078,0.109344,0.106798,0.098641,0.119965,0.111041,0.111713,3.89357942674169
2017-12,SAP,-0.0087340040976795,4.0,1.0,0.994,0.0393,0.994,69.0,20.64,0.10343,0.118531,0.121408,0.108222,0.105771,0.100361,0.119712,0.108421,0.114144,3.992783414175805
2018-01,SAP,0.0079209046013055,40.0,0.0,0.0,0.0,0.0,79.0,21.21,0.10343,0.118531,0.121408,0.108222,0.105771,0.100361,0.119712,0.108421,0.114144,3.989260714789628
2018-02,SAP,-0.0772626794240142,0.0,3.0,0.993,0.0,2.979,82.0,21.64,0.10343,0.118531,0.121408,0.108222,0.105771,0.100361,0.119712,0.108421,0.114144,3.971141181739223
2018-03,SAP,0.0063158137796908,4.0,4.0,0.7428,0.0075,2.9712,78.0,21.07,0.10343,0.118531,0.121408,0.108222,0.105771,0.100361,0.119712,0.108421,0.114144,4.049441161010141
2018-04,SAP,0.0539179048388054,4.0,1.0,0.992,0.0,0.992,78.0,21.0,0.10343,0.118531,0.121408,0.108222,0.105771,0.100361,0.119712,0.108421,0.114144,4.025845604444809
2018-05,SAP,0.0176846548301217,4.0,1.0,0.988,0.0,0.988,82.0,20.5,0.10343,0.118531,0.121408,0.108222,0.105771,0.100361,0.119712,0.108421,0.114144,4.011382629108705
2018-06,SAP,0.041142143994693,4.0,1.0,0.999,0.0,0.999,76.0,19.71,0.10343,0.118531,0.121408,0.108222,0.105771,0.100361,0.119712,0.108421,0.114144,4.035227487642599
2018-07,SAP,0.003285530370064,3.0,2.0,0.9985,0.0045,1.997,77.0,19.5,0.10343,0.118531,0.121408,0.108222,0.105771,0.100361,0.119712,0.108421,0.114144,4.227361776226088
2018-08,SAP,0.0318854955099063,4.0,1.0,0.995,0.0,0.995,75.0,19.29,0.10343,0.118531,0.121408,0.108222,0.105771,0.100361,0.119712,0.108421,0.114144,4.296769361816059
2018-09,SAP,0.0272257380795173,2.0,0.0,0.0,0.0,0.0,76.0,20.29,0.10343,0.118531,0.121408,0.108222,0.105771,0.100361,0.119712,0.108421,0.114144,4.401255690250761
2018-10,SAP,-0.1279675058410111,5.0,2.0,0.996,0.0,1.992,79.0,21.07,0.10343,0.118531,0.121408,0.108222,0.105771,0.100361,0.119712,0.108421,0.114144,4.368284534441276
2018-11,SAP,-0.0333768475023668,26.0,0.0,0.0,0.0,0.0,74.0,21.29,0.10343,0.118531,0.121408,0.108222,0.105771,0.100361,0.119712,0.108421,0.114144,4.37780314381769
2018-12,SAP,-0.0398340347547875,6.0,0.0,0.0,0.0,0.0,65.0,20.07,0.10296,0.118835,0.121815,0.108459,0.105894,0.09959,0.118918,0.109327,0.114201,4.2886391433032225
2019-01,SAP,0.0388750004792111,29.0,0.0,0.0,0.0,0.0,74.0,20.43,0.10296,0.118835,0.121815,0.108459,0.105894,0.09959,0.118918,0.109327,0.114201,4.259557304087598
2019-02,SAP,0.0358729057518292,0.0,4.0,0.998,0.0069,3.992,78.0,21.64,0.10296,0.118835,0.121815,0.108459,0.105894,0.09959,0.118918,0.109327,0.114201,4.330887701019215
2019-03,SAP,0.0777561638649455,1.0,1.0,0.995,0.0,0.995,75.0,21.64,0.10296,0.118835,0.121815,0.108459,0.105894,0.09959,0.118918,0.109327,0.114201,4.2835334340386115
2019-04,SAP,0.1160574878570905,3.0,1.0,0.995,0.0,0.995,76.0,21.14,0.10296,0.118835,0.121815,0.108459,0.105894,0.09959,0.118918,0.109327,0.114201,4.22559170652555
2019-05,SAP,-0.0448549739747965,3.0,0.0,0.0,0.0,0.0,77.0,20.86,0.10296,0.118835,0.121815,0.108459,0.105894,0.09959,0.118918,0.109327,0.114201,4.171168271563734
2019-06,SAP,0.1266163335185812,4.0,0.0,0.0,0.0,0.0,74.0,20.64,0.10296,0.118835,0.121815,0.108459,0.105894,0.09959,0.118918,0.109327,0.114201,4.222008929634822
2019-07,SAP,-0.1006577354758683,3.0,0.0,0.0,0.0,0.0,76.0,20.71,0.10296,0.118835,0.121815,0.108459,0.105894,0.09959,0.118918,0.109327,0.114201,4.185751891550555
2019-08,SAP,-0.0315370807473461,6.0,0.0,0.0,0.0,0.0,69.0,20.36,0.10296,0.118835,0.121815,0.108459,0.105894,0.09959,0.118918,0.109327,0.114201,4.1354905155830375
2019-09,SAP,-0.0107428405959639,6.0,0.0,0.0,0.0,0.0,73.0,21.43,0.10296,0.118835,0.121815,0.108459,0.105894,0.09959,0.118918,0.109327,0.114201,4.106264887935296
2019-10,SAP,0.1247986856854124,1.0,1.0,0.999,0.0362,0.999,76.0,21.79,0.10296,0.118835,0.121815,0.108459,0.105894,0.09959,0.118918,0.109327,0.114201,4.217776435636951
2019-11,SAP,0.0254183733751349,2.0,0.0,0.0,0.0,0.0,79.0,22.43,0.10296,0.118835,0.121815,0.108459,0.105894,0.09959,0.118918,0.109327,0.114201,4.17765960180838
2019-12,SAP,-0.014416890634346,1.0,0.0,0.0,0.0,0.0,68.0,20.93,0.095511,0.114604,0.119798,0.102295,0.107836,0.109348,0.125643,0.112529,0.112436,4.101039991405231
2020-01,SAP,-0.024031677531092,34.0,0.0,0.0,0.0,0.0,76.0,25.93,0.095511,0.114604,0.119798,0.102295,0.107836,0.109348,0.125643,0.112529,0.112436,4.090866303167751
2020-02,SAP,-0.0550585146076467,0.0,0.0,0.0,0.0,0.0,82.0,25.07,0.095511,0.114604,0.119798,0.102295,0.107836,0.109348,0.125643,0.112529,0.112436,4.061263620175161
2020-03,SAP,-0.1057699019541581,5.0,0.0,0.0,0.0,0.0,66.0,20.14,0.095511,0.114604,0.119798,0.102295,0.107836,0.109348,0.125643,0.112529,0.112436,3.974115246986677
2020-04,SAP,0.0727601312516204,6.0,1.0,0.981,0.0,0.981,66.0,20.79,0.095511,0.114604,0.119798,0.102295,0.107836,0.109348,0.125643,0.112529,0.112436,3.9453272449138397
2020-05,SAP,0.0806478613424785,5.0,3.0,0.4837,0.0062,1.4511,66.0,22.21,0.095511,0.114604,0.119798,0.102295,0.107836,0.109348,0.125643,0.112529,0.112436,3.932747733363285
2020-06,SAP,0.1086737881209696,4.0,2.0,0.383,0.0,0.766,73.0,21.93,0.095511,0.114604,0.119798,0.102295,0.107836,0.109348,0.125643,0.112529,0.112436,3.871369532037126
2020-07,SAP,0.1372855763935501,7.0,0.0,0.0,0.0,0.0,78.0,21.71,0.095511,0.114604,0.119798,0.102295,0.107836,0.109348,0.125643,0.112529,0.112436,3.8189444122167604
2020-08,SAP,0.0388772134454487,2.0,1.0,0.998,0.0,0.998,69.0,20.71,0.095511,0.114604,0.119798,0.102295,0.107836,0.109348,0.125643,0.112529,0.112436,3.780794278386165
2020-09,SAP,-0.0580377195455344,8.0,2.0,0.711,0.0,1.422,69.0,22.07,0.095511,0.114604,0.119798,0.102295,0.107836,0.109348,0.125643,0.112529,0.112436,3.7305750507949185
2020-10,SAP,-0.3143571943894545,3.0,4.0,0.3842,0.0,1.5368,71.0,20.5,0.095511,0.114604,0.119798,0.102295,0.107836,0.109348,0.125643,0.112529,0.112436,3.7156505560226973
2020-11,SAP,0.1341383462306109,5.0,3.0,0.3217,0.0,0.9651,68.0,19.36,0.095511,0.114604,0.119798,0.102295,0.107836,0.109348,0.125643,0.112529,0.112436,3.676579254307421
2020-12,SAP,0.0761801450106181,1.0,3.0,0.8057,0.0093,2.4171,63.0,19.07,0.095511,0.114604,0.119798,0.102295,0.107836,0.109348,0.125643,0.112529,0.112436,3.693168561411805
2021-01,SAP,-0.0321343626890781,21.0,13.0,0.8126,0.0,10.5638,66.0,18.93,0.095511,0.114604,0.119798,0.102295,0.107836,0.109348,0.125643,0.112529,0.112436,3.710954696580591
2021-02,SAP,-0.0225831480385534,1.0,18.0,0.9017,0.0077,16.2306,67.0,20.0,0.095511,0.114604,0.119798,0.102295,0.107836,0.109348,0.125643,0.112529,0.112436,3.7087438102249637
2021-03,SAP,-0.0045399081705832,4.0,22.0,0.963,0.0,21.186,71.0,19.79,0.095511,0.114604,0.119798,0.102295,0.107836,0.109348,0.125643,0.112529,0.112436,3.657726647939131
2021-04,SAP,0.13966939798288,4.0,37.0,0.8612,0.006,31.8644,69.0,19.36,0.095511,0.114604,0.119798,0.102295,0.107836,0.109348,0.125643,0.112529,0.112436,3.6472816801142782
2021-05,SAP,-7.15503896482339e-05,3.0,32.0,0.9051,0.0129,28.9632,64.0,19.64,0.095511,0.114604,0.119798,0.102295,0.107836,0.109348,0.125643,0.112529,0.112436,3.6570841205662727
2021-06,SAP,0.0202700421737442,9.0,25.0,0.9309,0.0292,23.272499999999997,69.0,20.21,0.095511,0.114604,0.119798,0.102295,0.107836,0.109348,0.125643,0.112529,0.112436,3.8113036992053533
2021-07,SAP,0.0232096507072179,1.0,22.0,0.7696,0.0061,16.9312,69.0,19.43,0.095511,0.114604,0.119798,0.102295,0.107836,0.109348,0.125643,0.112529,0.112436,3.8272063684987145
2021-08,SAP,0.0446699621217459,1.0,8.0,0.9983,0.0,7.9864,65.0,18.29,0.095511,0.114604,0.119798,0.102295,0.107836,0.109348,0.125643,0.112529,0.112436,3.7761095748933626
2021-09,SAP,-0.1005728542397824,3.0,19.0,0.9063,0.0127,17.2197,64.0,19.5,0.095511,0.114604,0.119798,0.102295,0.107836,0.109348,0.125643,0.112529,0.112436,3.781812095420857
2021-10,SAP,0.0721270152493127,5.0,31.0,0.6895,0.0,21.3745,64.0,19.64,0.095511,0.114604,0.119798,0.102295,0.107836,0.109348,0.125643,0.112529,0.112436,3.745870502813893
2021-11,SAP,-0.112860922177832,4.0,16.0,0.8367,0.0184,13.3872,69.0,20.79,0.095511,0.114604,0.119798,0.102295,0.107836,0.109348,0.125643,0.112529,0.112436,3.775363958252878
2021-12,SAP,0.0908595257636488,3.0,21.0,0.9559,0.0,20.0739,65.0,19.29,0.108268,0.116957,0.125675,0.111935,0.105006,0.100732,0.110904,0.114171,0.106352,3.7440704885534353
2022-01,SAP,-0.1063450068526182,70.0,24.0,0.8187,0.0045,19.6488,75.0,24.86,0.108268,0.116957,0.125675,0.111935,0.105006,0.100732,0.110904,0.114171,0.106352,3.8212978809727347
2022-02,SAP,-0.1008704852014467,0.0,20.0,0.997,0.0041,19.94,79.0,26.0,0.108268,0.116957,0.125675,0.111935,0.105006,0.100732,0.110904,0.114171,0.106352,3.8209061091079044
2022-03,SAP,-0.0143897365665777,4.0,15.0,0.4768,0.0,7.152,81.0,27.36,0.108268,0.116957,0.125675,0.111935,0.105006,0.100732,0.110904,0.114171,0.106352,3.8108835608873752
2022-04,SAP,-0.0915644920057432,5.0,14.0,0.3903,0.0,5.4642,69.0,26.71,0.108268,0.116957,0.125675,0.111935,0.105006,0.100732,0.110904,0.114171,0.106352,3.7815863921597113
2022-05,SAP,-0.0095239318458061,2.0,30.0,0.8889,0.0135,26.667,75.0,25.5,0.108268,0.116957,0.125675,0.111935,0.105006,0.100732,0.110904,0.114171,0.106352,3.827813001112905
2022-06,SAP,-0.0646624027493355,3.0,24.0,0.8678,0.0105,20.8272,78.0,25.64,0.108268,0.116957,0.125675,0.111935,0.105006,0.100732,0.110904,0.114171,0.106352,3.838243267159727
2022-07,SAP,0.0274471628007917,3.0,33.0,0.663,0.0043,21.879,71.0,23.43,0.108268,0.116957,0.125675,0.111935,0.105006,0.100732,0.110904,0.114171,0.106352,3.8463296232163366
2022-08,SAP,-0.0857204862612782,4.0,19.0,0.5867,0.006,11.1473,70.0,22.79,0.108268,0.116957,0.125675,0.111935,0.105006,0.100732,0.110904,0.114171,0.106352,3.8512946640245196
2022-09,SAP,-0.0465852885306099,2.0,16.0,0.9924,0.0051,15.8784,73.0,24.5,0.108268,0.116957,0.125675,0.111935,0.105006,0.100732,0.110904,0.114171,0.106352,3.8548701992013252
2022-10,SAP,0.1822769513860587,4.0,29.0,0.8781,0.0062,25.4649,70.0,24.57,0.108268,0.116957,0.125675,0.111935,0.105006,0.100732,0.110904,0.114171,0.106352,3.8469737416099323
2022-11,SAP,0.1541744945398486,6.0,22.0,0.9105,0.0064,20.031,72.0,25.79,0.108268,0.116957,0.125675,0.111935,0.105006,0.100732,0.110904,0.114171,0.106352,3.86351452421649
2022-12,SAP,-0.0692702660899301,2.0,11.0,0.9953,0.0241,10.9483,62.0,25.86,0.106387,0.115906,0.12641,0.110191,0.106216,0.10157,0.111516,0.11468,0.107123,3.922239168396725
2023-01,SAP,0.1486577519425269,84.0,37.0,0.7243,0.0,26.799100000000003,69.0,27.43,0.106387,0.115906,0.12641,0.110191,0.106216,0.10157,0.111516,0.11468,0.107123,3.9252090482726407
2023-02,SAP,-0.0397367574750396,3.0,25.0,0.9344,0.0107,23.36,76.0,31.0,0.106387,0.115906,0.12641,0.110191,0.106216,0.10157,0.111516,0.11468,0.107123,3.918132060270939
2023-03,SAP,0.1118432977895778,0.0,35.0,0.8657,0.0234,30.299500000000002,79.0,30.57,0.106387,0.115906,0.12641,0.110191,0.106216,0.10157,0.111516,0.11468,0.107123,3.9817870689393033
2023-04,SAP,0.068905639990622,4.0,33.0,0.8659,0.0115,28.5747,70.0,30.14,0.106387,0.115906,0.12641,0.110191,0.106216,0.10157,0.111516,0.11468,0.107123,3.9777431109881554
2023-05,SAP,-0.0357064608676952,3.0,28.0,0.9553,0.0271,26.7484,73.0,31.29,0.106387,0.115906,0.12641,0.110191,0.106216,0.10157,0.111516,0.11468,0.107123,4.0294528912359935
2023-06,SAP,0.0662695421111763,7.0,20.0,0.9424,0.0389,18.848,81.0,32.64,0.106387,0.115906,0.12641,0.110191,0.106216,0.10157,0.111516,0.11468,0.107123,4.102579946582568
2023-07,SAP,-0.00336221180462,1.0,21.0,0.7541,0.0175,15.8361,77.0,30.57,0.106387,0.115906,0.12641,0.110191,0.106216,0.10157,0.111516,0.11468,0.107123,4.121209359137369
2023-08,SAP,0.0244956971797243,4.0,17.0,0.9568,0.0199,16.2656,76.0,29.57,0.106387,0.115906,0.12641,0.110191,0.106216,0.10157,0.111516,0.11468,0.107123,4.167077377942465
2023-09,SAP,-0.0742357629880268,2.0,32.0,0.8767,0.0351,28.0544,74.0,30.57,0.106387,0.115906,0.12641,0.110191,0.106216,0.10157,0.111516,0.11468,0.107123,4.231254773543774
2023-10,SAP,0.0361892595118482,6.0,26.0,0.8868,0.0107,23.056800000000003,74.0,31.0,0.106387,0.115906,0.12641,0.110191,0.106216,0.10157,0.111516,0.11468,0.107123,4.227682956250185
2023-11,SAP,0.1874626556861363,5.0,28.0,0.9736,0.0159,27.2608,77.0,31.86,0.106387,0.115906,0.12641,0.110191,0.106216,0.10157,0.111516,0.11468,0.107123,4.257803932585197
2023-12,SAP,-0.0284690180159444,3.0,18.0,0.9887,0.0205,17.7966,66.0,30.79,0.108142,0.117489,0.121579,0.112044,0.103402,0.103456,0.113811,0.113773,0.106303,4.234880304616054
2024-01,SAP,0.1197360546481873,50.0,31.0,0.7174,0.0204,22.2394,80.0,32.79,0.108142,0.117489,0.121579,0.112044,0.103402,0.103456,0.113811,0.113773,0.106303,4.273320714507709
2024-02,SAP,0.0853262788793922,3.0,29.0,0.9494,0.0074,27.532600000000002,88.0,36.07,0.108142,0.117489,0.121579,0.112044,0.103402,0.103456,0.113811,0.113773,0.106303,4.243399216277345
2024-03,SAP,0.0381115144857322,2.0,17.0,0.9645,0.0259,16.3965,79.0,35.86,0.108142,0.117489,0.121579,0.112044,0.103402,0.103456,0.113811,0.113773,0.106303,4.272379694805546
2024-04,SAP,-0.0708608241755024,4.0,19.0,0.7552,0.0193,14.348799999999999,82.0,35.29,0.108142,0.117489,0.121579,0.112044,0.103402,0.103456,0.113811,0.113773,0.106303,4.297793388655474
2024-05,SAP,0.0067877204308905,2.0,17.0,0.9111,0.0531,15.4887,82.0,36.21,0.108142,0.117489,0.121579,0.112044,0.103402,0.103456,0.113811,0.113773,0.106303,4.39195371652091
2024-06,SAP,0.1194981588697012,5.0,28.0,0.7745,0.0262,21.686,81.0,34.0,0.108142,0.117489,0.121579,0.112044,0.103402,0.103456,0.113811,0.113773,0.106303,4.361312876034912
2024-07,SAP,0.0490308043059211,0.0,40.0,0.6842,0.0086,27.368000000000002,88.0,32.57,0.108142,0.117489,0.121579,0.112044,0.103402,0.103456,0.113811,0.113773,0.106303,4.344953971926179
2024-08,SAP,0.0383270801565907,3.0,14.0,0.9083,0.0308,12.7162,79.0,33.07,0.108142,0.117489,0.121579,0.112044,0.103402,0.103456,0.113811,0.113773,0.106303,4.35901085755203
2024-09,SAP,0.0427381328296616,10.0,42.0,0.933,0.0142,39.186,84.0,35.36,0.108142,0.117489,0.121579,0.112044,0.103402,0.103456,0.113811,0.113773,0.106303,4.365593442335882
2024-10,SAP,0.0198166669937205,6.0,24.0,0.8251,0.0176,19.8024,84.0,36.21,0.108142,0.117489,0.121579,0.112044,0.103402,0.103456,0.113811,0.113773,0.106303,4.3651815157371265
2024-11,SAP,0.0169491207243868,1.0,5.0,0.5502,0.1029,2.7510000000000003,86.0,38.36,0.108142,0.117489,0.121579,0.112044,0.103402,0.103456,0.113811,0.113773,0.106303,4.510872253862534
2024-12,SAP,0.0362373837597049,1.0,10.0,0.7051,0.0442,7.050999999999999,74.0,37.14,0.106472,0.113955,0.124205,0.109823,0.104291,0.099368,0.117067,0.114928,0.109891,4.5529447502987495
2025-01,SAP,0.1212379440840392,46.0,33.0,0.9062,0.0451,29.9046,85.0,38.79,0.106472,0.113955,0.124205,0.109823,0.104291,0.099368,0.117067,0.114928,0.109891,4.648173154812856
2025-02,SAP,-0.0038397820715144,2.0,27.0,0.8901,0.0614,24.0327,86.0,41.43,0.106472,0.113955,0.124205,0.109823,0.104291,0.099368,0.117067,0.114928,0.109891,4.742351629883115
2025-03,SAP,-0.0238545532095909,5.0,20.0,0.8896,0.029,17.791999999999998,87.0,39.86,0.106472,0.113955,0.124205,0.109823,0.104291,0.099368,0.117067,0.114928,0.109891,4.711257519660809
2025-04,SAP,0.0884742447048021,2.0,38.0,0.7851,0.0097,29.8338,87.0,40.07,0.106472,0.113955,0.124205,0.109823,0.104291,0.099368,0.117067,0.114928,0.109891,4.6646921616412
2025-05,SAP,0.0365172153505686,1.0,39.0,0.778,0.0472,30.342000000000002,85.0,40.21,0.106472,0.113955,0.124205,0.109823,0.104291,0.099368,0.117067,0.114928,0.109891,4.725290855300947
2025-06,SAP,0.0131728722248771,7.0,43.0,0.6223,0.0147,26.758899999999997,91.0,45.64,0.106472,0.113955,0.124205,0.109823,0.104291,0.099368,0.117067,0.114928,0.109891,4.715153973855434
2025-07,SAP,-0.0572179198005734,0.0,196.0,0.8242,0.0119,161.5432,92.0,48.5,0.106472,0.113955,0.124205,0.109823,0.104291,0.099368,0.117067,0.114928,0.109891,4.70649317720096
2025-08,SAP,-0.0507150481088283,6.0,296.0,0.9007,0.0262,266.6072,94.0,87.57,0.106472,0.113955,0.124205,0.109823,0.104291,0.099368,0.117067,0.114928,0.109891,4.7562879770570206
2025-09,SAP,-0.0181879308098626,5.0,258.0,0.9165,0.0414,236.457,100.0,86.07,0.106472,0.113955,0.124205,0.109823,0.104291,0.099368,0.117067,0.114928,0.109891,4.879514090492889
2025-10,SAP,-0.0269450022059352,3.0,281.0,0.8971,0.0336,252.0851,96.0,86.86,0.106472,0.113955,0.124205,0.109823,0.104291,0.099368,0.117067,0.114928,0.109891,4.90977857211468
2025-11,SAP,-0.0702281271816784,8.0,246.0,0.9399,0.0359,231.2154,90.0,91.29,0.106472,0.113955,0.124205,0.109823,0.104291,0.099368,0.117067,0.114928,0.109891,4.952316806993948
2025-12,SAP,0.0047983582465067,4.0,157.0,0.8888,0.0414,139.54160000000002,80.0,86.86,0.110558,0.117409,0.120923,0.113985,0.100035,0.099912,0.115214,0.115249,0.106716,4.937061054697615
2014-01,STX,-0.0587605157753325,8.0,0.0,0.0,0.0,0.0,74.0,18.14,0.109272,0.111064,0.11255,0.120247,0.110143,0.095126,0.117288,0.115459,0.10885,0.15123061601934842
2014-02,STX,-0.012674968640735,7.0,0.0,0.0,0.0,0.0,77.0,18.14,0.109272,0.111064,0.11255,0.120247,0.110143,0.095126,0.117288,0.115459,0.10885,0.30824385925285713
2014-03,STX,0.0855731627819631,7.0,0.0,0.0,0.0,0.0,80.0,17.14,0.108193,0.109108,0.114864,0.119677,0.110492,0.096273,0.115775,0.115795,0.109823,0.47212625648956796
2014-04,STX,-0.0637462652835062,3.0,0.0,0.0,0.0,0.0,80.0,17.21,0.108193,0.109108,0.114864,0.119677,0.110492,0.096273,0.115775,0.115795,0.109823,0.6099482148878503
2014-05,STX,0.0218713078953181,3.0,0.0,0.0,0.0,0.0,84.0,16.86,0.108193,0.109108,0.114864,0.119677,0.110492,0.096273,0.115775,0.115795,0.109823,0.7500063674540944
2014-06,STX,0.0667670972801188,7.0,0.0,0.0,0.0,0.0,81.0,18.0,0.109266,0.112242,0.117392,0.121315,0.110739,0.091758,0.115218,0.114922,0.107149,0.8875223229078828
2014-07,STX,0.0313273579810735,3.0,0.0,0.0,0.0,0.0,67.0,19.29,0.109266,0.112242,0.117392,0.121315,0.110739,0.091758,0.115218,0.114922,0.107149,0.9825146164830272
2014-08,STX,0.067918221630622,6.0,0.0,0.0,0.0,0.0,70.0,17.86,0.109266,0.112242,0.117392,0.121315,0.110739,0.091758,0.115218,0.114922,0.107149,1.0868191272302727
2014-09,STX,-0.0779417018796053,7.0,0.0,0.0,0.0,0.0,63.0,17.64,0.109266,0.112242,0.117392,0.121315,0.110739,0.091758,0.115218,0.114922,0.107149,1.1765613974645324
2014-10,STX,0.0970839691867997,1.0,0.0,0.0,0.0,0.0,66.0,18.14,0.109266,0.112242,0.117392,0.121315,0.110739,0.091758,0.115218,0.114922,0.107149,1.2474812085647766
2014-11,STX,0.0522043774089655,5.0,0.0,0.0,0.0,0.0,63.0,18.36,0.109266,0.112242,0.117392,0.121315,0.110739,0.091758,0.115218,0.114922,0.107149,1.332491923343862
2014-12,STX,0.0144921951214778,4.0,0.0,0.0,0.0,0.0,64.0,17.79,0.111052,0.109403,0.115616,0.11777,0.111122,0.093864,0.11722,0.115198,0.108754,1.419510453855651
2015-01,STX,-0.1512779361808376,9.0,0.0,0.0,0.0,0.0,65.0,17.21,0.111052,0.109403,0.115616,0.11777,0.111122,0.093864,0.11722,0.115198,0.108754,1.4891308033166435
2015-02,STX,0.0829199902188835,1.0,0.0,0.0,0.0,0.0,72.0,17.07,0.111052,0.109403,0.115616,0.11777,0.111122,0.093864,0.11722,0.115198,0.108754,1.5734083185707997
2015-03,STX,-0.141045764031354,4.0,0.0,0.0,0.0,0.0,75.0,17.0,0.109025,0.111405,0.113121,0.119357,0.110024,0.094632,0.118251,0.115346,0.108839,1.6737507654428438
2015-04,STX,0.1285797697261275,6.0,0.0,0.0,0.0,0.0,71.0,17.0,0.109025,0.111405,0.113121,0.119357,0.110024,0.094632,0.118251,0.115346,0.108839,1.7551726721734024
2015-05,STX,-0.0436996742920774,16.0,0.0,0.0,0.0,0.0,74.0,17.07,0.109025,0.111405,0.113121,0.119357,0.110024,0.094632,0.118251,0.115346,0.108839,1.8609541862300893
2015-06,STX,-0.146297591478212,8.0,0.0,0.0,0.0,0.0,72.0,16.36,0.107823,0.109022,0.115159,0.118588,0.110924,0.096684,0.115296,0.115319,0.111185,1.9346767881005689
2015-07,STX,0.0652626151046806,1.0,0.0,0.0,0.0,0.0,66.0,16.71,0.107823,0.109022,0.115159,0.118588,0.110924,0.096684,0.115296,0.115319,0.111185,1.9663697939898783
2015-08,STX,0.0158104101700913,3.0,0.0,0.0,0.0,0.0,64.0,15.43,0.107823,0.109022,0.115159,0.118588,0.110924,0.096684,0.115296,0.115319,0.111185,2.0102916520659537
2015-09,STX,-0.1191359936301184,3.0,2.0,0.995,0.0,1.99,63.0,15.64,0.114555,0.114617,0.112906,0.122259,0.109093,0.089537,0.113489,0.115652,0.107892,2.081018419022997
2015-10,STX,-0.1504462113077734,5.0,0.0,0.0,0.0,0.0,64.0,16.36,0.114555,0.114617,0.112906,0.122259,0.109093,0.089537,0.113489,0.115652,0.107892,2.130959877630946
2015-11,STX,-0.0557015374393986,3.0,1.0,0.987,0.0,0.987,60.0,16.36,0.114555,0.114617,0.112906,0.122259,0.109093,0.089537,0.113489,0.115652,0.107892,2.150259252535099
2015-12,STX,0.0362036501769145,3.0,1.0,0.998,0.0,0.998,59.0,16.36,0.110821,0.108804,0.115451,0.116462,0.11073,0.094015,0.118934,0.115162,0.109622,2.2031738581690297
2016-01,STX,-0.2075827438920581,7.0,2.0,0.995,0.0,1.99,63.0,15.93,0.110821,0.108804,0.115451,0.116462,0.11073,0.094015,0.118934,0.115162,0.109622,2.250514228178335
2016-02,STX,0.0795178143217669,6.0,2.0,0.998,0.0,1.996,70.0,16.14,0.110821,0.108804,0.115451,0.116462,0.11073,0.094015,0.118934,0.115162,0.109622,2.338260907662643
2016-03,STX,0.1204619488485241,3.0,0.0,0.0,0.0,0.0,71.0,16.21,0.108103,0.1109,0.113871,0.116967,0.109853,0.095612,0.118993,0.11574,0.109961,2.3784718624771988
2016-04,STX,-0.3680695931292996,1.0,0.0,0.0,0.0,0.0,78.0,16.21,0.108103,0.1109,0.113871,0.116967,0.109853,0.095612,0.118993,0.11574,0.109961,2.4336952662777156
2016-05,STX,0.0362885028551442,4.0,0.0,0.0,0.0,0.0,83.0,17.0,0.108103,0.1109,0.113871,0.116967,0.109853,0.095612,0.118993,0.11574,0.109961,2.503554059637796
2016-06,STX,0.1148887407724799,2.0,1.0,0.982,0.0,0.982,76.0,16.14,0.106502,0.11055,0.114879,0.117438,0.109647,0.09726,0.117341,0.115256,0.111127,2.6580525397086197
2016-07,STX,0.3148600327506579,3.0,0.0,0.0,0.0,0.0,65.0,15.21,0.106502,0.11055,0.114879,0.117438,0.109647,0.09726,0.117341,0.115256,0.111127,2.723597659713154
2016-08,STX,0.0533878526804845,8.0,0.0,0.0,0.0,0.0,71.0,14.79,0.106502,0.11055,0.114879,0.117438,0.109647,0.09726,0.117341,0.115256,0.111127,2.772357245706599
2016-09,STX,0.1425602839059958,8.0,1.0,0.994,0.0,0.994,67.0,16.07,0.1120535,0.113442004,0.11423,0.119456,0.109551504,0.09173,0.116064,0.115285,0.1081875,2.8318114324312615
2016-10,STX,-0.0943115706949444,3.0,1.0,0.997,0.0,0.997,60.0,17.0,0.1120535,0.113442004,0.11423,0.119456,0.109551504,0.09173,0.116064,0.115285,0.1081875,2.849076299458099
2016-11,STX,0.1687554679424943,4.0,1.0,0.996,0.007,0.996,63.0,17.93,0.1120535,0.113442004,0.11423,0.119456,0.109551504,0.09173,0.116064,0.115285,0.1081875,2.895785097284574
2016-12,STX,-0.0481297709734472,2.0,1.0,0.99,0.0042,0.99,59.0,17.21,0.107878,0.112288,0.11322,0.117788,0.109858,0.095063,0.118819,0.115395,0.109692,2.919385871119257
2017-01,STX,0.2022377273411342,4.0,0.0,0.0,0.0,0.0,69.0,17.64,0.107878,0.112288,0.11322,0.117788,0.109858,0.095063,0.118819,0.115395,0.109692,2.9408476319129147
2017-02,STX,0.0673308483550885,7.0,0.0,0.0,0.0,0.0,72.0,18.14,0.107878,0.112288,0.11322,0.117788,0.109858,0.095063,0.118819,0.115395,0.109692,2.962501134665838
2017-03,STX,-0.0468976625955811,3.0,0.0,0.0,0.0,0.0,72.0,19.21,0.107083,0.109772,0.115319,0.11736,0.109901,0.097642,0.117053,0.115479,0.110391,2.9946686023951092
2017-04,STX,-0.0702373585053941,10.0,0.0,0.0,0.0,0.0,74.0,19.07,0.107083,0.109772,0.115319,0.11736,0.109901,0.097642,0.117053,0.115479,0.110391,3.0012702559746187
2017-05,STX,0.0341800454056513,9.0,0.0,0.0,0.0,0.0,78.0,19.36,0.107083,0.109772,0.115319,0.11736,0.109901,0.097642,0.117053,0.115479,0.110391,3.0200457286785576
2017-06,STX,-0.110626827621218,6.0,0.0,0.0,0.0,0.0,76.0,20.14,0.116457,0.114502,0.115272,0.121422,0.108715,0.088678,0.109235,0.117503,0.108216,3.039694071860651
2017-07,STX,-0.1364754604715794,5.0,0.0,0.0,0.0,0.0,78.0,20.0,0.116457,0.114502,0.115272,0.121422,0.108715,0.088678,0.109235,0.117503,0.108216,3.0569831836918677
2017-08,STX,-0.0433859918300213,3.0,0.0,0.0,0.0,0.0,69.0,19.0,0.116457,0.114502,0.115272,0.121422,0.108715,0.088678,0.109235,0.117503,0.108216,3.050749665915413
2017-09,STX,0.052013754240509,8.0,0.0,0.0,0.0,0.0,66.0,19.79,0.113885,0.110549,0.114742,0.11624,0.10921,0.094715,0.117335,0.114495,0.10883,3.0682691533726714
2017-10,STX,0.1359108561647872,1.0,0.0,0.0,0.0,0.0,64.0,20.64,0.113885,0.110549,0.114742,0.11624,0.10921,0.094715,0.117335,0.114495,0.10883,3.070756752439147
2017-11,STX,0.0430077217014159,1.0,0.0,0.0,0.0,0.0,60.0,22.0,0.113885,0.110549,0.114742,0.11624,0.10921,0.094715,0.117335,0.114495,0.10883,3.0644995876716554
2017-12,STX,0.085062362923399,7.0,0.0,0.0,0.0,0.0,56.0,20.64,0.10839,0.112147,0.112676,0.118555,0.109597,0.095536,0.118949,0.114827,0.109324,3.0271990472126964
2018-01,STX,0.3389332068958031,7.0,0.0,0.0,0.0,0.0,71.0,21.21,0.10839,0.112147,0.112676,0.118555,0.109597,0.095536,0.118949,0.114827,0.109324,3.0333302580232027
2018-02,STX,-0.0326087452714485,5.0,0.0,0.0,0.0,0.0,71.0,21.64,0.10839,0.112147,0.112676,0.118555,0.109597,0.095536,0.118949,0.114827,0.109324,3.0351249591372684
2018-03,STX,0.0958800319151487,5.0,1.0,0.997,0.0,0.997,74.0,21.07,0.108169,0.110401,0.114684,0.117738,0.109155,0.096943,0.1173,0.115389,0.11022,3.0795481260227913
2018-04,STX,-0.0003384687951596,5.0,1.0,0.996,0.0,0.996,70.0,21.0,0.108169,0.110401,0.114684,0.117738,0.109155,0.096943,0.1173,0.115389,0.11022,3.0920077033457014
2018-05,STX,-0.0266019939178827,4.0,0.0,0.0,0.0,0.0,73.0,20.5,0.108169,0.110401,0.114684,0.117738,0.109155,0.096943,0.1173,0.115389,0.11022,3.08813839799795
2018-06,STX,0.0021291505182654,6.0,1.0,0.998,0.0,0.998,68.0,19.71,0.115871,0.114816,0.114465,0.121128,0.107155,0.091946,0.109503,0.117436,0.107681,3.144435856632369
2018-07,STX,-0.0581170773818635,5.0,0.0,0.0,0.0,0.0,63.0,19.5,0.115871,0.114816,0.114465,0.121128,0.107155,0.091946,0.109503,0.117436,0.107681,3.320315686193849
2018-08,STX,0.0174836837346605,1.0,0.0,0.0,0.0,0.0,64.0,19.29,0.115871,0.114816,0.114465,0.121128,0.107155,0.091946,0.109503,0.117436,0.107681,3.3871604782603097
2018-09,STX,-0.1156143639569459,6.0,1.0,0.997,0.0,0.997,60.0,20.29,0.110505,0.110359,0.115456,0.116452,0.110022,0.094604,0.118057,0.116775,0.10777,3.5172456043160967
2018-10,STX,-0.1390556458988521,3.0,1.0,0.997,0.0,0.997,56.0,21.07,0.110505,0.110359,0.115456,0.116452,0.110022,0.094604,0.118057,0.116775,0.10777,3.455731177912332
2018-11,STX,0.0710913565255071,4.0,0.0,0.0,0.0,0.0,58.0,21.29,0.110505,0.110359,0.115456,0.116452,0.110022,0.094604,0.118057,0.116775,0.10777,3.4061198726833677
2018-12,STX,-0.1044325096218425,4.0,1.0,0.993,0.0,0.993,56.0,20.07,0.109387,0.111026,0.113188,0.118159,0.11034,0.09636,0.119614,0.113544,0.108382,3.3865658239364764
2019-01,STX,0.1670914744604712,4.0,0.0,0.0,0.0,0.0,60.0,20.43,0.109387,0.111026,0.113188,0.118159,0.11034,0.09636,0.119614,0.113544,0.108382,3.3507557031101016
2019-02,STX,0.0514902203987202,1.0,1.0,0.995,0.0,0.995,65.0,21.64,0.109387,0.111026,0.113188,0.118159,0.11034,0.09636,0.119614,0.113544,0.108382,3.3445876736706217
2019-03,STX,0.0285656543630792,3.0,0.0,0.0,0.0,0.0,66.0,21.64,0.108497,0.110128,0.115008,0.117586,0.109378,0.09738,0.116493,0.115732,0.109798,3.3171076668521704
2019-04,STX,0.022352698258097,1.0,0.0,0.0,0.0,0.0,62.0,21.14,0.108497,0.110128,0.115008,0.117586,0.109378,0.09738,0.116493,0.115732,0.109798,3.2517209995737764
2019-05,STX,-0.1338991644122439,1.0,1.0,0.997,0.0,0.997,67.0,20.86,0.108497,0.110128,0.115008,0.117586,0.109378,0.09738,0.116493,0.115732,0.109798,3.2444340488444636
2019-06,STX,0.1259260574576612,2.0,1.0,0.988,0.0,0.988,69.0,20.64,0.11739,0.11406,0.112324,0.123643,0.107637,0.091104,0.108293,0.118684,0.106865,3.350209242409237
2019-07,STX,-0.0030315496946569,2.0,0.0,0.0,0.0,0.0,62.0,20.71,0.11739,0.11406,0.112324,0.123643,0.107637,0.091104,0.108293,0.118684,0.106865,3.3224645409207256
2019-08,STX,0.0842154224740889,0.0,0.0,0.0,0.0,0.0,65.0,20.36,0.11739,0.11406,0.112324,0.123643,0.107637,0.091104,0.108293,0.118684,0.106865,3.2878876691480636
2019-09,STX,0.0713005252522753,4.0,0.0,0.0,0.0,0.0,62.0,21.43,0.11739,0.11406,0.112324,0.123643,0.107637,0.091104,0.108293,0.118684,0.106865,3.271940460516874
2019-10,STX,0.0918653992612172,3.0,0.0,0.0,0.0,0.0,57.0,21.79,0.11739,0.11406,0.112324,0.123643,0.107637,0.091104,0.108293,0.118684,0.106865,3.2353628329767634
2019-11,STX,0.0284335533706112,9.0,0.0,0.0,0.0,0.0,58.0,22.43,0.11739,0.11406,0.112324,0.123643,0.107637,0.091104,0.108293,0.118684,0.106865,3.2115922474230554
2019-12,STX,-0.0030162579782886,3.0,0.0,0.0,0.0,0.0,54.0,20.93,0.109302,0.109811,0.116129,0.115697,0.110448,0.096978,0.118241,0.115494,0.107901,3.1592236311954176
2020-01,STX,-0.0317597977932497,10.0,0.0,0.0,0.0,0.0,61.0,25.93,0.109302,0.109811,0.116129,0.115697,0.110448,0.096978,0.118241,0.115494,0.107901,3.1456979122902173
2020-02,STX,-0.1586246077791097,2.0,0.0,0.0,0.0,0.0,63.0,25.07,0.109302,0.109811,0.116129,0.115697,0.110448,0.096978,0.118241,0.115494,0.107901,3.1254266083334192
2020-03,STX,0.0177269545634979,6.0,0.0,0.0,0.0,0.0,53.0,20.14,0.107847,0.111908,0.114614,0.11604,0.109254,0.097645,0.119661,0.115362,0.107668,3.065483037557834
2020-04,STX,0.0401447558835621,3.0,1.0,0.996,0.0,0.996,54.0,20.79,0.107847,0.111908,0.114614,0.11604,0.109254,0.097645,0.119661,0.115362,0.107668,3.0511145226452063
2020-05,STX,0.0618616816995856,1.0,0.0,0.0,0.0,0.0,65.0,22.21,0.107847,0.111908,0.114614,0.11604,0.109254,0.097645,0.119661,0.115362,0.107668,3.042104340473753
2020-06,STX,-0.0872925026144606,2.0,0.0,0.0,0.0,0.0,69.0,21.93,0.108514,0.110816,0.116073,0.117788,0.10766,0.099812,0.115585,0.115525,0.108227,3.008145752666062
2020-07,STX,-0.0538147324787209,2.0,0.0,0.0,0.0,0.0,67.0,21.71,0.108514,0.110816,0.116073,0.117788,0.10766,0.099812,0.115585,0.115525,0.108227,2.9724320721199216
2020-08,STX,0.0612559375807666,3.0,0.0,0.0,0.0,0.0,65.0,20.71,0.108514,0.110816,0.116073,0.117788,0.10766,0.099812,0.115585,0.115525,0.108227,2.9688477922899565
2020-09,STX,0.0266720871006789,3.0,0.0,0.0,0.0,0.0,59.0,22.07,0.117116,0.114628,0.112718,0.121305,0.108264,0.092246,0.109211,0.118821,0.10569,2.921116944163393
2020-10,STX,-0.0161705838204588,4.0,3.0,0.999,0.0,2.997,55.0,20.5,0.117116,0.114628,0.112718,0.121305,0.108264,0.092246,0.109211,0.118821,0.10569,2.9175650836706093
2020-11,STX,0.2298207374355831,3.0,0.0,0.0,0.0,0.0,53.0,19.36,0.117116,0.114628,0.112718,0.121305,0.108264,0.092246,0.109211,0.118821,0.10569,2.878882488731211
2020-12,STX,0.0569628929674497,5.0,0.0,0.0,0.0,0.0,55.0,19.07,0.111432,0.109705,0.117389,0.115967,0.108276,0.097189,0.11749,0.115342,0.107212,2.8566672654302545
2021-01,STX,0.0747764179510195,8.0,7.0,0.614,0.0,4.298,66.0,18.93,0.111432,0.109705,0.117389,0.115967,0.108276,0.097189,0.11749,0.115342,0.107212,2.8983174666505396
2021-02,STX,0.1075317239537465,1.0,9.0,0.708,0.0,6.372,69.0,20.0,0.111432,0.109705,0.117389,0.115967,0.108276,0.097189,0.11749,0.115342,0.107212,2.893174475449659
2021-03,STX,0.0480675646940764,2.0,14.0,0.7648,0.0,10.7072,70.0,19.79,0.109759,0.112239,0.115015,0.117366,0.10793,0.097939,0.117412,0.115237,0.107103,2.876080283842149
2021-04,STX,0.2204093095063093,2.0,28.0,0.7785,0.0,21.798,74.0,19.36,0.109759,0.112239,0.115015,0.117366,0.10793,0.097939,0.117412,0.115237,0.107103,2.894389297021409
2021-05,STX,0.0313443017436827,4.0,20.0,0.6976,0.0,13.952,69.0,19.64,0.109759,0.112239,0.115015,0.117366,0.10793,0.097939,0.117412,0.115237,0.107103,2.9096138314207893
2021-06,STX,-0.0747824980845081,4.0,40.0,0.6539,0.0,26.156000000000002,66.0,20.21,0.108044,0.110809,0.116573,0.117157,0.107654,0.099836,0.115354,0.116409,0.108165,2.8927215200073286
2021-07,STX,-0.0003412950390435,3.0,33.0,0.8956,0.0,29.5548,61.0,19.43,0.108044,0.110809,0.116573,0.117157,0.107654,0.099836,0.115354,0.116409,0.108165,2.9156898579243684
2021-08,STX,-0.0035267784058747,6.0,14.0,0.8621,0.0,12.0694,64.0,18.29,0.108044,0.110809,0.116573,0.117157,0.107654,0.099836,0.115354,0.116409,0.108165,2.923832101747807
2021-09,STX,-0.0578833647477358,4.0,10.0,0.9259,0.0,9.259,55.0,19.5,0.10977,0.119464,0.114427,0.117868,0.102234,0.100222,0.113422,0.115848,0.106745,2.9012698617557535
2021-10,STX,0.0881640576990765,2.0,31.0,0.7551,0.0,23.4081,66.0,19.64,0.10977,0.119464,0.114427,0.117868,0.102234,0.100222,0.113422,0.115848,0.106745,2.9164237443368393
2021-11,STX,0.1526888263317241,1.0,22.0,0.7752,0.0,17.0544,61.0,20.79,0.10977,0.119464,0.114427,0.117868,0.102234,0.100222,0.113422,0.115848,0.106745,2.882144143949476
2021-12,STX,0.1004189316366874,6.0,20.0,0.7918,0.0,15.835999999999999,63.0,19.29,0.110651,0.110751495,0.116226494,0.1166845,0.1079175,0.0979125,0.117723495,0.114605,0.107529,2.8993044837316937
2022-01,STX,-0.0452449240581304,6.0,39.0,0.772,0.0,30.108,70.0,24.86,0.110651,0.110751495,0.116226494,0.1166845,0.1079175,0.0979125,0.117723495,0.114605,0.107529,2.9161380507521306
2022-02,STX,-0.0372374757107887,2.0,21.0,0.916,0.0,19.236,65.0,26.0,0.110651,0.110751495,0.116226494,0.1166845,0.1079175,0.0979125,0.117723495,0.114605,0.107529,2.906066110416554
2022-03,STX,-0.1285383102059847,0.0,8.0,0.8676,0.0,6.9408,66.0,27.36,0.110651,0.110751495,0.116226494,0.1166845,0.1079175,0.0979125,0.117723495,0.114605,0.107529,2.896230773339984
2022-04,STX,-0.0806069227581776,3.0,24.0,0.7156,0.0,17.1744,60.0,26.71,0.110651,0.110751495,0.116226494,0.1166845,0.1079175,0.0979125,0.117723495,0.114605,0.107529,2.8955127632878197
2022-05,STX,0.0320573070823924,2.0,12.0,0.8594,0.0,10.312800000000001,58.0,25.5,0.110651,0.110751495,0.116226494,0.1166845,0.1079175,0.0979125,0.117723495,0.114605,0.107529,2.8697958873064957
2022-06,STX,-0.1562534564350668,5.0,6.0,0.7733,0.0,4.6398,61.0,25.64,0.108608,0.110246,0.11609,0.117977,0.107867,0.100279,0.116091,0.114687,0.108156,2.8422288080962144
2022-07,STX,0.1305938793777317,6.0,26.0,0.4025,0.0,10.465,55.0,23.43,0.108608,0.110246,0.11609,0.117977,0.107867,0.100279,0.116091,0.114687,0.108156,2.839658039071982
2022-08,STX,-0.1627906378642165,2.0,17.0,0.4541,0.0,7.7197000000000005,57.0,22.79,0.108608,0.110246,0.11609,0.117977,0.107867,0.100279,0.116091,0.114687,0.108156,2.8266528288997206
2022-09,STX,-0.205047916804263,4.0,26.0,0.6416,0.0053,16.6816,49.0,24.5,0.110051,0.115253,0.1153825,0.116852,0.104917005,0.0993755,0.1154225,0.115218,0.107528,2.8307445711511314
2022-10,STX,-0.0564174556978299,6.0,38.0,0.197,0.0,7.486000000000001,47.0,24.57,0.110051,0.115253,0.1153825,0.116852,0.104917005,0.0993755,0.1154225,0.115218,0.107528,2.7860812214938067
2022-11,STX,0.0666534421667019,2.0,16.0,0.7802,0.0,12.4832,52.0,25.79,0.110051,0.115253,0.1153825,0.116852,0.104917005,0.0993755,0.1154225,0.115218,0.107528,2.7638107480847185
2022-12,STX,-0.0067964107515557,1.0,4.0,0.997,0.0053,3.988,48.0,25.86,0.10927,0.110859,0.112672,0.117861,0.109806,0.098091,0.119277,0.115666,0.106499,2.746067197081652
2023-01,STX,0.3062810639510185,11.0,26.0,0.6323,0.0,16.439799999999998,54.0,27.43,0.10927,0.110859,0.112672,0.117861,0.109806,0.098091,0.119277,0.115666,0.106499,2.727922806635424
2023-02,STX,-0.0475066143674282,2.0,6.0,0.8742,0.0129,5.2452,65.0,31.0,0.10927,0.110859,0.112672,0.117861,0.109806,0.098091,0.119277,0.115666,0.106499,2.760016522818977
2023-03,STX,0.0241634695167209,1.0,6.0,0.9403,0.0079,5.6418,67.0,30.57,0.108084,0.109129,0.114904,0.11708,0.109014,0.099983,0.117794,0.11546,0.108552,2.7924392640650364
2023-04,STX,-0.101021510231882,3.0,27.0,0.0817,0.0,2.2058999999999997,63.0,30.14,0.108084,0.109129,0.114904,0.11708,0.109014,0.099983,0.117794,0.11546,0.108552,2.7811311045778293
2023-05,STX,0.022630410710227,4.0,9.0,0.7316,0.0,6.5844000000000005,64.0,31.29,0.108084,0.109129,0.114904,0.11708,0.109014,0.099983,0.117794,0.11546,0.108552,2.7815144002872683
2023-06,STX,0.0294510330626946,5.0,5.0,0.9214,0.0,4.607,68.0,32.64,0.109332,0.117605,0.11575,0.117882,0.102376,0.101377,0.111739,0.116406,0.107533,2.780694550412565
2023-07,STX,0.0376418383806087,9.0,65.0,-0.0947,0.0,-6.1555,59.0,30.57,0.109332,0.117605,0.11575,0.117882,0.102376,0.101377,0.111739,0.116406,0.107533,2.7908430491026133
2023-08,STX,0.1148032672329495,3.0,59.0,-0.0503,0.0,-2.9677,60.0,29.57,0.109332,0.117605,0.11575,0.117882,0.102376,0.101377,0.111739,0.116406,0.107533,2.7886978183973996
2023-09,STX,-0.0683714337242089,0.0,24.0,0.4926,0.0044,11.8224,53.0,30.57,0.109543,0.110513,0.116974,0.115478,0.109055,0.096696,0.117978,0.116447,0.107315,2.761651348425407
2023-10,STX,0.0459856561550888,5.0,25.0,0.857,0.0,21.425,52.0,31.0,0.109543,0.110513,0.116974,0.115478,0.109055,0.096696,0.117978,0.116447,0.107315,2.7385530752304534
2023-11,STX,0.1589741645388893,4.0,10.0,0.9109,0.0,9.109,54.0,31.86,0.109543,0.110513,0.116974,0.115478,0.109055,0.096696,0.117978,0.116447,0.107315,2.7211383177011323
2023-12,STX,0.079266821541158,1.0,10.0,0.8036,0.0,8.036,58.0,30.79,0.108795,0.111617,0.114574,0.117807,0.108039,0.097666,0.11914,0.115368,0.106994,2.694677335240486
2024-01,STX,0.0120753464486802,13.0,29.0,0.8954,0.0,25.9666,62.0,32.79,0.108795,0.111617,0.114574,0.117807,0.108039,0.097666,0.11914,0.115368,0.106994,2.6865718019466263
2024-02,STX,0.0860177525874565,2.0,12.0,0.8848,0.0,10.6176,73.0,36.07,0.108795,0.111617,0.114574,0.117807,0.108039,0.097666,0.11914,0.115368,0.106994,2.683848102402787
2024-03,STX,0.0,7.0,17.0,0.6899,0.0053,11.728299999999999,72.0,35.86,0.107801,0.1099,0.116568,0.117386,0.108284,0.099611,0.116333,0.115608,0.108509,2.719525292391565
2024-04,STX,-0.0692064504886679,1.0,19.0,0.7385,0.0,14.031500000000001,66.0,35.29,0.107801,0.1099,0.116568,0.117386,0.108284,0.099611,0.116333,0.115608,0.108509,2.7288267663875017
2024-05,STX,0.0853217287316017,0.0,21.0,0.8165,0.0083,17.1465,68.0,36.21,0.107801,0.1099,0.116568,0.117386,0.108284,0.099611,0.116333,0.115608,0.108509,2.7371285313950127
2024-06,STX,0.1075717552813224,0.0,19.0,0.8257,0.0263,15.6883,72.0,34.0,0.110681,0.117529,0.117941,0.117668,0.102331,0.09922,0.111514,0.115976,0.107139,2.7683957359411937
2024-07,STX,-0.0040741654469331,1.0,46.0,0.8309,0.0098,38.221399999999996,66.0,32.57,0.110681,0.117529,0.117941,0.117668,0.102331,0.09922,0.111514,0.115976,0.107139,2.793695472758796
2024-08,STX,-0.0256435123786825,6.0,22.0,0.8851,0.0164,19.4722,69.0,33.07,0.110681,0.117529,0.117941,0.117668,0.102331,0.09922,0.111514,0.115976,0.107139,2.8364922653279683
2024-09,STX,0.1002510763533413,2.0,11.0,0.8849,0.0151,9.7339,62.0,35.36,0.110725,0.10992,0.117763,0.116141,0.109304,0.095518,0.117619,0.115675,0.107334,2.8314397919515755
2024-10,STX,-0.0774644905121545,2.0,15.0,0.8824,0.0154,13.235999999999999,62.0,36.21,0.110725,0.10992,0.117763,0.116141,0.109304,0.095518,0.117619,0.115675,0.107334,2.841150936180312
2024-11,STX,0.0095646654384644,2.0,4.0,0.9988,0.0,3.9952,66.0,38.36,0.110725,0.10992,0.117763,0.116141,0.109304,0.095518,0.117619,0.115675,0.107334,2.8288722452781068
2024-12,STX,-0.1482285818213139,2.0,10.0,0.9948,0.021,9.948,63.0,37.14,0.109037,0.1116,0.115147,0.117981,0.107954,0.096692,0.118999,0.115417,0.107172,2.894180390602376
2025-01,STX,0.1247344941249735,12.0,43.0,0.8196,0.0179,35.2428,66.0,38.79,0.109037,0.1116,0.115147,0.117981,0.107954,0.096692,0.118999,0.115417,0.107172,2.9415299945479063
2025-02,STX,0.0575965635462651,0.0,15.0,0.9589,0.0176,14.3835,69.0,41.43,0.109037,0.1116,0.115147,0.117981,0.107954,0.096692,0.118999,0.115417,0.107172,2.9503260033945797
2025-03,STX,-0.1664213771091671,4.0,13.0,0.8468,0.0155,11.0084,75.0,39.86,0.107329,0.109773,0.117412,0.117248,0.107909,0.098893,0.116685,0.115729,0.109021,2.945788983791586
2025-04,STX,0.0803470159509835,0.0,35.0,0.8542,0.008,29.897,72.0,40.07,0.107329,0.109773,0.117412,0.117248,0.107909,0.098893,0.116685,0.115729,0.109021,2.9489023656860045
2025-05,STX,0.2956167163370222,2.0,33.0,0.9224,0.0131,30.4392,83.0,40.21,0.107329,0.109773,0.117412,0.117248,0.107909,0.098893,0.116685,0.115729,0.109021,3.0146024885600466
2025-06,STX,0.2237579173324575,4.0,28.0,0.7244,0.007,20.2832,81.0,45.64,0.110984,0.11876,0.116929,0.117982,0.102013,0.098973,0.111298,0.115778,0.107283,3.0457853458810535
2025-07,STX,0.0936308287497755,1.0,113.0,0.8795,0.0084,99.3835,78.0,48.5,0.110984,0.11876,0.116929,0.117982,0.102013,0.098973,0.111298,0.115778,0.107283,3.0715123889122182
2025-08,STX,0.0661740896416551,1.0,62.0,0.8779,0.0155,54.4298,100.0,87.57,0.110984,0.11876,0.116929,0.117982,0.102013,0.098973,0.111298,0.115778,0.107283,3.1198652848995483
2025-09,STX,0.4101552415668326,6.0,130.0,0.7867,0.0153,102.271,88.0,86.07,0.110984,0.11876,0.116929,0.117982,0.102013,0.098973,0.111298,0.115778,0.107283,3.1785697033246008
2025-10,STX,0.087378588295931,2.0,155.0,0.9053,0.0119,140.3215,91.0,86.86,0.110984,0.11876,0.116929,0.117982,0.102013,0.098973,0.111298,0.115778,0.107283,3.205379845917922
2025-11,STX,0.0813270711251987,2.0,97.0,0.8928,0.0161,86.6016,84.0,91.29,0.110984,0.11876,0.116929,0.117982,0.102013,0.098973,0.111298,0.115778,0.107283,3.2100101970044332
2025-12,STX,-0.0046982942263001,9.0,116.0,0.8615,0.0203,99.93400000000001,83.0,86.86,0.110834,0.10935,0.11849,0.115235,0.108758,0.095605,0.118298,0.115215,0.108215,3.2280494043625474
2014-01,TSLA,0.20594285562134,3.0,0.0,0.0,0.0,0.0,9.0,18.14,0.114251,0.104301,0.110031,0.116724,0.105699,0.103548,0.114556,0.106222,0.124669,0.017570066865841515
2014-02,TSLA,0.3494846578608581,1.0,0.0,0.0,0.0,0.0,16.0,18.14,0.114251,0.104301,0.110031,0.116724,0.105699,0.103548,0.114556,0.106222,0.124669,0.04859636679919957
2014-03,TSLA,-0.1485233845172162,0.0,0.0,0.0,0.0,0.0,11.0,17.14,0.113623,0.100184,0.112002,0.118292,0.107027,0.096479,0.119197,0.10793,0.125266,0.06737423865550798
2014-04,TSLA,-0.0026865067527073,1.0,0.0,0.0,0.0,0.0,9.0,17.21,0.113623,0.100184,0.112002,0.118292,0.107027,0.096479,0.119197,0.10793,0.125266,0.08132923251464244
2014-05,TSLA,-0.0005772553281031,1.0,0.0,0.0,0.0,0.0,10.0,16.86,0.113623,0.100184,0.112002,0.118292,0.107027,0.096479,0.119197,0.10793,0.125266,0.09637390605056298
2014-06,TSLA,0.155412269543709,0.0,0.0,0.0,0.0,0.0,8.0,18.0,0.112134,0.100802,0.113276,0.117274,0.108583,0.096892,0.117834,0.108844,0.124361,0.10601861777478545
2014-07,TSLA,-0.0698158259645643,3.0,0.0,0.0,0.0,0.0,7.0,19.29,0.112134,0.100802,0.113276,0.117274,0.108583,0.096892,0.117834,0.108844,0.124361,0.11721376947424292
2014-08,TSLA,0.207792129586269,2.0,0.0,0.0,0.0,0.0,8.0,17.86,0.112134,0.100802,0.113276,0.117274,0.108583,0.096892,0.117834,0.108844,0.124361,0.12900206370289194
2014-09,TSLA,-0.1001853459185814,0.0,0.0,0.0,0.0,0.0,8.0,17.64,0.112305,0.100603,0.110934,0.118307,0.109411,0.098802,0.120027,0.107447,0.122165,0.13731728976764274
2014-10,TSLA,-0.0040383005467514,0.0,0.0,0.0,0.0,0.0,9.0,18.14,0.112305,0.100603,0.110934,0.118307,0.109411,0.098802,0.120027,0.107447,0.122165,0.1462769291654134
2014-11,TSLA,0.0116673396048567,0.0,0.0,0.0,0.0,0.0,6.0,18.36,0.112305,0.100603,0.110934,0.118307,0.109411,0.098802,0.120027,0.107447,0.122165,0.14997179788195525
2014-12,TSLA,-0.0904219962270345,0.0,0.0,0.0,0.0,0.0,6.0,17.79,0.112961,0.100721,0.110389,0.119786,0.108352,0.102312,0.113374,0.10616,0.125946,0.15390020665981405
2015-01,TSLA,-0.0845735794611459,1.0,0.0,0.0,0.0,0.0,6.0,17.21,0.112961,0.100721,0.110389,0.119786,0.108352,0.102312,0.113374,0.10616,0.125946,0.15710630957434465
2015-02,TSLA,-0.0012769915077781,0.0,0.0,0.0,0.0,0.0,7.0,17.07,0.112961,0.100721,0.110389,0.119786,0.108352,0.102312,0.113374,0.10616,0.125946,0.16224209833953496
2015-03,TSLA,-0.0716533319225669,2.0,0.0,0.0,0.0,0.0,7.0,17.0,0.111968,0.103034,0.109904,0.11914,0.107074,0.097568,0.116903,0.110107,0.124301,0.17185192805278893
2015-04,TSLA,0.1974889322354232,1.0,0.0,0.0,0.0,0.0,7.0,17.0,0.111968,0.103034,0.109904,0.11914,0.107074,0.097568,0.116903,0.110107,0.124301,0.17794161012188311
2015-05,TSLA,0.1094890279989166,0.0,0.0,0.0,0.0,0.0,8.0,17.07,0.111968,0.103034,0.109904,0.11914,0.107074,0.097568,0.116903,0.110107,0.124301,0.18590323289998426
2015-06,TSLA,0.0696173153496511,0.0,0.0,0.0,0.0,0.0,5.0,16.36,0.113958,0.10394,0.106781,0.118102,0.108215,0.104704,0.114539,0.10985,0.119912,0.18488105088465978
2015-07,TSLA,-0.0078655197690107,1.0,2.0,0.6535,0.0,1.307,7.0,16.71,0.113958,0.10394,0.106781,0.118102,0.108215,0.104704,0.114539,0.10985,0.119912,0.22570199129779173
2015-08,TSLA,-0.0642119309007347,3.0,3.0,0.735,0.0,2.205,8.0,15.43,0.113958,0.10394,0.106781,0.118102,0.108215,0.104704,0.114539,0.10985,0.119912,0.30117133636952853
2015-09,TSLA,-0.0026500015278088,0.0,0.0,0.0,0.0,0.0,6.0,15.64,0.114615,0.101712,0.108751,0.11566,0.106491,0.100421,0.118303,0.115267,0.118782,0.29576214098877907
2015-10,TSLA,-0.1669484689898619,2.0,2.0,0.557,0.0,1.114,6.0,16.36,0.114615,0.101712,0.108751,0.11566,0.106491,0.100421,0.118303,0.115267,0.118782,0.3108970530165572
2015-11,TSLA,0.112743498216959,2.0,2.0,0.4895,0.0,0.979,6.0,16.36,0.114615,0.101712,0.108751,0.11566,0.106491,0.100421,0.118303,0.115267,0.118782,0.3205638028660973
2015-12,TSLA,0.0423434742094492,3.0,0.0,0.0,0.0,0.0,4.0,16.36,0.112121,0.10415,0.110558,0.119289,0.106643,0.101609,0.114791,0.107404,0.123434,0.31653297806190644
2016-01,TSLA,-0.2033665563708866,6.0,2.0,0.1365,0.0,0.273,5.0,15.93,0.112121,0.10415,0.110558,0.119289,0.106643,0.101609,0.114791,0.107404,0.123434,0.31523516685872754
2016-02,TSLA,0.0038179392869095,2.0,1.0,0.0,0.0,0.0,9.0,16.14,0.112121,0.10415,0.110558,0.119289,0.106643,0.101609,0.114791,0.107404,0.123434,0.32443832001449063
2016-03,TSLA,0.1971552400524741,1.0,0.0,0.0,0.0,0.0,8.0,16.21,0.111087,0.104947,0.11242,0.116187,0.1056,0.102365,0.116419,0.112922,0.118054,0.32494677555781076
2016-04,TSLA,0.047830459391734,2.0,2.0,0.159,0.0,0.318,12.0,16.21,0.111087,0.104947,0.11242,0.116187,0.1056,0.102365,0.116419,0.112922,0.118054,0.34561587000562455
2016-05,TSLA,-0.0728111083172156,2.0,1.0,0.0,0.0,0.0,8.0,17.0,0.111087,0.104947,0.11242,0.116187,0.1056,0.102365,0.116419,0.112922,0.118054,0.3442585630198721
2016-06,TSLA,-0.0490525160417478,1.0,0.0,0.0,0.0,0.0,9.0,16.14,0.112657,0.102271,0.113208,0.117942,0.106518,0.101516,0.115908,0.110205,0.119776,0.43514485058771135
2016-07,TSLA,0.10603918690237,0.0,1.0,0.422,0.0,0.422,8.0,15.21,0.112657,0.102271,0.113208,0.117942,0.106518,0.101516,0.115908,0.110205,0.119776,0.48542736029530503
2016-08,TSLA,-0.097022904572476,1.0,0.0,0.0,0.0,0.0,7.0,14.79,0.112657,0.102271,0.113208,0.117942,0.106518,0.101516,0.115908,0.110205,0.119776,0.4716970264452302
2016-09,TSLA,-0.0376397052934458,0.0,1.0,0.296,0.0,0.296,7.0,16.07,0.112807,0.102198,0.112706,0.117365,0.106019,0.100653,0.116881,0.10993,0.121441,0.4641636570604308
2016-10,TSLA,-0.0308778171585792,0.0,3.0,0.416,0.0,1.248,8.0,17.0,0.112807,0.102198,0.112706,0.117365,0.106019,0.100653,0.116881,0.10993,0.121441,0.48136946498177124
2016-11,TSLA,-0.0421281391869633,0.0,2.0,0.6145,0.0,1.229,8.0,17.93,0.112807,0.102198,0.112706,0.117365,0.106019,0.100653,0.116881,0.10993,0.121441,0.49873319329008925
2016-12,TSLA,0.1282470872400494,2.0,0.0,0.0,0.0,0.0,6.0,17.21,0.11525,0.108745,0.109788,0.117412,0.104456,0.098388,0.113464,0.109154,0.123343,0.4799673248956735
2017-01,TSLA,0.1789508297421598,6.0,1.0,-0.297,0.0,-0.297,8.0,17.64,0.11525,0.108745,0.109788,0.117412,0.104456,0.098388,0.113464,0.109154,0.123343,0.4772894539444134
2017-02,TSLA,-0.0077005611888445,0.0,2.0,0.318,0.0,0.636,12.0,18.14,0.11525,0.108745,0.109788,0.117412,0.104456,0.098388,0.113464,0.109154,0.123343,0.4908357656431634
2017-03,TSLA,0.113244502267394,1.0,2.0,0.785,0.0,1.57,9.0,19.21,0.112623,0.106582,0.114876,0.114976,0.106484,0.093645,0.117799,0.106948,0.126067,0.552574976962702
2017-04,TSLA,0.1285303512077875,1.0,2.0,0.318,0.0,0.636,13.0,19.07,0.112623,0.106582,0.114876,0.114976,0.106484,0.093645,0.117799,0.106948,0.126067,0.5649871254275604
2017-05,TSLA,0.0857770346039212,0.0,1.0,0.0,0.0,0.0,13.0,19.36,0.112623,0.106582,0.114876,0.114976,0.106484,0.093645,0.117799,0.106948,0.126067,0.5553843842656809
2017-06,TSLA,0.0604087719917916,0.0,0.0,0.0,0.0,0.0,14.0,20.14,0.116733,0.110068,0.110043,0.113803,0.103835,0.094069,0.118058,0.109331,0.12406,0.5467130539729151
2017-07,TSLA,-0.1054727025516281,0.0,3.0,0.7253,0.0,2.1759,15.0,20.0,0.116733,0.110068,0.110043,0.113803,0.103835,0.094069,0.118058,0.109331,0.12406,0.5946464960940567
2017-08,TSLA,0.1002566226219907,0.0,3.0,0.7343,0.0,2.2028999999999996,12.0,19.0,0.116733,0.110068,0.110043,0.113803,0.103835,0.094069,0.118058,0.109331,0.12406,0.6420094806220842
2017-09,TSLA,-0.0415847542450497,1.0,0.0,0.0,0.0,0.0,8.0,19.79,0.116368,0.106705,0.110188,0.115647,0.106468,0.094544,0.11852,0.109529,0.122032,0.6168981380421953
2017-10,TSLA,-0.0280563102331938,1.0,9.0,-0.1766,0.0,-1.5894000000000001,10.0,20.64,0.116368,0.106705,0.110188,0.115647,0.106468,0.094544,0.11852,0.109529,0.122032,0.5966610984920238
2017-11,TSLA,-0.0684100615016828,0.0,10.0,-0.377,0.0,-3.77,13.0,22.0,0.116368,0.106705,0.110188,0.115647,0.106468,0.094544,0.11852,0.109529,0.122032,0.5815638888407643
2017-12,TSLA,0.0080945133389347,1.0,0.0,0.0,0.0,0.0,9.0,20.64,0.113935,0.107113,0.109793,0.117651,0.107022,0.098536,0.114263,0.107263,0.124425,0.5605243920161772
2018-01,TSLA,0.1379797841868817,8.0,2.0,0.997,0.0,1.994,9.0,21.21,0.113935,0.107113,0.109793,0.117651,0.107022,0.098536,0.114263,0.107263,0.124425,0.5737279412433444
2018-02,TSLA,-0.0317518559383567,3.0,2.0,0.6575,0.0,1.315,10.0,21.64,0.113935,0.107113,0.109793,0.117651,0.107022,0.098536,0.114263,0.107263,0.124425,0.5873423557331882
2018-03,TSLA,-0.2242464566214675,0.0,0.0,0.0,0.0,0.0,11.0,21.07,0.115487,0.106556,0.1089,0.11639,0.106908,0.094183,0.11697,0.108463,0.126142,0.5714360981643153
2018-04,TSLA,0.1043474044815273,1.0,3.0,0.7687,0.0,2.3061000000000003,15.0,21.0,0.115487,0.106556,0.1089,0.11639,0.106908,0.094183,0.11697,0.108463,0.126142,0.6074619767464426
2018-05,TSLA,-0.0312010193380435,4.0,1.0,0.318,0.0,0.318,15.0,20.5,0.115487,0.106556,0.1089,0.11639,0.106908,0.094183,0.11697,0.108463,0.126142,0.6115070601003252
2018-06,TSLA,0.20447436127385,4.0,0.0,0.0,0.0,0.0,15.0,19.71,0.114973,0.10824,0.108114,0.115136,0.106548,0.094551,0.117647,0.109795,0.124995,0.6265185602412751
2018-07,TSLA,-0.1306604479146567,4.0,2.0,0.652,0.0,1.304,16.0,19.5,0.114973,0.10824,0.108114,0.115136,0.106548,0.094551,0.117647,0.109795,0.124995,0.817540137262911
2018-08,TSLA,0.0118065421023518,1.0,25.0,0.3182,0.0,7.954999999999999,31.0,19.29,0.114973,0.10824,0.108114,0.115136,0.106548,0.094551,0.117647,0.109795,0.124995,1.0414468018153942
2018-09,TSLA,-0.1222900020400651,1.0,35.0,-0.0662,0.0,-2.3169999999999997,25.0,20.29,0.116295,0.107413,0.108571,0.116463,0.106183,0.094584,0.117245,0.108596,0.124649,1.1666787630535873
2018-10,TSLA,0.2740114899082402,3.0,12.0,0.0626,0.0,0.7512000000000001,30.0,21.07,0.116295,0.107413,0.108571,0.116463,0.106183,0.094584,0.117245,0.108596,0.124649,1.174962934148807
2018-11,TSLA,0.0390133695057814,1.0,1.0,0.994,0.0,0.994,14.0,21.29,0.116295,0.107413,0.108571,0.116463,0.106183,0.094584,0.117245,0.108596,0.124649,1.1481086330624466
2018-12,TSLA,-0.050445120571447,0.0,0.0,0.0,0.0,0.0,13.0,20.07,0.115426,0.105873,0.111589,0.116969,0.105992,0.099791,0.112826,0.107143,0.124392,1.0984850617305504
2019-01,TSLA,-0.0774639163363981,8.0,3.0,0.5397,0.0,1.6191,16.0,20.43,0.115426,0.105873,0.111589,0.116969,0.105992,0.099791,0.112826,0.107143,0.124392,1.1042311291947118
2019-02,TSLA,0.0418864672834455,2.0,7.0,0.9783,0.0,6.8481,17.0,21.64,0.115426,0.105873,0.111589,0.116969,0.105992,0.099791,0.112826,0.107143,0.124392,1.2101361699708142
2019-03,TSLA,-0.1251093857440413,2.0,2.0,0.956,0.0,1.912,31.0,21.64,0.114141,0.107201,0.109404,0.115375,0.10605,0.096446,0.115376,0.110416,0.12559,1.2450360126591482
2019-04,TSLA,-0.147109238202804,1.0,7.0,0.6283,0.0,4.3980999999999995,35.0,21.14,0.114141,0.107201,0.109404,0.115375,0.10605,0.096446,0.115376,0.110416,0.12559,1.3650065835606848
2019-05,TSLA,-0.224265822331908,2.0,3.0,0.9767,0.0,2.9301,38.0,20.86,0.114141,0.107201,0.109404,0.115375,0.10605,0.096446,0.115376,0.110416,0.12559,1.4373086249757958
2019-06,TSLA,0.2068481295266502,2.0,0.0,0.0,0.0,0.0,30.0,20.64,0.113811,0.106529,0.110573,0.114151,0.104896,0.095202,0.116098,0.113503,0.125238,1.5111330948301598
2019-07,TSLA,0.0812225297430009,3.0,4.0,0.4645,0.0,1.858,22.0,20.71,0.113811,0.106529,0.110573,0.114151,0.104896,0.095202,0.116098,0.113503,0.125238,1.572919004567824
2019-08,TSLA,-0.0662223659516338,0.0,0.0,0.0,0.0,0.0,14.0,20.36,0.113811,0.106529,0.110573,0.114151,0.104896,0.095202,0.116098,0.113503,0.125238,1.5074226544670106
2019-09,TSLA,0.0676388894701141,2.0,0.0,0.0,0.0,0.0,12.0,21.43,0.113199,0.106291,0.113129,0.115038,0.103886,0.095844,0.115822,0.111518,0.125273,1.4487780618850952
2019-10,TSLA,0.3074272210164204,3.0,3.0,0.4203,0.0,1.2609,18.0,21.79,0.113199,0.106291,0.113129,0.115038,0.103886,0.095844,0.115822,0.111518,0.125273,1.4414520408864493
2019-11,TSLA,0.0476946471290018,5.0,0.0,0.0,0.0,0.0,17.0,22.43,0.113199,0.106291,0.113129,0.115038,0.103886,0.095844,0.115822,0.111518,0.125273,1.404635575860698
2019-12,TSLA,0.2678971533628465,0.0,0.0,0.0,0.0,0.0,19.0,20.93,0.116111,0.108809,0.11049,0.116407,0.106764,0.095268,0.11422,0.10749,0.124442,1.3603673399683391
2020-01,TSLA,0.5551598573434691,5.0,4.0,0.2968,0.0,1.1872,41.0,25.93,0.116111,0.108809,0.11049,0.116407,0.106764,0.095268,0.11422,0.10749,0.124442,1.4290814819664583
2020-02,TSLA,0.0267764688705387,5.0,1.0,0.979,0.0,0.979,71.0,25.07,0.116111,0.108809,0.11049,0.116407,0.106764,0.095268,0.11422,0.10749,0.124442,1.574110461991939
2020-03,TSLA,-0.2155570713684315,0.0,3.0,0.5603,0.0,1.6809,45.0,20.14,0.117498,0.109986,0.108637,0.112369,0.104675,0.096849,0.119127,0.110523,0.120336,1.6461601072550087
2020-04,TSLA,0.492137319488021,2.0,8.0,0.777,0.0,6.216,37.0,20.79,0.117498,0.109986,0.108637,0.112369,0.104675,0.096849,0.119127,0.110523,0.120336,1.745434545588657
2020-05,TSLA,0.0679388683378336,0.0,7.0,0.988,0.0,6.916,30.0,22.21,0.117498,0.109986,0.108637,0.112369,0.104675,0.096849,0.119127,0.110523,0.120336,1.8105240152712023
2020-06,TSLA,0.2931856328270819,0.0,11.0,0.8249,0.0,9.0739,31.0,21.93,0.117584,0.108244,0.11327,0.114359,0.103918,0.095342,0.118899,0.106337,0.122047,1.8851135766489748
2020-07,TSLA,0.3250108843981532,1.0,38.0,0.7986,0.0,30.346799999999998,67.0,21.71,0.117584,0.108244,0.11327,0.114359,0.103918,0.095342,0.118899,0.106337,0.122047,2.1107641821957
2020-08,TSLA,0.7414521252787116,2.0,34.0,0.714,0.0,24.276,60.0,20.71,0.117584,0.108244,0.11327,0.114359,0.103918,0.095342,0.118899,0.106337,0.122047,2.2784242313667313
2020-09,TSLA,-0.139087414099271,2.0,45.0,0.6063,0.0,27.283499999999997,99.0,22.07,0.114832,0.10563,0.114712,0.111351,0.10632,0.099059,0.120258,0.107576,0.120262,2.4855239682566954
2020-10,TSLA,-0.0954989113160602,5.0,29.0,0.6195,0.0,17.965500000000002,45.0,20.5,0.114832,0.10563,0.114712,0.111351,0.10632,0.099059,0.120258,0.107576,0.120262,2.5658380707731836
2020-11,TSLA,0.4627358021475634,1.0,19.0,0.8674,0.0,16.4806,48.0,19.36,0.114832,0.10563,0.114712,0.111351,0.10632,0.099059,0.120258,0.107576,0.120262,2.601273119107466
2020-12,TSLA,0.2432522802897654,0.0,59.0,0.7978,0.0,47.0702,66.0,19.07,0.115655,0.107248,0.107183,0.117843,0.107416,0.097672,0.114997,0.108594,0.123391,2.8131696142370295
2021-01,TSLA,0.1245058575743682,2.0,97.0,0.7385,0.0,71.6345,64.0,18.93,0.115655,0.107248,0.107183,0.117843,0.107416,0.097672,0.114997,0.108594,0.123391,3.012816182962832
2021-02,TSLA,-0.1487404504939391,4.0,191.0,0.5869,0.0,112.0979,56.0,20.0,0.115655,0.107248,0.107183,0.117843,0.107416,0.097672,0.114997,0.108594,0.123391,3.108627255970393
2021-03,TSLA,-0.0112065694608411,2.0,673.0,0.492,0.0,331.116,65.0,19.79,0.113188,0.106973,0.115007,0.110183,0.104015,0.09978,0.121178,0.11026,0.119415,3.2124261255670543
2021-04,TSLA,0.0621472477192173,1.0,820.0,0.4453,0.0051,365.14599999999996,51.0,19.36,0.113188,0.106973,0.115007,0.110183,0.104015,0.09978,0.121178,0.11026,0.119415,3.2871573906483706
2021-05,TSLA,-0.1187133552411727,2.0,983.0,0.4436,0.0,436.0588,41.0,19.64,0.113188,0.106973,0.115007,0.110183,0.104015,0.09978,0.121178,0.11026,0.119415,3.3684287399935156
2021-06,TSLA,0.087137347189101,3.0,881.0,0.5167,0.0,455.21270000000004,33.0,20.21,0.11302,0.106311,0.115602,0.110551,0.104075,0.099702,0.120419,0.110664,0.119657,3.393147109488462
2021-07,TSLA,0.0110342798788789,1.0,694.0,0.4072,0.0,282.59680000000003,30.0,19.43,0.11302,0.106311,0.115602,0.110551,0.104075,0.099702,0.120419,0.110664,0.119657,3.3973314941104378
2021-08,TSLA,0.0706053837990694,1.0,565.0,0.4582,0.0,258.883,28.0,18.29,0.11302,0.106311,0.115602,0.110551,0.104075,0.099702,0.120419,0.110664,0.119657,3.4014486783658224
2021-09,TSLA,0.0540423315035936,1.0,573.0,0.3575,0.0,204.8475,23.0,19.5,0.112976,0.106663,0.114346,0.110589,0.104166,0.099823,0.12095,0.110285,0.120203,3.354302769527373
2021-10,TSLA,0.436529595729082,1.0,1000.0,0.4512,0.0,451.2,42.0,19.64,0.112976,0.106663,0.114346,0.110589,0.104166,0.099823,0.12095,0.110285,0.120203,3.447208862516091
2021-11,TSLA,0.027612188873779,1.0,1000.0,0.4992,0.0,499.2,57.0,20.79,0.112976,0.106663,0.114346,0.110589,0.104166,0.099823,0.12095,0.110285,0.120203,3.5496938330143677
2021-12,TSLA,-0.0768545194785086,2.0,991.0,0.4327,0.0,428.8057,41.0,19.29,0.115114,0.106983,0.107519,0.117318,0.107197,0.097631,0.116514,0.108632,0.123091,3.6260266109926875
2022-01,TSLA,-0.1136093181791404,5.0,1000.0,0.4876,0.0,487.59999999999997,45.0,24.86,0.115114,0.106983,0.107519,0.117318,0.107197,0.097631,0.116514,0.108632,0.123091,3.7124021473094078
2022-02,TSLA,-0.0707681586632628,0.0,742.0,0.4014,0.0,297.8388,35.0,26.0,0.115114,0.106983,0.107519,0.117318,0.107197,0.097631,0.116514,0.108632,0.123091,3.6975989773178712
2022-03,TSLA,0.2380088093327557,3.0,881.0,0.3779,0.0,332.92990000000003,36.0,27.36,0.113167,0.106229,0.113838,0.11098,0.104052,0.098383,0.120987,0.110052,0.12231,3.7320723413465795
2022-04,TSLA,-0.1919451098216471,2.0,1000.0,0.3559,0.0,355.9,42.0,26.71,0.113167,0.106229,0.113838,0.11098,0.104052,0.098383,0.120987,0.110052,0.12231,3.785462469133078
2022-05,TSLA,-0.1291974857378613,4.0,991.0,0.2678,0.0,265.3898,42.0,25.5,0.113167,0.106229,0.113838,0.11098,0.104052,0.098383,0.120987,0.110052,0.12231,3.801593460970572
2022-06,TSLA,-0.1118877412230366,3.0,1000.0,0.2215,0.0,221.5,36.0,25.64,0.113185,0.106831,0.114059,0.111722,0.1031,0.099008,0.120721,0.110263,0.121111,3.750465514537492
2022-07,TSLA,0.3237652643408195,3.0,1000.0,0.2818,0.0,281.8,32.0,23.43,0.113185,0.106831,0.114059,0.111722,0.1031,0.099008,0.120721,0.110263,0.121111,3.7450533690587005
2022-08,TSLA,-0.0724886723451375,2.0,819.0,0.361,0.0,295.659,36.0,22.79,0.113185,0.106831,0.114059,0.111722,0.1031,0.099008,0.120721,0.110263,0.121111,3.761793906767219
2022-09,TSLA,-0.0375892961147525,3.0,596.0,0.3906,0.0,232.7976,28.0,24.5,0.112242,0.106166,0.114291,0.110357,0.103946,0.098135,0.12216,0.111116,0.121588,3.7400712163530536
2022-10,TSLA,-0.142167791569716,1.0,876.0,0.2889,0.0047,253.07639999999998,34.0,24.57,0.112242,0.106166,0.114291,0.110357,0.103946,0.098135,0.12216,0.111116,0.121588,3.7549537286597987
2022-11,TSLA,-0.1443262604679527,0.0,749.0,0.3313,0.0,248.1437,29.0,25.79,0.112242,0.106166,0.114291,0.110357,0.103946,0.098135,0.12216,0.111116,0.121588,3.727711531752471
2022-12,TSLA,-0.3673343490707852,1.0,970.0,0.2336,0.0,226.592,45.0,25.86,0.114764,0.105026,0.11125,0.118688,0.106325,0.098855,0.112991,0.106659,0.125441,3.7406607365074755
2023-01,TSLA,0.4062347847991097,5.0,1000.0,0.2382,0.0,238.2,50.0,27.43,0.114764,0.105026,0.11125,0.118688,0.106325,0.098855,0.112991,0.106659,0.125441,3.7900197282972026
2023-02,TSLA,0.1875649767013214,3.0,827.0,0.3177,0.0,262.73789999999997,44.0,31.0,0.114764,0.105026,0.11125,0.118688,0.106325,0.098855,0.112991,0.106659,0.125441,3.808831301795185
2023-03,TSLA,0.0085071213984946,3.0,940.0,0.3294,0.0,309.636,32.0,30.57,0.111511,0.105087,0.113515,0.11079,0.105462,0.096792,0.121418,0.111619,0.123807,3.836337314972386
2023-04,TSLA,-0.2079919394526327,2.0,956.0,0.2765,0.0062,264.334,31.0,30.14,0.111511,0.105087,0.113515,0.11079,0.105462,0.096792,0.121418,0.111619,0.123807,3.841485457999488
2023-05,TSLA,0.2411295460159617,0.0,634.0,0.3567,0.0055,226.14780000000002,27.0,31.29,0.111511,0.105087,0.113515,0.11079,0.105462,0.096792,0.121418,0.111619,0.123807,3.8269005614449956
2023-06,TSLA,0.2836267268927319,4.0,1000.0,0.5217,0.0228,521.7,44.0,32.64,0.111586,0.105121,0.113451,0.112268,0.105406,0.098198,0.120187,0.111391,0.122392,3.95009355897803
2023-07,TSLA,0.0216220495077981,3.0,1000.0,0.5018,0.0051,501.8,39.0,30.57,0.111586,0.105121,0.113451,0.112268,0.105406,0.098198,0.120187,0.111391,0.122392,4.031412006074253
2023-08,TSLA,-0.0349624438529267,1.0,688.0,0.4032,0.0056,277.40160000000003,31.0,29.57,0.111586,0.105121,0.113451,0.112268,0.105406,0.098198,0.120187,0.111391,0.122392,3.9801014092604112
2023-09,TSLA,-0.0304556174849366,5.0,863.0,0.4654,0.0102,401.6402,29.0,30.57,0.111564,0.105174,0.112979,0.112073,0.104722,0.097032,0.121782,0.111418,0.123256,4.013361240051587
2023-10,TSLA,-0.1973463537763216,2.0,998.0,0.3683,0.0048,367.5634,31.0,31.0,0.111564,0.105174,0.112979,0.112073,0.104722,0.097032,0.121782,0.111418,0.123256,4.011393542321185
2023-11,TSLA,0.1953794374062185,4.0,900.0,0.4017,0.0102,361.53000000000003,28.0,31.86,0.111564,0.105174,0.112979,0.112073,0.104722,0.097032,0.121782,0.111418,0.123256,3.998306818860648
2023-12,TSLA,0.0349883115312348,0.0,874.0,0.4648,0.0076,406.2352,25.0,30.79,0.110903,0.103735,0.109891,0.118075,0.110412,0.099121,0.116275,0.106075,0.125513,3.9706158037709196
2024-01,TSLA,-0.2462572581033917,3.0,992.0,0.4379,0.0056,434.3968,35.0,32.79,0.110903,0.103735,0.109891,0.118075,0.110412,0.099121,0.116275,0.106075,0.125513,3.960001134089037
2024-02,TSLA,0.0779006466960023,6.0,646.0,0.4811,0.0069,310.79060000000004,31.0,36.07,0.110903,0.103735,0.109891,0.118075,0.110412,0.099121,0.116275,0.106075,0.125513,3.917117697214217
2024-03,TSLA,-0.1292352435389747,4.0,460.0,0.4208,0.0092,193.568,30.0,35.86,0.113714,0.107421,0.110045,0.113437,0.103458,0.094983,0.121033,0.111076,0.124835,3.8424314173654874
2024-04,TSLA,0.0426076897390432,2.0,690.0,0.3889,0.0089,268.341,47.0,35.29,0.113714,0.107421,0.110045,0.113437,0.103458,0.094983,0.121033,0.111076,0.124835,3.8775358520500784
2024-05,TSLA,-0.028371873542535,2.0,525.0,0.5311,0.0214,278.8275,28.0,36.21,0.113714,0.107421,0.110045,0.113437,0.103458,0.094983,0.121033,0.111076,0.124835,3.850440576291555
2024-06,TSLA,0.1111859998212609,2.0,488.0,0.5417,0.0166,264.34959999999995,27.0,34.0,0.113853,0.108221,0.109931,0.113992,0.103759,0.095665,0.120845,0.110259,0.123475,3.7599011782050447
2024-07,TSLA,0.1727814918018324,3.0,595.0,0.5388,0.0132,320.58599999999996,47.0,32.57,0.113853,0.108221,0.109931,0.113992,0.103759,0.095665,0.120845,0.110259,0.123475,3.781619065565673
2024-08,TSLA,-0.0773904690267698,2.0,357.0,0.4366,0.0125,155.8662,28.0,33.07,0.113853,0.108221,0.109931,0.113992,0.103759,0.095665,0.120845,0.110259,0.123475,3.7016389858422407
2024-09,TSLA,0.2219420117556316,1.0,277.0,0.5794,0.0122,160.4938,25.0,35.36,0.113998,0.107198,0.110745,0.11329,0.103552,0.095276,0.121145,0.110628,0.124166,3.586846853513561
2024-10,TSLA,-0.0450254120683646,8.0,407.0,0.5526,0.0088,224.9082,39.0,36.21,0.113998,0.107198,0.110745,0.11329,0.103552,0.095276,0.121145,0.110628,0.124166,3.580473987460808
2024-11,TSLA,0.3814688622385134,2.0,89.0,0.2992,0.0061,26.628800000000002,54.0,38.36,0.113998,0.107198,0.110745,0.11329,0.103552,0.095276,0.121145,0.110628,0.124166,3.577521804775276
2024-12,TSLA,0.1700080891563131,4.0,90.0,0.1393,0.0095,12.537,51.0,37.14,0.111278,0.103793,0.110721,0.118518,0.110225,0.09832,0.1162,0.105952,0.124992,3.5536382927487717
2025-01,TSLA,0.0018819576379678,7.0,331.0,0.5822,0.0233,192.7082,45.0,38.79,0.111278,0.103793,0.110721,0.118518,0.110225,0.09832,0.1162,0.105952,0.124992,3.6103220155455684
2025-02,TSLA,-0.2758773935575025,2.0,539.0,0.5431,0.0215,292.7309,49.0,41.43,0.111278,0.103793,0.110721,0.118518,0.110225,0.09832,0.1162,0.105952,0.124992,3.6622059426744116
2025-03,TSLA,-0.1154345213189201,4.0,677.0,0.4535,0.0201,307.0195,100.0,39.86,0.112404,0.109868,0.107776,0.114322,0.10327,0.092562,0.124463,0.109579,0.125756,3.79729635409252
2025-04,TSLA,0.0887482623668549,3.0,941.0,0.4433,0.0123,417.1453,83.0,40.07,0.112404,0.109868,0.107776,0.114322,0.10327,0.092562,0.124463,0.109579,0.125756,3.9523139910711875
2025-05,TSLA,0.2278848417863253,5.0,902.0,0.5792,0.0149,522.4384,44.0,40.21,0.112404,0.109868,0.107776,0.114322,0.10327,0.092562,0.124463,0.109579,0.125756,4.034697597603467
2025-06,TSLA,-0.0831264460638392,10.0,1000.0,0.5036,0.0048,503.6,51.0,45.64,0.113283,0.111017,0.107106,0.115244,0.103159,0.092792,0.122631,0.108972,0.125798,4.066842543393146
2025-07,TSLA,-0.0295599525914049,10.0,1000.0,0.6885,0.011,688.5,45.0,48.5,0.113283,0.111017,0.107106,0.115244,0.103159,0.092792,0.122631,0.108972,0.125798,4.139737645308541
2025-08,TSLA,0.0830441074897507,2.0,1000.0,0.6902,0.0126,690.2,44.0,87.57,0.113283,0.111017,0.107106,0.115244,0.103159,0.092792,0.122631,0.108972,0.125798,4.150719261371411
2025-09,TSLA,0.3320154782540658,4.0,1000.0,0.7186,0.0167,718.6,47.0,86.07,0.112379,0.110693,0.107684,0.114144,0.103732,0.093923,0.122928,0.109195,0.125321,4.201154567952944
2025-10,TSLA,0.026623485126352,5.0,1000.0,0.6892,0.0221,689.2,45.0,86.86,0.112379,0.110693,0.107684,0.114144,0.103732,0.093923,0.122928,0.109195,0.125321,4.222756388047022
2025-11,TSLA,-0.0578017878744897,3.0,1000.0,0.6839,0.0193,683.9,34.0,91.29,0.112379,0.110693,0.107684,0.114144,0.103732,0.093923,0.122928,0.109195,0.125321,4.224289198257697
2025-12,TSLA,0.0454471190057812,6.0,1000.0,0.6991,0.0188,699.1,33.0,86.86,0.113291,0.107783,0.109084,0.119183,0.108018,0.091017,0.114544,0.106735,0.130344,4.209065273629912
2014-01,TSM,-0.0298166067914886,17.0,0.0,0.0,0.0,0.0,57.0,18.14,0.119794,0.115951,0.104713,0.116995,0.109348,0.099019,0.115096,0.107356,0.111728,0.12111253378859013
2014-02,TSM,0.0679666988121052,15.0,0.0,0.0,0.0,0.0,61.0,18.14,0.119794,0.115951,0.104713,0.116995,0.109348,0.099019,0.115096,0.107356,0.111728,0.26116815643999075
2014-03,TSM,0.107913964257664,15.0,0.0,0.0,0.0,0.0,60.0,17.14,0.119794,0.115951,0.104713,0.116995,0.109348,0.099019,0.115096,0.107356,0.111728,0.3975851829713456
2014-04,TSM,0.0039958756135509,23.0,0.0,0.0,0.0,0.0,58.0,17.21,0.119794,0.115951,0.104713,0.116995,0.109348,0.099019,0.115096,0.107356,0.111728,0.5266424289019642
2014-05,TSM,0.0228860129149013,13.0,0.0,0.0,0.0,0.0,69.0,16.86,0.119794,0.115951,0.104713,0.116995,0.109348,0.099019,0.115096,0.107356,0.111728,0.6509746567021852
2014-06,TSM,0.0403689458766605,31.0,0.0,0.0,0.0,0.0,57.0,18.0,0.119794,0.115951,0.104713,0.116995,0.109348,0.099019,0.115096,0.107356,0.111728,0.7683818777083717
2014-07,TSM,-0.0649835028470028,3.0,0.0,0.0,0.0,0.0,57.0,19.29,0.119794,0.115951,0.104713,0.116995,0.109348,0.099019,0.115096,0.107356,0.111728,0.8487844149130668
2014-08,TSM,0.0705605971696585,5.0,0.0,0.0,0.0,0.0,57.0,17.86,0.119794,0.115951,0.104713,0.116995,0.109348,0.099019,0.115096,0.107356,0.111728,0.9307589524238185
2014-09,TSM,-0.036293750233255,15.0,0.0,0.0,0.0,0.0,72.0,17.64,0.119794,0.115951,0.104713,0.116995,0.109348,0.099019,0.115096,0.107356,0.111728,1.0640750220469202
2014-10,TSM,0.0911789863059251,10.0,0.0,0.0,0.0,0.0,61.0,18.14,0.119794,0.115951,0.104713,0.116995,0.109348,0.099019,0.115096,0.107356,0.111728,1.14473769546091
2014-11,TSM,0.0658492714120879,11.0,0.0,0.0,0.0,0.0,47.0,18.36,0.119794,0.115951,0.104713,0.116995,0.109348,0.099019,0.115096,0.107356,0.111728,1.2063086113240982
2014-12,TSM,-0.0464422472798214,19.0,0.0,0.0,0.0,0.0,47.0,17.79,0.120224,0.115035,0.106081,0.115752,0.110175,0.097392,0.114749,0.107783,0.112809,1.2818714583091215
2015-01,TSM,0.0147451726418257,7.0,0.0,0.0,0.0,0.0,48.0,17.21,0.120224,0.115035,0.106081,0.115752,0.110175,0.097392,0.114749,0.107783,0.112809,1.3197988383348283
2015-02,TSM,0.0801413805031923,12.0,0.0,0.0,0.0,0.0,63.0,17.07,0.120224,0.115035,0.106081,0.115752,0.110175,0.097392,0.114749,0.107783,0.112809,1.4227869802517785
2015-03,TSM,-0.0428049107738345,11.0,0.0,0.0,0.0,0.0,72.0,17.0,0.120224,0.115035,0.106081,0.115752,0.110175,0.097392,0.114749,0.107783,0.112809,1.5385517943767635
2015-04,TSM,0.0408858266578011,21.0,0.0,0.0,0.0,0.0,74.0,17.0,0.120224,0.115035,0.106081,0.115752,0.110175,0.097392,0.114749,0.107783,0.112809,1.6564438238607735
2015-05,TSM,-0.0065467270348741,17.0,0.0,0.0,0.0,0.0,72.0,17.07,0.120224,0.115035,0.106081,0.115752,0.110175,0.097392,0.114749,0.107783,0.112809,1.763707875975524
2015-06,TSM,-0.0646623980876135,18.0,0.0,0.0,0.0,0.0,59.0,16.36,0.120224,0.115035,0.106081,0.115752,0.110175,0.097392,0.114749,0.107783,0.112809,1.8261891474429814
2015-07,TSM,0.0045277233641132,4.0,0.0,0.0,0.0,0.0,63.0,16.71,0.120224,0.115035,0.106081,0.115752,0.110175,0.097392,0.114749,0.107783,0.112809,1.8635287120657413
2015-08,TSM,-0.1008594674516336,4.0,0.0,0.0,0.0,0.0,75.0,15.43,0.120224,0.115035,0.106081,0.115752,0.110175,0.097392,0.114749,0.107783,0.112809,1.9408416441684149
2015-09,TSM,0.043763076848319,10.0,0.0,0.0,0.0,0.0,56.0,15.64,0.120224,0.115035,0.106081,0.115752,0.110175,0.097392,0.114749,0.107783,0.112809,1.982737598425105
2015-10,TSM,0.058312934982148,13.0,0.0,0.0,0.0,0.0,78.0,16.36,0.120224,0.115035,0.106081,0.115752,0.110175,0.097392,0.114749,0.107783,0.112809,2.085232376512552
2015-11,TSM,0.0364301221476841,12.0,0.0,0.0,0.0,0.0,100.0,16.36,0.120224,0.115035,0.106081,0.115752,0.110175,0.097392,0.114749,0.107783,0.112809,2.199366107331231
2015-12,TSM,-0.000439713913181,13.0,0.0,0.0,0.0,0.0,65.0,16.36,0.120172,0.116521,0.104457,0.1169,0.109688,0.096185,0.116073,0.107352,0.112652,2.2523320992996037
2016-01,TSM,-0.0175821033029073,27.0,0.0,0.0,0.0,0.0,51.0,15.93,0.120172,0.116521,0.104457,0.1169,0.109688,0.096185,0.116073,0.107352,0.112652,2.2608826030320373
2016-02,TSM,0.0536910760615336,1.0,0.0,0.0,0.0,0.0,51.0,16.14,0.120172,0.116521,0.104457,0.1169,0.109688,0.096185,0.116073,0.107352,0.112652,2.2610172316857478
2016-03,TSM,0.1125264376341785,7.0,0.0,0.0,0.0,0.0,43.0,16.21,0.120172,0.116521,0.104457,0.1169,0.109688,0.096185,0.116073,0.107352,0.112652,2.248669952009267
2016-04,TSM,-0.0996182658384038,15.0,0.0,0.0,0.0,0.0,56.0,16.21,0.120172,0.116521,0.104457,0.1169,0.109688,0.096185,0.116073,0.107352,0.112652,2.3026109735016993
2016-05,TSM,0.0479015554241302,18.0,0.0,0.0,0.0,0.0,48.0,17.0,0.120172,0.116521,0.104457,0.1169,0.109688,0.096185,0.116073,0.107352,0.112652,2.315987854965338
2016-06,TSM,0.0610846323359222,18.0,0.0,0.0,0.0,0.0,48.0,16.14,0.120172,0.116521,0.104457,0.1169,0.109688,0.096185,0.116073,0.107352,0.112652,2.424003487092119
2016-07,TSM,0.098844112380577,1.0,0.0,0.0,0.0,0.0,44.0,15.21,0.120172,0.116521,0.104457,0.1169,0.109688,0.096185,0.116073,0.107352,0.112652,2.4460710144271967
2016-08,TSM,0.0345576133690539,1.0,0.0,0.0,0.0,0.0,46.0,14.79,0.120172,0.116521,0.104457,0.1169,0.109688,0.096185,0.116073,0.107352,0.112652,2.423596909201395
2016-09,TSM,0.0643699029146427,11.0,0.0,0.0,0.0,0.0,49.0,16.07,0.120172,0.116521,0.104457,0.1169,0.109688,0.096185,0.116073,0.107352,0.112652,2.4457143627383573
2016-10,TSM,0.0166723328973792,9.0,0.0,0.0,0.0,0.0,49.0,17.0,0.120172,0.116521,0.104457,0.1169,0.109688,0.096185,0.116073,0.107352,0.112652,2.444611957571277
2016-11,TSM,-0.0453376056318733,7.0,0.0,0.0,0.0,0.0,43.0,17.93,0.120172,0.116521,0.104457,0.1169,0.109688,0.096185,0.116073,0.107352,0.112652,2.4213892546291516
2016-12,TSM,-0.0316606689201178,12.0,0.0,0.0,0.0,0.0,35.0,17.21,0.120419,0.115673,0.104215,0.117315,0.109479,0.099661,0.115135,0.106855,0.111248,2.3871838310672286
2017-01,TSM,0.0751303109897474,5.0,0.0,0.0,0.0,0.0,37.0,17.64,0.120419,0.115673,0.104215,0.117315,0.109479,0.099661,0.115135,0.106855,0.111248,2.3571334114208
2017-02,TSM,0.0181171122484908,17.0,0.0,0.0,0.0,0.0,36.0,18.14,0.120419,0.115673,0.104215,0.117315,0.109479,0.099661,0.115135,0.106855,0.111248,2.3602051746532116
2017-03,TSM,0.0435336633441219,10.0,0.0,0.0,0.0,0.0,36.0,19.21,0.120419,0.115673,0.104215,0.117315,0.109479,0.099661,0.115135,0.106855,0.111248,2.3662575622685207
2017-04,TSM,0.007003566504218,15.0,0.0,0.0,0.0,0.0,37.0,19.07,0.120419,0.115673,0.104215,0.117315,0.109479,0.099661,0.115135,0.106855,0.111248,2.3372272027415324
2017-05,TSM,0.0692469816951144,17.0,0.0,0.0,0.0,0.0,49.0,19.36,0.120419,0.115673,0.104215,0.117315,0.109479,0.099661,0.115135,0.106855,0.111248,2.338233788527203
2017-06,TSM,-0.0113120421506851,18.0,0.0,0.0,0.0,0.0,33.0,20.14,0.120419,0.115673,0.104215,0.117315,0.109479,0.099661,0.115135,0.106855,0.111248,2.3119502663459057
2017-07,TSM,0.0621188296696868,5.0,0.0,0.0,0.0,0.0,35.0,20.0,0.120419,0.115673,0.104215,0.117315,0.109479,0.099661,0.115135,0.106855,0.111248,2.2677035470723252
2017-08,TSM,0.028086661378794,4.0,0.0,0.0,0.0,0.0,31.0,19.0,0.120419,0.115673,0.104215,0.117315,0.109479,0.099661,0.115135,0.106855,0.111248,2.2143807552839028
2017-09,TSM,0.0156884288980636,12.0,0.0,0.0,0.0,0.0,34.0,19.79,0.120419,0.115673,0.104215,0.117315,0.109479,0.099661,0.115135,0.106855,0.111248,2.201981600636116
2017-10,TSM,0.1272969256624849,11.0,0.0,0.0,0.0,0.0,43.0,20.64,0.120419,0.115673,0.104215,0.117315,0.109479,0.099661,0.115135,0.106855,0.111248,2.219458108543526
2017-11,TSM,-0.06449338780549,8.0,0.0,0.0,0.0,0.0,42.0,22.0,0.120419,0.115673,0.104215,0.117315,0.109479,0.099661,0.115135,0.106855,0.111248,2.237322873920333
2017-12,TSM,0.0012629499786114,11.0,0.0,0.0,0.0,0.0,32.0,20.64,0.11919,0.115669,0.103932,0.118035,0.110059,0.100671,0.114377,0.106872,0.111194,2.199829643864843
2018-01,TSM,0.142748822768592,17.0,0.0,0.0,0.0,0.0,35.0,21.21,0.11919,0.115669,0.103932,0.118035,0.110059,0.100671,0.114377,0.106872,0.111194,2.1647781267215414
2018-02,TSM,-0.04325763504697,12.0,0.0,0.0,0.0,0.0,43.0,21.64,0.11919,0.115669,0.103932,0.118035,0.110059,0.100671,0.114377,0.106872,0.111194,2.1721790301449593
2018-03,TSM,0.0094581222417464,17.0,1.0,0.998,0.0,0.998,47.0,21.07,0.11919,0.115669,0.103932,0.118035,0.110059,0.100671,0.114377,0.106872,0.111194,2.2311205119910675
2018-04,TSM,-0.121343773439387,13.0,0.0,0.0,0.0,0.0,53.0,21.0,0.11919,0.115669,0.103932,0.118035,0.110059,0.100671,0.114377,0.106872,0.111194,2.240897339765597
2018-05,TSM,0.006501807906512,13.0,0.0,0.0,0.0,0.0,60.0,20.5,0.11919,0.115669,0.103932,0.118035,0.110059,0.100671,0.114377,0.106872,0.111194,2.271320535760471
2018-06,TSM,-0.0552971499461173,15.0,1.0,0.995,0.0,0.995,55.0,19.71,0.11919,0.115669,0.103932,0.118035,0.110059,0.100671,0.114377,0.106872,0.111194,2.353020396267402
2018-07,TSM,0.1684136926394124,10.0,0.0,0.0,0.0,0.0,59.0,19.5,0.11919,0.115669,0.103932,0.118035,0.110059,0.100671,0.114377,0.106872,0.111194,2.5747095847104986
2018-08,TSM,0.0579957114494402,5.0,0.0,0.0,0.0,0.0,61.0,19.29,0.11919,0.115669,0.103932,0.118035,0.110059,0.100671,0.114377,0.106872,0.111194,2.6875686983581017
2018-09,TSM,0.0128441846352309,10.0,0.0,0.0,0.0,0.0,56.0,20.29,0.11919,0.115669,0.103932,0.118035,0.110059,0.100671,0.114377,0.106872,0.111194,2.8473310859342638
2018-10,TSM,-0.1372283673755857,9.0,0.0,0.0,0.0,0.0,45.0,21.07,0.11919,0.115669,0.103932,0.118035,0.110059,0.100671,0.114377,0.106872,0.111194,2.785172305360773
2018-11,TSM,-0.0133854901427715,5.0,1.0,0.995,0.0,0.995,44.0,21.29,0.11919,0.115669,0.103932,0.118035,0.110059,0.100671,0.114377,0.106872,0.111194,2.7566074344577096
2018-12,TSM,-0.0180902297898748,12.0,0.0,0.0,0.0,0.0,40.0,20.07,0.118978,0.114696,0.10346,0.118695,0.110979,0.099027,0.114839,0.10613,0.113196,2.7100390956801657
2019-01,TSM,0.0192357197353472,16.0,0.0,0.0,0.0,0.0,42.0,20.43,0.118978,0.114696,0.10346,0.118695,0.110979,0.099027,0.114839,0.10613,0.113196,2.670097427651903
2019-02,TSM,0.038011797756883,10.0,0.0,0.0,0.0,0.0,40.0,21.64,0.118978,0.114696,0.10346,0.118695,0.110979,0.099027,0.114839,0.10613,0.113196,2.647010969585844
2019-03,TSM,0.0489120855346469,15.0,0.0,0.0,0.0,0.0,39.0,21.64,0.118978,0.114696,0.10346,0.118695,0.110979,0.099027,0.114839,0.10613,0.113196,2.625273061033009
2019-04,TSM,0.0698241517329378,8.0,0.0,0.0,0.0,0.0,46.0,21.14,0.118978,0.114696,0.10346,0.118695,0.110979,0.099027,0.114839,0.10613,0.113196,2.576148943161381
2019-05,TSM,-0.1248291850741256,23.0,0.0,0.0,0.0,0.0,36.0,20.86,0.118978,0.114696,0.10346,0.118695,0.110979,0.099027,0.114839,0.10613,0.113196,2.5628268216812553
2019-06,TSM,0.0213823655601987,36.0,0.0,0.0,0.0,0.0,42.0,20.64,0.118978,0.114696,0.10346,0.118695,0.110979,0.099027,0.114839,0.10613,0.113196,2.6578984543482673
2019-07,TSM,0.1237194104295495,7.0,0.0,0.0,0.0,0.0,37.0,20.71,0.118978,0.114696,0.10346,0.118695,0.110979,0.099027,0.114839,0.10613,0.113196,2.6108262993431404
2019-08,TSM,0.0,6.0,0.0,0.0,0.0,0.0,39.0,20.36,0.118978,0.114696,0.10346,0.118695,0.110979,0.099027,0.114839,0.10613,0.113196,2.573009337624847
2019-09,TSM,0.0903117734698852,11.0,0.0,0.0,0.0,0.0,38.0,21.43,0.118978,0.114696,0.10346,0.118695,0.110979,0.099027,0.114839,0.10613,0.113196,2.543602612182228
2019-10,TSM,0.118799096374623,14.0,0.0,0.0,0.0,0.0,35.0,21.79,0.118978,0.114696,0.10346,0.118695,0.110979,0.099027,0.114839,0.10613,0.113196,2.5123570309986376
2019-11,TSM,0.0282780161116731,14.0,0.0,0.0,0.0,0.0,38.0,22.43,0.118978,0.114696,0.10346,0.118695,0.110979,0.099027,0.114839,0.10613,0.113196,2.488636279906067
2019-12,TSM,0.0943681641368605,27.0,0.0,0.0,0.0,0.0,35.0,20.93,0.118033,0.114165,0.105758,0.117056,0.10985,0.100203,0.115405,0.106328,0.113202,2.4851028978023812
2020-01,TSM,-0.0651149856052408,22.0,0.0,0.0,0.0,0.0,35.0,25.93,0.118033,0.114165,0.105758,0.117056,0.10985,0.100203,0.115405,0.106328,0.113202,2.4444631734448916
2020-02,TSM,-0.0018539853519639,8.0,0.0,0.0,0.0,0.0,36.0,25.07,0.118033,0.114165,0.105758,0.117056,0.10985,0.100203,0.115405,0.106328,0.113202,2.4103206894980946
2020-03,TSM,-0.1123700122942825,7.0,0.0,0.0,0.0,0.0,31.0,20.14,0.118033,0.114165,0.105758,0.117056,0.10985,0.100203,0.115405,0.106328,0.113202,2.3456280194365977
2020-04,TSM,0.1222863753825829,9.0,2.0,0.99,0.014,1.98,42.0,20.79,0.118033,0.114165,0.105758,0.117056,0.10985,0.100203,0.115405,0.106328,0.113202,2.448179196881819
2020-05,TSM,-0.0527008382322249,8.0,4.0,0.698,0.0143,2.792,41.0,22.21,0.118033,0.114165,0.105758,0.117056,0.10985,0.100203,0.115405,0.106328,0.113202,2.4999086543920055
2020-06,TSM,0.1279555893728399,38.0,1.0,0.995,0.0,0.995,41.0,21.93,0.118033,0.114165,0.105758,0.117056,0.10985,0.100203,0.115405,0.106328,0.113202,2.511897411556643
2020-07,TSM,0.4000308521222011,21.0,11.0,0.9037,0.0148,9.9407,52.0,21.71,0.118033,0.114165,0.105758,0.117056,0.10985,0.100203,0.115405,0.106328,0.113202,2.657135602769205
2020-08,TSM,0.0045635223532431,13.0,5.0,0.647,0.0346,3.2350000000000003,55.0,20.71,0.118033,0.114165,0.105758,0.117056,0.10985,0.100203,0.115405,0.106328,0.113202,2.873482515587015
2020-09,TSM,0.0229651147079423,14.0,17.0,0.6812,0.0229,11.580400000000001,50.0,22.07,0.118033,0.114165,0.105758,0.117056,0.10985,0.100203,0.115405,0.106328,0.113202,2.9384956966714015
2020-10,TSM,0.0398797303297409,10.0,10.0,0.4636,0.0214,4.636,52.0,20.5,0.118033,0.114165,0.105758,0.117056,0.10985,0.100203,0.115405,0.106328,0.113202,3.0090361050576124
2020-11,TSM,0.1567900639295025,11.0,5.0,0.9602,0.0118,4.801,43.0,19.36,0.118033,0.114165,0.105758,0.117056,0.10985,0.100203,0.115405,0.106328,0.113202,3.0304942126014054
2020-12,TSM,0.123891944215271,26.0,9.0,0.2504,0.0162,2.2536,44.0,19.07,0.117747,0.114493,0.105633,0.116353,0.1106,0.101087,0.114723,0.105978,0.113385,3.1296852530815267
2021-01,TSM,0.1191557858901644,26.0,33.0,0.7728,0.044,25.5024,55.0,18.93,0.117747,0.114493,0.105633,0.116353,0.1106,0.101087,0.114723,0.105978,0.113385,3.3853756953618883
2021-02,TSM,0.0363724002364875,17.0,34.0,0.6623,0.0374,22.5182,58.0,20.0,0.117747,0.114493,0.105633,0.116353,0.1106,0.101087,0.114723,0.105978,0.113385,3.588406812640115
2021-03,TSM,-0.0608225770446285,14.0,80.0,0.6647,0.037,53.175999999999995,63.0,19.79,0.117747,0.114493,0.105633,0.116353,0.1106,0.101087,0.114723,0.105978,0.113385,3.7625768113914146
2021-04,TSM,-0.0093011402153306,20.0,119.0,0.5296,0.038,63.0224,54.0,19.36,0.117747,0.114493,0.105633,0.116353,0.1106,0.101087,0.114723,0.105978,0.113385,3.860125943622513
2021-05,TSM,0.0053109344128925,14.0,92.0,0.3398,0.0469,31.261599999999998,47.0,19.64,0.117747,0.114493,0.105633,0.116353,0.1106,0.101087,0.114723,0.105978,0.113385,3.947871310875437
2021-06,TSM,0.0238581969989628,43.0,87.0,0.7445,0.0262,64.7715,48.0,20.21,0.117747,0.114493,0.105633,0.116353,0.1106,0.101087,0.114723,0.105978,0.113385,4.082306143740802
2021-07,TSM,-0.0255706083660943,9.0,93.0,0.5791,0.0306,53.8563,46.0,19.43,0.117747,0.114493,0.105633,0.116353,0.1106,0.101087,0.114723,0.105978,0.113385,4.164510789857234
2021-08,TSM,0.0203187964849007,14.0,55.0,0.6512,0.0195,35.816,44.0,18.29,0.117747,0.114493,0.105633,0.116353,0.1106,0.101087,0.114723,0.105978,0.113385,4.175881535647747
2021-09,TSM,-0.0618432097345217,19.0,47.0,0.6141,0.0174,28.8627,38.0,19.5,0.117747,0.114493,0.105633,0.116353,0.1106,0.101087,0.114723,0.105978,0.113385,4.155669683330575
2021-10,TSM,0.022543486322178,8.0,87.0,0.5577,0.0296,48.5199,39.0,19.64,0.117747,0.114493,0.105633,0.116353,0.1106,0.101087,0.114723,0.105978,0.113385,4.191497294339252
2021-11,TSM,0.0303429786223934,16.0,52.0,0.6584,0.0234,34.2368,47.0,20.79,0.117747,0.114493,0.105633,0.116353,0.1106,0.101087,0.114723,0.105978,0.113385,4.205630198859253
2021-12,TSM,0.0269740571294194,30.0,58.0,0.7487,0.015,43.424600000000005,40.0,19.29,0.129699,0.113888,0.103746,0.11714,0.112337,0.097799,0.113174,0.100385,0.111832,4.286753358201581
2022-01,TSM,0.0234998793574021,28.0,136.0,0.6157,0.0154,83.7352,57.0,24.86,0.129699,0.113888,0.103746,0.11714,0.112337,0.097799,0.113174,0.100385,0.111832,4.396327032142347
2022-02,TSM,-0.1273751413552999,19.0,97.0,0.746,0.0174,72.362,51.0,26.0,0.129699,0.113888,0.103746,0.11714,0.112337,0.097799,0.113174,0.100385,0.111832,4.494635614798501
2022-03,TSM,-0.0256983046115472,21.0,62.0,0.4626,0.0297,28.6812,47.0,27.36,0.129699,0.113888,0.103746,0.11714,0.112337,0.097799,0.113174,0.100385,0.111832,4.585473981868428
2022-04,TSM,-0.1043719689943621,17.0,71.0,0.4425,0.0252,31.4175,45.0,26.71,0.129699,0.113888,0.103746,0.11714,0.112337,0.097799,0.113174,0.100385,0.111832,4.60905910204406
2022-05,TSM,0.0255030110102738,17.0,47.0,0.6309,0.0187,29.6523,49.0,25.5,0.129699,0.113888,0.103746,0.11714,0.112337,0.097799,0.113174,0.100385,0.111832,4.602182435025634
2022-06,TSM,-0.1421825380671068,33.0,72.0,0.7521,0.024,54.1512,38.0,25.64,0.129699,0.113888,0.103746,0.11714,0.112337,0.097799,0.113174,0.100385,0.111832,4.613021298668899
2022-07,TSM,0.088024801740014,14.0,144.0,0.4649,0.032,66.9456,42.0,23.43,0.129699,0.113888,0.103746,0.11714,0.112337,0.097799,0.113174,0.100385,0.111832,4.698213894989359
2022-08,TSM,-0.0579791803962476,12.0,130.0,0.4602,0.0225,59.826,40.0,22.79,0.129699,0.113888,0.103746,0.11714,0.112337,0.097799,0.113174,0.100385,0.111832,4.70233797965683
2022-09,TSM,-0.177444465163404,12.0,68.0,0.669,0.0222,45.492000000000004,38.0,24.5,0.129699,0.113888,0.103746,0.11714,0.112337,0.097799,0.113174,0.100385,0.111832,4.707787287498811
2022-10,TSM,-0.0971688690660331,9.0,141.0,0.4213,0.0268,59.4033,40.0,24.57,0.129699,0.113888,0.103746,0.11714,0.112337,0.097799,0.113174,0.100385,0.111832,4.706277626214219
2022-11,TSM,0.3481722791894925,12.0,159.0,0.6358,0.0185,101.0922,45.0,25.79,0.129699,0.113888,0.103746,0.11714,0.112337,0.097799,0.113174,0.100385,0.111832,4.712693683185076
2022-12,TSM,-0.1023137979116824,33.0,151.0,0.6341,0.0316,95.7491,37.0,25.86,0.104422,0.111532,0.121216,0.109811,0.108955,0.107144,0.115891,0.105651,0.115378,4.813104306218596
2023-01,TSM,0.2519211862326567,26.0,129.0,0.3908,0.0192,50.413199999999996,42.0,27.43,0.104422,0.111532,0.121216,0.109811,0.108955,0.107144,0.115891,0.105651,0.115378,4.791493809201767
2023-02,TSM,-0.061037552899322,22.0,101.0,0.5505,0.016,55.6005,45.0,31.0,0.104422,0.111532,0.121216,0.109811,0.108955,0.107144,0.115891,0.105651,0.115378,4.7774750002442925
2023-03,TSM,0.0683357917743856,15.0,87.0,0.7295,0.0306,63.4665,35.0,30.57,0.104422,0.111532,0.121216,0.109811,0.108955,0.107144,0.115891,0.105651,0.115378,4.764938793190376
2023-04,TSM,-0.0890254941017866,9.0,135.0,0.5163,0.0455,69.70049999999999,40.0,30.14,0.104422,0.111532,0.121216,0.109811,0.108955,0.107144,0.115891,0.105651,0.115378,4.799010356844642
2023-05,TSM,0.1695135712574742,26.0,102.0,0.7109,0.0482,72.5118,34.0,31.29,0.104422,0.111532,0.121216,0.109811,0.108955,0.107144,0.115891,0.105651,0.115378,4.8349073700427345
2023-06,TSM,0.0236331401890221,36.0,110.0,0.7251,0.0487,79.761,37.0,32.64,0.104422,0.111532,0.121216,0.109811,0.108955,0.107144,0.115891,0.105651,0.115378,4.836774782406334
2023-07,TSM,-0.0134236122119563,7.0,166.0,0.482,0.0465,80.012,38.0,30.57,0.104422,0.111532,0.121216,0.109811,0.108955,0.107144,0.115891,0.105651,0.115378,4.806708339356657
2023-08,TSM,-0.0562782799540231,16.0,125.0,0.5929,0.045,74.1125,33.0,29.57,0.104422,0.111532,0.121216,0.109811,0.108955,0.107144,0.115891,0.105651,0.115378,4.820335433009392
2023-09,TSM,-0.0712835856163258,19.0,141.0,0.5142,0.0374,72.5022,35.0,30.57,0.104422,0.111532,0.121216,0.109811,0.108955,0.107144,0.115891,0.105651,0.115378,4.798786623836314
2023-10,TSM,-0.0016345152595274,23.0,135.0,0.4689,0.0541,63.3015,33.0,31.0,0.104422,0.111532,0.121216,0.109811,0.108955,0.107144,0.115891,0.105651,0.115378,4.853418188395603
2023-11,TSM,0.127447719955984,28.0,126.0,0.7193,0.0432,90.63180000000001,31.0,31.86,0.104422,0.111532,0.121216,0.109811,0.108955,0.107144,0.115891,0.105651,0.115378,4.891388141420094
2023-12,TSM,0.0687491317514017,38.0,91.0,0.6595,0.0435,60.0145,35.0,30.79,0.107854,0.114006,0.120899,0.106186,0.10787,0.104188,0.118861,0.107264,0.112871,4.892807959790536
2024-01,TSM,0.0912726663038878,28.0,195.0,0.6909,0.043,134.72549999999998,37.0,32.79,0.107854,0.114006,0.120899,0.106186,0.10787,0.104188,0.118861,0.107264,0.112871,4.880797314627143
2024-02,TSM,0.1390757364886352,23.0,135.0,0.8158,0.0674,110.133,45.0,36.07,0.107854,0.114006,0.120899,0.106186,0.10787,0.104188,0.118861,0.107264,0.112871,4.970875346324202
2024-03,TSM,0.0573561786879717,13.0,108.0,0.7611,0.0593,82.1988,57.0,35.86,0.107854,0.114006,0.120899,0.106186,0.10787,0.104188,0.118861,0.107264,0.112871,5.055468375290489
2024-04,TSM,0.0135810212966855,29.0,177.0,0.6622,0.0683,117.2094,52.0,35.29,0.107854,0.114006,0.120899,0.106186,0.10787,0.104188,0.118861,0.107264,0.112871,5.1903048533622975
2024-05,TSM,0.0997523248344878,24.0,138.0,0.7678,0.0698,105.9564,50.0,36.21,0.107854,0.114006,0.120899,0.106186,0.10787,0.104188,0.118861,0.107264,0.112871,5.2680983404880655
2024-06,TSM,0.1507548100825528,37.0,155.0,0.844,0.0776,130.82,57.0,34.0,0.107854,0.114006,0.120899,0.106186,0.10787,0.104188,0.118861,0.107264,0.112871,5.37596866931713
2024-07,TSM,-0.0430753896371918,15.0,210.0,0.6989,0.0542,146.769,69.0,32.57,0.107854,0.114006,0.120899,0.106186,0.10787,0.104188,0.118861,0.107264,0.112871,5.450862244558188
2024-08,TSM,0.0355849732620623,20.0,145.0,0.7841,0.0619,113.6945,62.0,33.07,0.107854,0.114006,0.120899,0.106186,0.10787,0.104188,0.118861,0.107264,0.112871,5.5142811725977925
2024-09,TSM,0.0114737084870848,18.0,121.0,0.9076,0.0705,109.8196,51.0,35.36,0.107854,0.114006,0.120899,0.106186,0.10787,0.104188,0.118861,0.107264,0.112871,5.597635022685299
2024-10,TSM,0.1011874203287064,18.0,141.0,0.7852,0.0684,110.7132,62.0,36.21,0.107854,0.114006,0.120899,0.106186,0.10787,0.104188,0.118861,0.107264,0.112871,5.666919116080387
2024-11,TSM,-0.0308596025619514,27.0,8.0,0.7035,0.0777,5.628,53.0,38.36,0.107854,0.114006,0.120899,0.106186,0.10787,0.104188,0.118861,0.107264,0.112871,5.6725439441610925
2024-12,TSM,0.0694791358459867,28.0,3.0,0.2703,0.037,0.8109,55.0,37.14,0.106507,0.110358,0.122154,0.109216,0.109907,0.107855,0.114265,0.10709,0.112649,5.605498729346213
2025-01,TSM,0.0632676444441993,25.0,113.0,0.8796,0.0635,99.3948,66.0,38.79,0.106507,0.110358,0.122154,0.109216,0.109907,0.107855,0.114265,0.10709,0.112649,5.6579836641181815
2025-02,TSM,-0.1375407832306556,26.0,152.0,0.8014,0.064,121.8128,61.0,41.43,0.106507,0.110358,0.122154,0.109216,0.109907,0.107855,0.114265,0.10709,0.112649,5.740072588951373
2025-03,TSM,-0.0804852525282374,32.0,192.0,0.7829,0.0616,150.3168,61.0,39.86,0.106507,0.110358,0.122154,0.109216,0.109907,0.107855,0.114265,0.10709,0.112649,5.805209133274282
2025-04,TSM,0.0080691872031999,23.0,260.0,0.6169,0.0599,160.394,65.0,40.07,0.106507,0.110358,0.122154,0.109216,0.109907,0.107855,0.114265,0.10709,0.112649,5.905791134922531
2025-05,TSM,0.1597575656477194,29.0,135.0,0.803,0.0665,108.405,54.0,40.21,0.106507,0.110358,0.122154,0.109216,0.109907,0.107855,0.114265,0.10709,0.112649,5.9501595113365475
2025-06,TSM,0.1715808368936255,42.0,255.0,0.8634,0.0713,220.16699999999997,55.0,45.64,0.106507,0.110358,0.122154,0.109216,0.109907,0.107855,0.114265,0.10709,0.112649,6.06091718810956
2025-07,TSM,0.0707027179806485,15.0,565.0,0.6889,0.0552,389.2285,64.0,48.5,0.106507,0.110358,0.122154,0.109216,0.109907,0.107855,0.114265,0.10709,0.112649,6.1214289684706245
2025-08,TSM,-0.0444913823658088,21.0,543.0,0.7616,0.0551,413.5488,72.0,87.57,0.106507,0.110358,0.122154,0.109216,0.109907,0.107855,0.114265,0.10709,0.112649,6.220775848982591
2025-09,TSM,0.2097285317348094,24.0,407.0,0.8483,0.0595,345.2581,66.0,86.07,0.106507,0.110358,0.122154,0.109216,0.109907,0.107855,0.114265,0.10709,0.112649,6.322417520830463
2025-10,TSM,0.0790854841237598,27.0,578.0,0.7356,0.0605,425.1768,86.0,86.86,0.106507,0.110358,0.122154,0.109216,0.109907,0.107855,0.114265,0.10709,0.112649,6.400506437674058
2025-11,TSM,-0.0296907235027625,25.0,390.0,0.8438,0.0639,329.082,65.0,91.29,0.106507,0.110358,0.122154,0.109216,0.109907,0.107855,0.114265,0.10709,0.112649,6.459555920717763
2025-12,TSM,0.042468541684518,40.0,378.0,0.8348,0.072,315.5544,63.0,86.86,0.106507,0.110358,0.122154,0.109216,0.109907,0.107855,0.114265,0.10709,0.112649,6.522159667362212
2014-01,TXN,-0.0343884480778551,40.0,0.0,0.0,0.0,0.0,28.0,18.14,0.130593,0.099879,0.10525,0.123297,0.111934,0.096064,0.109916,0.109116,0.11395,0.07332479726845924
2014-02,TXN,0.0678451269849687,15.0,0.0,0.0,0.0,0.0,26.0,18.14,0.130593,0.099879,0.10525,0.123297,0.111934,0.096064,0.109916,0.109116,0.11395,0.14535546877036765
2014-03,TXN,0.048931893155224,32.0,0.0,0.0,0.0,0.0,23.0,17.14,0.127306,0.098064,0.108328,0.124053,0.1116,0.09762,0.113275,0.108853,0.110899,0.23612202436295182
2014-04,TXN,-0.0362594827593016,24.0,0.0,0.0,0.0,0.0,29.0,17.21,0.127306,0.098064,0.108328,0.124053,0.1116,0.09762,0.113275,0.108853,0.110899,0.317230445610799
2014-05,TXN,0.0403992547930833,26.0,0.0,0.0,0.0,0.0,22.0,16.86,0.127306,0.098064,0.108328,0.124053,0.1116,0.09762,0.113275,0.108853,0.110899,0.37009305893739675
2014-06,TXN,0.0172412434737705,37.0,0.0,0.0,0.0,0.0,21.0,18.0,0.126961,0.098314,0.108224,0.123883,0.111559,0.097709,0.113452,0.109118,0.110781,0.43233208432097286
2014-07,TXN,-0.0322243506187083,17.0,0.0,0.0,0.0,0.0,27.0,19.29,0.126961,0.098314,0.108224,0.123883,0.111559,0.097709,0.113452,0.109118,0.110781,0.48820381612304764
2014-08,TXN,0.0483720093254078,26.0,0.0,0.0,0.0,0.0,21.0,17.86,0.126961,0.098314,0.108224,0.123883,0.111559,0.097709,0.113452,0.109118,0.110781,0.5452261841510504
2014-09,TXN,-0.0101702744799622,33.0,0.0,0.0,0.0,0.0,22.0,17.64,0.126961,0.098314,0.108224,0.123883,0.111559,0.097709,0.113452,0.109118,0.110781,0.6224027675994129
2014-10,TXN,0.041308303966927,33.0,0.0,0.0,0.0,0.0,30.0,18.14,0.126961,0.098314,0.108224,0.123883,0.111559,0.097709,0.113452,0.109118,0.110781,0.6986558819149772
2014-11,TXN,0.1035883610052477,22.0,0.0,0.0,0.0,0.0,27.0,18.36,0.126961,0.098314,0.108224,0.123883,0.111559,0.097709,0.113452,0.109118,0.110781,0.753940694840876
2014-12,TXN,-0.0174567990074703,26.0,0.0,0.0,0.0,0.0,26.0,17.79,0.129895,0.099077,0.105756,0.12376,0.113698,0.099028,0.111305,0.109279,0.108202,0.8139786502074187
2015-01,TXN,-0.0003738059140369,31.0,0.0,0.0,0.0,0.0,29.0,17.21,0.129895,0.099077,0.105756,0.12376,0.113698,0.099028,0.111305,0.109279,0.108202,0.8500598721191384
2015-02,TXN,0.1069574495478342,10.0,0.0,0.0,0.0,0.0,27.0,17.07,0.129895,0.099077,0.105756,0.12376,0.113698,0.099028,0.111305,0.109279,0.108202,0.8902120540877825
2015-03,TXN,-0.0273805678572691,27.0,0.0,0.0,0.0,0.0,26.0,17.0,0.132682,0.103189,0.105853,0.123731,0.110965,0.09425,0.111514,0.10426,0.113557,0.9563259412654884
2015-04,TXN,-0.0521075607091536,15.0,0.0,0.0,0.0,0.0,29.0,17.0,0.132682,0.103189,0.105853,0.123731,0.110965,0.09425,0.111514,0.10426,0.113557,0.9910572876130858
2015-05,TXN,0.0378956091268916,27.0,0.0,0.0,0.0,0.0,24.0,17.07,0.132682,0.103189,0.105853,0.123731,0.110965,0.09425,0.111514,0.10426,0.113557,1.0232848804959374
2015-06,TXN,-0.0788623814692719,24.0,0.0,0.0,0.0,0.0,24.0,16.36,0.130546,0.099146,0.109038,0.124313,0.112631,0.095573,0.11134,0.106585,0.110828,1.0533032936478286
2015-07,TXN,-0.0297030683586549,13.0,0.0,0.0,0.0,0.0,29.0,16.71,0.130546,0.099146,0.109038,0.124313,0.112631,0.095573,0.11134,0.106585,0.110828,1.0795029646797403
2015-08,TXN,-0.0362744747279336,10.0,0.0,0.0,0.0,0.0,28.0,15.43,0.130546,0.099146,0.109038,0.124313,0.112631,0.095573,0.11134,0.106585,0.110828,1.0974865473963689
2015-09,TXN,0.0351174295183775,35.0,0.0,0.0,0.0,0.0,23.0,15.64,0.130546,0.099146,0.109038,0.124313,0.112631,0.095573,0.11134,0.106585,0.110828,1.1718299269033674
2015-10,TXN,0.1453956660982751,15.0,0.0,0.0,0.0,0.0,32.0,16.36,0.130546,0.099146,0.109038,0.124313,0.112631,0.095573,0.11134,0.106585,0.110828,1.2062803099287656
2015-11,TXN,0.0313911918739533,16.0,0.0,0.0,0.0,0.0,24.0,16.36,0.130546,0.099146,0.109038,0.124313,0.112631,0.095573,0.11134,0.106585,0.110828,1.226600086458562
2015-12,TXN,-0.0569510364552671,13.0,0.0,0.0,0.0,0.0,23.0,16.36,0.129139,0.099602,0.111153,0.120695,0.111692,0.096139,0.114049,0.107222,0.11031,1.238708694493762
2016-01,TXN,-0.0343003497193784,49.0,0.0,0.0,0.0,0.0,31.0,15.93,0.129139,0.099602,0.111153,0.120695,0.111692,0.096139,0.114049,0.107222,0.11031,1.2728627940906787
2016-02,TXN,0.0092694861385693,9.0,0.0,0.0,0.0,0.0,29.0,16.14,0.129139,0.099602,0.111153,0.120695,0.111692,0.096139,0.114049,0.107222,0.11031,1.3027011545224323
2016-03,TXN,0.0829873701835053,25.0,0.0,0.0,0.0,0.0,26.0,16.21,0.130508,0.099388,0.108694,0.124052,0.112446,0.09578,0.111263,0.106958,0.110912,1.344589461547173
2016-04,TXN,-0.0066176021431707,14.0,0.0,0.0,0.0,0.0,30.0,16.21,0.130508,0.099388,0.108694,0.124052,0.112446,0.09578,0.111263,0.106958,0.110912,1.38344741637362
2016-05,TXN,0.0691925487710714,37.0,0.0,0.0,0.0,0.0,26.0,17.0,0.130508,0.099388,0.108694,0.124052,0.112446,0.09578,0.111263,0.106958,0.110912,1.4247371578750132
2016-06,TXN,0.0338285940884823,19.0,0.0,0.0,0.0,0.0,29.0,16.14,0.130508,0.099388,0.108694,0.124052,0.112446,0.09578,0.111263,0.106958,0.110912,1.5363829838355254
2016-07,TXN,0.113327807068688,10.0,0.0,0.0,0.0,0.0,37.0,15.21,0.130508,0.099388,0.108694,0.124052,0.112446,0.09578,0.111263,0.106958,0.110912,1.612413442804988
2016-08,TXN,0.0023339046709727,6.0,0.0,0.0,0.0,0.0,31.0,14.79,0.130508,0.099388,0.108694,0.124052,0.112446,0.09578,0.111263,0.106958,0.110912,1.613392902813554
2016-09,TXN,0.0092032746919199,36.0,0.0,0.0,0.0,0.0,25.0,16.07,0.130508,0.099388,0.108694,0.124052,0.112446,0.09578,0.111263,0.106958,0.110912,1.7006131638541713
2016-10,TXN,0.0095466496389959,24.0,0.0,0.0,0.0,0.0,31.0,17.0,0.130508,0.099388,0.108694,0.124052,0.112446,0.09578,0.111263,0.106958,0.110912,1.7212631859640533
2016-11,TXN,0.043472154185669,15.0,0.0,0.0,0.0,0.0,35.0,17.93,0.130508,0.099388,0.108694,0.124052,0.112446,0.09578,0.111263,0.106958,0.110912,1.736277147927309
2016-12,TXN,-0.0057638112564343,17.0,0.0,0.0,0.0,0.0,36.0,17.21,0.12932,0.100725,0.108379,0.122244,0.111459,0.096434,0.110295,0.109492,0.111651,1.753832701851755
2017-01,TXN,0.0352199017169838,43.0,0.0,0.0,0.0,0.0,42.0,17.64,0.12932,0.100725,0.108379,0.122244,0.111459,0.096434,0.110295,0.109492,0.111651,1.797568122667552
2017-02,TXN,0.020736261436894,22.0,0.0,0.0,0.0,0.0,35.0,18.14,0.12932,0.100725,0.108379,0.122244,0.111459,0.096434,0.110295,0.109492,0.111651,1.8437369590217931
2017-03,TXN,0.0514225229569078,23.0,0.0,0.0,0.0,0.0,39.0,19.21,0.130091,0.100368,0.108264,0.123582,0.113462,0.095558,0.112885,0.105834,0.109957,1.9177280931207008
2017-04,TXN,-0.0171300311151934,13.0,0.0,0.0,0.0,0.0,38.0,19.07,0.130091,0.100368,0.108264,0.123582,0.113462,0.095558,0.112885,0.105834,0.109957,1.9119028938632843
2017-05,TXN,0.0482656429946235,37.0,1.0,0.992,0.0,0.992,34.0,19.36,0.130091,0.100368,0.108264,0.123582,0.113462,0.095558,0.112885,0.105834,0.109957,1.9482806839346125
2017-06,TXN,-0.0674022917802427,18.0,0.0,0.0,0.0,0.0,37.0,20.14,0.129578,0.099805,0.108834,0.124132,0.113384,0.095321,0.112723,0.106213,0.11001,1.953883547770482
2017-07,TXN,0.0578445309399597,16.0,0.0,0.0,0.0,0.0,38.0,20.0,0.129578,0.099805,0.108834,0.124132,0.113384,0.095321,0.112723,0.106213,0.11001,1.9678623418185723
2017-08,TXN,0.0238982617577696,18.0,0.0,0.0,0.0,0.0,34.0,19.0,0.129578,0.099805,0.108834,0.124132,0.113384,0.095321,0.112723,0.106213,0.11001,1.972922092632188
2017-09,TXN,0.0823471247594929,22.0,0.0,0.0,0.0,0.0,38.0,19.79,0.129578,0.099805,0.108834,0.124132,0.113384,0.095321,0.112723,0.106213,0.11001,2.012060902521304
2017-10,TXN,0.0786481846106061,31.0,1.0,0.997,0.0,0.997,55.0,20.64,0.129578,0.099805,0.108834,0.124132,0.113384,0.095321,0.112723,0.106213,0.11001,2.123808864589339
2017-11,TXN,0.0126447389177311,7.0,1.0,0.998,0.0,0.998,47.0,22.0,0.129578,0.099805,0.108834,0.124132,0.113384,0.095321,0.112723,0.106213,0.11001,2.165831804066936
2017-12,TXN,0.0734916733344659,20.0,0.0,0.0,0.0,0.0,45.0,20.64,0.128216,0.101931,0.112003,0.11883,0.110922,0.095501,0.112022,0.107111,0.113464,2.183273272756038
2018-01,TXN,0.0500766260491571,23.0,0.0,0.0,0.0,0.0,73.0,21.21,0.128216,0.101931,0.112003,0.11883,0.110922,0.095501,0.112022,0.107111,0.113464,2.2534214559541668
2018-02,TXN,-0.0065686127973713,11.0,1.0,0.997,0.0,0.997,59.0,21.64,0.128216,0.101931,0.112003,0.11883,0.110922,0.095501,0.112022,0.107111,0.113464,2.2952724242895663
2018-03,TXN,-0.0411628999549875,35.0,0.0,0.0,0.0,0.0,47.0,21.07,0.129133,0.102714,0.106512,0.121602,0.113344,0.092559,0.117606,0.104188,0.112341,2.378756286509645
2018-04,TXN,-0.0236789623731557,17.0,1.0,0.995,0.0,0.995,52.0,21.0,0.129133,0.102714,0.106512,0.121602,0.113344,0.092559,0.117606,0.104188,0.112341,2.40398963616986
2018-05,TXN,0.1033226666646462,29.0,0.0,0.0,0.0,0.0,47.0,20.5,0.129133,0.102714,0.106512,0.121602,0.113344,0.092559,0.117606,0.104188,0.112341,2.4253747451453918
2018-06,TXN,-0.0089022847443531,17.0,0.0,0.0,0.0,0.0,46.0,19.71,0.1297,0.102244,0.106491,0.121291,0.112611,0.092866,0.117123,0.10462,0.113055,2.45343674722249
2018-07,TXN,0.0097052684146721,23.0,1.0,0.998,0.0,0.998,50.0,19.5,0.1297,0.102244,0.106491,0.121291,0.112611,0.092866,0.117123,0.10462,0.113055,2.683744389504123
2018-08,TXN,0.0152920890570587,11.0,0.0,0.0,0.0,0.0,42.0,19.29,0.1297,0.102244,0.106491,0.121291,0.112611,0.092866,0.117123,0.10462,0.113055,2.756456072013289
2018-09,TXN,-0.045462402619731,32.0,0.0,0.0,0.0,0.0,42.0,20.29,0.1297,0.102244,0.106491,0.121291,0.112611,0.092866,0.117123,0.10462,0.113055,2.9283169316662603
2018-10,TXN,-0.1347749229923079,19.0,0.0,0.0,0.0,0.0,54.0,21.07,0.1297,0.102244,0.106491,0.121291,0.112611,0.092866,0.117123,0.10462,0.113055,2.898666718591932
2018-11,TXN,0.0848852309931813,14.0,1.0,0.996,0.0,0.996,45.0,21.29,0.1297,0.102244,0.106491,0.121291,0.112611,0.092866,0.117123,0.10462,0.113055,2.8948507279624573
2018-12,TXN,-0.0535802802768162,16.0,0.0,0.0,0.0,0.0,42.0,20.07,0.129094,0.102994,0.110728,0.118992,0.110895,0.095114,0.111966,0.106689,0.113526,2.85435054981364
2019-01,TXN,0.0653967005895945,21.0,0.0,0.0,0.0,0.0,54.0,20.43,0.129094,0.102994,0.110728,0.118992,0.110895,0.095114,0.111966,0.106689,0.113526,2.843696348526321
2019-02,TXN,0.0586992588084471,13.0,0.0,0.0,0.0,0.0,49.0,21.64,0.129094,0.102994,0.110728,0.118992,0.110895,0.095114,0.111966,0.106689,0.113526,2.8464331568641352
2019-03,TXN,0.0027414164014183,27.0,0.0,0.0,0.0,0.0,45.0,21.64,0.128609,0.103789,0.105473,0.120859,0.11454,0.093204,0.117267,0.104163,0.112095,2.8647080518907893
2019-04,TXN,0.1108701395175608,12.0,1.0,0.995,0.0,0.995,52.0,21.14,0.128609,0.103789,0.105473,0.120859,0.11454,0.093204,0.117267,0.104163,0.112095,2.8500891427088546
2019-05,TXN,-0.1147416383245802,20.0,0.0,0.0,0.0,0.0,44.0,20.86,0.128609,0.103789,0.105473,0.120859,0.11454,0.093204,0.117267,0.104163,0.112095,2.8330916531643187
2019-06,TXN,0.1074421177329454,15.0,0.0,0.0,0.0,0.0,44.0,20.64,0.129726,0.102861,0.10439,0.120991,0.113813,0.093495,0.117449,0.104721,0.112553,2.8881346535490833
2019-07,TXN,0.0893167595356898,14.0,0.0,0.0,0.0,0.0,53.0,20.71,0.129726,0.102861,0.10439,0.120991,0.113813,0.093495,0.117449,0.104721,0.112553,2.8864089397473336
2019-08,TXN,-0.0041795312417509,29.0,0.0,0.0,0.0,0.0,48.0,20.36,0.129726,0.102861,0.10439,0.120991,0.113813,0.093495,0.117449,0.104721,0.112553,2.942701975880132
2019-09,TXN,0.0443637211770922,16.0,0.0,0.0,0.0,0.0,44.0,21.43,0.129726,0.102861,0.10439,0.120991,0.113813,0.093495,0.117449,0.104721,0.112553,2.9185584580781065
2019-10,TXN,-0.0870474440505878,8.0,0.0,0.0,0.0,0.0,56.0,21.79,0.129726,0.102861,0.10439,0.120991,0.113813,0.093495,0.117449,0.104721,0.112553,2.90998150082548
2019-11,TXN,0.0264952313354058,13.0,0.0,0.0,0.0,0.0,43.0,22.43,0.129726,0.102861,0.10439,0.120991,0.113813,0.093495,0.117449,0.104721,0.112553,2.8746137782554047
2019-12,TXN,0.0672157221804088,7.0,0.0,0.0,0.0,0.0,40.0,20.93,0.128853,0.106062,0.110175,0.116965,0.1117,0.094122,0.114437,0.104663,0.113023,2.8157858112855543
2020-01,TXN,-0.05955251235823,16.0,0.0,0.0,0.0,0.0,58.0,25.93,0.128853,0.106062,0.110175,0.116965,0.1117,0.094122,0.114437,0.104663,0.113023,2.8168388063769263
2020-02,TXN,-0.0471238569597456,18.0,0.0,0.0,0.0,0.0,53.0,25.07,0.128853,0.106062,0.110175,0.116965,0.1117,0.094122,0.114437,0.104663,0.113023,2.8341213423315805
2020-03,TXN,-0.1244961485471066,12.0,0.0,0.0,0.0,0.0,59.0,20.14,0.131611,0.104324,0.102604,0.121883,0.113933,0.094208,0.11798,0.103126,0.11033,2.821218016914189
2020-04,TXN,0.1615128248243351,13.0,1.0,0.991,0.0125,0.991,57.0,20.79,0.131611,0.104324,0.102604,0.121883,0.113933,0.094208,0.11798,0.103126,0.11033,2.918945310063778
2020-05,TXN,0.0230033511122405,5.0,1.0,0.995,0.0,0.995,46.0,22.21,0.131611,0.104324,0.102604,0.121883,0.113933,0.094208,0.11798,0.103126,0.11033,2.8878054799358286
2020-06,TXN,0.0776675231157399,4.0,0.0,0.0,0.0,0.0,52.0,21.93,0.131611,0.104324,0.102604,0.121883,0.113933,0.094208,0.11798,0.103126,0.11033,2.8293961578053834
2020-07,TXN,0.0045678969185152,17.0,0.0,0.0,0.0,0.0,68.0,21.71,0.131611,0.104324,0.102604,0.121883,0.113933,0.094208,0.11798,0.103126,0.11033,2.8308425807031354
2020-08,TXN,0.1221366491857365,16.0,0.0,0.0,0.0,0.0,55.0,20.71,0.131611,0.104324,0.102604,0.121883,0.113933,0.094208,0.11798,0.103126,0.11033,2.844279984137529
2020-09,TXN,0.0045025254333528,25.0,0.0,0.0,0.0,0.0,52.0,22.07,0.131611,0.104324,0.102604,0.121883,0.113933,0.094208,0.11798,0.103126,0.11033,2.8499568652916154
2020-10,TXN,0.0126055833224614,9.0,2.0,0.48,0.0,0.96,56.0,20.5,0.131611,0.104324,0.102604,0.121883,0.113933,0.094208,0.11798,0.103126,0.11033,2.848767918252492
2020-11,TXN,0.1232344778287009,11.0,2.0,0.999,0.0052,1.998,56.0,19.36,0.131611,0.104324,0.102604,0.121883,0.113933,0.094208,0.11798,0.103126,0.11033,2.86856138035575
2020-12,TXN,0.0178605457959104,9.0,0.0,0.0,0.0,0.0,53.0,19.07,0.129815,0.105704,0.10421,0.121668,0.11251,0.095102,0.113166,0.104129,0.113697,2.8499956117948493
2021-01,TXN,0.0095045676106875,19.0,6.0,0.7118,0.006,4.2707999999999995,51.0,18.93,0.129815,0.105704,0.10421,0.121668,0.11251,0.095102,0.113166,0.104129,0.113697,2.880299914276254
2021-02,TXN,0.0460172114052701,15.0,12.0,0.9243,0.0058,11.0916,54.0,20.0,0.129815,0.105704,0.10421,0.121668,0.11251,0.095102,0.113166,0.104129,0.113697,2.9147620616712713
2021-03,TXN,0.0970571926956838,15.0,40.0,0.8589,0.0056,34.356,57.0,19.79,0.125911,0.104976,0.107006,0.116299,0.110281,0.095462,0.119961,0.108785,0.11132,2.941316543641917
2021-04,TXN,-0.0448700504361223,4.0,74.0,0.774,0.0,57.276,56.0,19.36,0.125911,0.104976,0.107006,0.116299,0.110281,0.095462,0.119961,0.108785,0.11132,2.927629705040898
2021-05,TXN,0.0573800390750571,7.0,52.0,0.8211,0.0048,42.6972,50.0,19.64,0.125911,0.104976,0.107006,0.116299,0.110281,0.095462,0.119961,0.108785,0.11132,2.9229019651306674
2021-06,TXN,0.0130650385960697,34.0,70.0,0.8902,0.0057,62.314,47.0,20.21,0.125911,0.104976,0.107006,0.116299,0.110281,0.095462,0.119961,0.108785,0.11132,2.9581811507813924
2021-07,TXN,-0.0087364486812185,11.0,89.0,0.6053,0.008,53.8717,54.0,19.43,0.125911,0.104976,0.107006,0.116299,0.110281,0.095462,0.119961,0.108785,0.11132,3.0218330042240313
2021-08,TXN,0.00710717200159,8.0,42.0,0.9188,0.0,38.5896,47.0,18.29,0.125911,0.104976,0.107006,0.116299,0.110281,0.095462,0.119961,0.108785,0.11132,2.996307277857009
2021-09,TXN,0.0068095514394435,8.0,32.0,0.8305,0.0,26.576,48.0,19.5,0.125911,0.104976,0.107006,0.116299,0.110281,0.095462,0.119961,0.108785,0.11132,2.969583686741698
2021-10,TXN,-0.0246086242843179,14.0,91.0,0.4857,0.0074,44.1987,58.0,19.64,0.125911,0.104976,0.107006,0.116299,0.110281,0.095462,0.119961,0.108785,0.11132,3.0221851915138687
2021-11,TXN,0.0324023663979771,7.0,21.0,0.6957,0.0139,14.6097,49.0,20.79,0.125911,0.104976,0.107006,0.116299,0.110281,0.095462,0.119961,0.108785,0.11132,3.034073531112963
2021-12,TXN,-0.0202732255449094,8.0,47.0,0.8276,0.0,38.8972,54.0,19.29,0.129809,0.106066,0.104747,0.121607,0.112853,0.094464,0.113336,0.103923,0.113194,3.029648737945689
2022-01,TXN,-0.0476469429836273,23.0,93.0,0.6441,0.0072,59.9013,62.0,24.86,0.129809,0.106066,0.104747,0.121607,0.112853,0.094464,0.113336,0.103923,0.113194,3.1210234604467466
2022-02,TXN,-0.0466561207108708,9.0,64.0,0.8441,0.0047,54.0224,60.0,26.0,0.129809,0.106066,0.104747,0.121607,0.112853,0.094464,0.113336,0.103923,0.113194,3.1650699818212114
2022-03,TXN,0.0793576631123513,15.0,42.0,0.9176,0.01,38.5392,49.0,27.36,0.125911,0.104976,0.107006,0.116299,0.110281,0.095462,0.119961,0.108785,0.11132,3.216423911112446
2022-04,TXN,-0.0721060225332614,10.0,56.0,0.4125,0.0136,23.099999999999998,48.0,26.71,0.125911,0.104976,0.107006,0.116299,0.110281,0.095462,0.119961,0.108785,0.11132,3.2496575835505452
2022-05,TXN,0.0382379276104472,22.0,29.0,0.7489,0.0087,21.7181,47.0,25.5,0.125911,0.104976,0.107006,0.116299,0.110281,0.095462,0.119961,0.108785,0.11132,3.265400620275316
2022-06,TXN,-0.1248317825181221,19.0,38.0,0.5975,0.0082,22.705000000000002,47.0,25.64,0.125911,0.104976,0.107006,0.116299,0.110281,0.095462,0.119961,0.108785,0.11132,3.2569498427788095
2022-07,TXN,0.1642695523878334,9.0,96.0,0.5467,0.0187,52.4832,53.0,23.43,0.125911,0.104976,0.107006,0.116299,0.110281,0.095462,0.119961,0.108785,0.11132,3.3559833415610774
2022-08,TXN,-0.0703887886825173,7.0,45.0,0.7695,0.0131,34.6275,49.0,22.79,0.125911,0.104976,0.107006,0.116299,0.110281,0.095462,0.119961,0.108785,0.11132,3.3863878469726263
2022-09,TXN,-0.0631318627251765,15.0,48.0,0.7692,0.0079,36.9216,52.0,24.5,0.125911,0.104976,0.107006,0.116299,0.110281,0.095462,0.119961,0.108785,0.11132,3.422896731218548
2022-10,TXN,0.0377959164080667,16.0,86.0,0.5207,0.0108,44.78020000000001,50.0,24.57,0.125911,0.104976,0.107006,0.116299,0.110281,0.095462,0.119961,0.108785,0.11132,3.4466076188886623
2022-11,TXN,0.1324084342950306,11.0,44.0,0.7974,0.0056,35.0856,45.0,25.79,0.125911,0.104976,0.107006,0.116299,0.110281,0.095462,0.119961,0.108785,0.11132,3.425953353781463
2022-12,TXN,-0.0844507849141787,6.0,48.0,0.8592,0.0086,41.2416,48.0,25.86,0.130954,0.106781,0.103695,0.121717,0.111724,0.094136,0.113079,0.104064,0.113851,3.4194859309644166
2023-01,TXN,0.0725701321499716,16.0,95.0,0.4948,0.0074,47.006,51.0,27.43,0.130954,0.106781,0.103695,0.121717,0.111724,0.094136,0.113079,0.104064,0.113851,3.421571325100115
2023-02,TXN,-0.0256091078349925,9.0,38.0,0.7523,0.0159,28.5874,50.0,31.0,0.130954,0.106781,0.103695,0.121717,0.111724,0.094136,0.113079,0.104064,0.113851,3.432838093696145
2023-03,TXN,0.0849227149326938,13.0,34.0,0.7766,0.0074,26.4044,46.0,30.57,0.125477,0.1059,0.108218,0.116707,0.110367,0.093538,0.120591,0.107035,0.112166,3.4168807547065345
2023-04,TXN,-0.1011236908202376,8.0,47.0,0.7032,0.0059,33.0504,49.0,30.14,0.125477,0.1059,0.108218,0.116707,0.110367,0.093538,0.120591,0.107035,0.112166,3.3832550988786445
2023-05,TXN,0.0399524759664087,22.0,38.0,0.7392,0.0191,28.089599999999997,48.0,31.29,0.125477,0.1059,0.108218,0.116707,0.110367,0.093538,0.120591,0.107035,0.112166,3.411600892960507
2023-06,TXN,0.0432825486770225,11.0,23.0,0.7836,0.0121,18.0228,54.0,32.64,0.125477,0.1059,0.108218,0.116707,0.110367,0.093538,0.120591,0.107035,0.112166,3.382772535668707
2023-07,TXN,-0.0001112271397922,10.0,60.0,0.5762,0.0223,34.572,55.0,30.57,0.125477,0.1059,0.108218,0.116707,0.110367,0.093538,0.120591,0.107035,0.112166,3.4170548895095876
2023-08,TXN,-0.0597731917031612,8.0,49.0,0.6764,0.0078,33.1436,53.0,29.57,0.125477,0.1059,0.108218,0.116707,0.110367,0.093538,0.120591,0.107035,0.112166,3.408778384335069
2023-09,TXN,-0.0538496813812073,11.0,37.0,0.7977,0.0082,29.514899999999997,48.0,30.57,0.125477,0.1059,0.108218,0.116707,0.110367,0.093538,0.120591,0.107035,0.112166,3.3735142559436997
2023-10,TXN,-0.1069114926959992,13.0,79.0,0.4928,0.006,38.931200000000004,51.0,31.0,0.125477,0.1059,0.108218,0.116707,0.110367,0.093538,0.120591,0.107035,0.112166,3.354691463767155
2023-11,TXN,0.0852039447636179,7.0,54.0,0.7295,0.0105,39.393,49.0,31.86,0.125477,0.1059,0.108218,0.116707,0.110367,0.093538,0.120591,0.107035,0.112166,3.3438822240299757
2023-12,TXN,0.1162332261950866,6.0,24.0,0.7294,0.0054,17.5056,55.0,30.79,0.132085,0.106671,0.103859,0.121512,0.111179,0.093192,0.112465,0.104108,0.114929,3.3023668521072955
2024-01,TXN,-0.0606593194826859,28.0,62.0,0.6986,0.0085,43.3132,56.0,32.79,0.132085,0.106671,0.103859,0.121512,0.111179,0.093192,0.112465,0.104108,0.114929,3.2888156433656057
2024-02,TXN,0.0532754185191592,19.0,26.0,0.6208,0.0229,16.1408,54.0,36.07,0.132085,0.106671,0.103859,0.121512,0.111179,0.093192,0.112465,0.104108,0.114929,3.3189367719595215
2024-03,TXN,0.0411162290898516,8.0,14.0,0.7994,0.0161,11.1916,62.0,35.86,0.125477,0.1059,0.108218,0.116707,0.110367,0.093538,0.120591,0.107035,0.112166,3.330327062647855
2024-04,TXN,0.0126858927801252,14.0,53.0,0.7723,0.0248,40.9319,53.0,35.29,0.125477,0.1059,0.108218,0.116707,0.110367,0.093538,0.120591,0.107035,0.112166,3.3783657864378
2024-05,TXN,0.1053734018860572,20.0,34.0,0.7848,0.0174,26.683200000000003,57.0,36.21,0.125477,0.1059,0.108218,0.116707,0.110367,0.093538,0.120591,0.107035,0.112166,3.3831193281778247
2024-06,TXN,0.0047283039144527,13.0,20.0,0.7593,0.0175,15.186,54.0,34.0,0.125477,0.1059,0.108218,0.116707,0.110367,0.093538,0.120591,0.107035,0.112166,3.3316685230151895
2024-07,TXN,0.0477047246038897,18.0,52.0,0.7202,0.0168,37.450399999999995,68.0,32.57,0.125477,0.1059,0.108218,0.116707,0.110367,0.093538,0.120591,0.107035,0.112166,3.38153170190534
2024-08,TXN,0.0585122893926615,10.0,39.0,0.7399,0.0213,28.8561,61.0,33.07,0.125477,0.1059,0.108218,0.116707,0.110367,0.093538,0.120591,0.107035,0.112166,3.3958076382399387
2024-09,TXN,-0.0362508391190038,11.0,20.0,0.8782,0.0141,17.564,58.0,35.36,0.125477,0.1059,0.108218,0.116707,0.110367,0.093538,0.120591,0.107035,0.112166,3.3782801363702153
2024-10,TXN,-0.0165075629440244,16.0,20.0,0.7482,0.0057,14.963999999999999,61.0,36.21,0.125477,0.1059,0.108218,0.116707,0.110367,0.093538,0.120591,0.107035,0.112166,3.348614779648271
2024-11,TXN,-0.0039697270409937,7.0,0.0,0.0,0.0,0.0,55.0,38.36,0.125477,0.1059,0.108218,0.116707,0.110367,0.093538,0.120591,0.107035,0.112166,3.279112019385239
2024-12,TXN,-0.0672537539131463,25.0,15.0,0.8195,0.0272,12.2925,61.0,37.14,0.129874,0.106958,0.104424,0.121783,0.111878,0.094527,0.113544,0.103675,0.113337,3.3770697865089385
2025-01,TXN,-0.0154657852469231,11.0,52.0,0.746,0.019,38.792,68.0,38.79,0.129874,0.106958,0.104424,0.121783,0.111878,0.094527,0.113544,0.103675,0.113337,3.406619159880365
2025-02,TXN,0.069494259926919,8.0,28.0,0.9583,0.024,26.8324,64.0,41.43,0.129874,0.106958,0.104424,0.121783,0.111878,0.094527,0.113544,0.103675,0.113337,3.4205284302567973
2025-03,TXN,-0.0831165759558937,19.0,39.0,0.8951,0.0292,34.9089,60.0,39.86,0.12549,0.104131,0.109682,0.117289,0.111629,0.092033,0.120047,0.106789,0.11291,3.4409706785273526
2025-04,TXN,-0.1093489129474009,7.0,89.0,0.7117,0.0193,63.3413,76.0,40.07,0.12549,0.104131,0.109682,0.117289,0.111629,0.092033,0.120047,0.106789,0.11291,3.4923728003090617
2025-05,TXN,0.1522024349598127,23.0,42.0,0.9794,0.014,41.1348,59.0,40.21,0.12549,0.104131,0.109682,0.117289,0.111629,0.092033,0.120047,0.106789,0.11291,3.5143157831941494
2025-06,TXN,0.1354661167845727,8.0,104.0,0.825,0.0174,85.8,57.0,45.64,0.127314,0.104379,0.109167,0.11871,0.111106,0.092752,0.119957,0.104007,0.112609,3.511326092694005
2025-07,TXN,-0.1279261686484675,10.0,259.0,0.722,0.0137,186.998,84.0,48.5,0.127314,0.104379,0.109167,0.11871,0.111106,0.092752,0.119957,0.104007,0.112609,3.584329978009087
2025-08,TXN,0.1263864226982625,10.0,133.0,0.8628,0.0184,114.7524,78.0,87.57,0.127314,0.104379,0.109167,0.11871,0.111106,0.092752,0.119957,0.104007,0.112609,3.5962519428136113
2025-09,TXN,-0.0926017671125329,6.0,166.0,0.6743,0.0147,111.9338,100.0,86.07,0.127866,0.104028,0.108864,0.119271,0.111126,0.092675,0.119266,0.104258,0.112647,3.6564646460613885
2025-10,TXN,-0.1212103616584763,12.0,235.0,0.7521,0.0135,176.7435,91.0,86.86,0.127866,0.104028,0.108864,0.119271,0.111126,0.092675,0.119266,0.104258,0.112647,3.6848179454773313
2025-11,TXN,0.051479858190425,11.0,89.0,0.8649,0.0212,76.9761,71.0,91.29,0.127866,0.104028,0.108864,0.119271,0.111126,0.092675,0.119266,0.104258,0.112647,3.665852884679736
2025-12,TXN,0.0310215514564426,4.0,98.0,0.8875,0.0202,86.975,69.0,86.86,0.129873,0.106994,0.104413,0.121774,0.111845,0.094531,0.113492,0.103715,0.113363,3.61464997892321
